date,region,category,orders,revenue,active_users,churned_users
2024-01-01,North India,Electronics,4,13416.45,7,0
2024-01-02,North India,Electronics,5,14274.01,7,0
2024-01-03,North India,Electronics,4,9760.63,6,0
2024-01-04,North India,Electronics,4,11606.75,7,0
2024-01-05,North India,Electronics,9,26511.73,13,0
2024-01-06,North India,Electronics,7,17252.33,13,0
2024-01-07,North India,Electronics,8,29287.81,12,0
2024-01-08,North India,Electronics,9,34957.16,12,0
2024-01-09,North India,Electronics,6,18947.36,8,0
2024-01-10,North India,Electronics,8,29596.21,12,0
2024-01-11,North India,Electronics,2,6762.59,3,0
2024-01-12,North India,Electronics,8,26641.25,12,0
2024-01-13,North India,Electronics,7,26903.73,12,0
2024-01-14,North India,Electronics,8,26038.63,13,0
2024-01-15,North India,Electronics,6,18672.16,9,0
2024-01-16,North India,Electronics,7,22222.44,10,0
2024-01-17,North India,Electronics,7,24355.25,10,0
2024-01-18,North India,Electronics,8,32491.5,13,0
2024-01-19,North India,Electronics,9,22614.67,15,0
2024-01-20,North India,Electronics,11,34997.92,17,0
2024-01-21,North India,Electronics,13,35495.3,20,1
2024-01-22,North India,Electronics,10,33835.6,16,0
2024-01-23,North India,Electronics,3,10477.05,5,0
2024-01-24,North India,Electronics,4,11812.68,6,0
2024-01-25,North India,Electronics,6,23787.9,8,0
2024-01-26,North India,Electronics,3,10870.41,5,0
2024-01-27,North India,Electronics,8,23284.53,11,0
2024-01-28,North India,Electronics,6,21381.07,9,0
2024-01-29,North India,Electronics,8,17493.61,11,0
2024-01-30,North India,Electronics,11,34426.36,15,0
2024-01-31,North India,Electronics,3,9440.93,5,0
2024-02-01,North India,Electronics,10,31564.45,17,0
2024-02-02,North India,Electronics,8,29327.55,14,0
2024-02-03,North India,Electronics,12,39488.14,20,0
2024-02-04,North India,Electronics,5,16374.04,8,0
2024-02-05,North India,Electronics,3,10942.41,4,0
2024-02-06,North India,Electronics,5,16289.31,8,0
2024-02-07,North India,Electronics,6,17561.51,9,0
2024-02-08,North India,Electronics,7,23024.99,11,0
2024-02-09,North India,Electronics,5,18928.55,9,0
2024-02-10,North India,Electronics,13,49653.67,20,1
2024-02-11,North India,Electronics,16,44976.7,23,1
2024-02-12,North India,Electronics,7,19504.44,12,0
2024-02-13,North India,Electronics,2,7281.69,3,0
2024-02-14,North India,Electronics,1,2981.12,1,0
2024-02-15,North India,Electronics,10,23082.09,15,0
2024-02-16,North India,Electronics,4,13193.3,5,0
2024-02-17,North India,Electronics,7,21668.27,10,0
2024-02-18,North India,Electronics,7,20323.9,12,0
2024-02-19,North India,Electronics,6,18614.21,9,0
2024-02-20,North India,Electronics,6,19528.32,9,0
2024-02-21,North India,Electronics,6,16213.85,10,0
2024-02-22,North India,Electronics,5,17027.24,9,0
2024-02-23,North India,Electronics,3,9012.53,4,0
2024-02-24,North India,Electronics,12,28304.35,21,0
2024-02-25,North India,Electronics,7,17479.11,11,0
2024-02-26,North India,Electronics,6,16700.33,10,0
2024-02-27,North India,Electronics,7,16218.37,12,0
2024-02-28,North India,Electronics,7,22274.0,12,0
2024-02-29,North India,Electronics,11,37613.99,20,0
2024-03-01,North India,Electronics,7,19421.42,12,0
2024-03-02,North India,Electronics,9,35086.23,15,0
2024-03-03,North India,Electronics,10,40262.72,16,0
2024-03-04,North India,Electronics,11,37684.14,20,1
2024-03-05,North India,Electronics,5,17483.88,7,0
2024-03-06,North India,Electronics,6,21217.43,8,0
2024-03-07,North India,Electronics,3,10397.42,5,0
2024-03-08,North India,Electronics,7,19991.66,10,0
2024-03-09,North India,Electronics,8,30597.76,14,0
2024-03-10,North India,Electronics,6,14987.43,9,0
2024-03-11,North India,Electronics,4,12819.78,7,0
2024-03-12,North India,Electronics,4,13354.67,5,0
2024-03-13,North India,Electronics,7,20381.04,11,0
2024-03-14,North India,Electronics,8,19352.82,12,0
2024-03-15,North India,Electronics,6,17028.31,11,0
2024-03-16,North India,Electronics,5,13426.11,9,0
2024-03-17,North India,Electronics,7,30038.82,12,0
2024-03-18,North India,Electronics,6,16616.74,10,0
2024-03-19,North India,Electronics,3,9082.3,4,0
2024-03-20,North India,Electronics,4,13765.13,6,0
2024-03-21,North India,Electronics,6,21198.2,11,0
2024-03-22,North India,Electronics,11,32200.11,19,1
2024-03-23,North India,Electronics,12,35696.36,20,0
2024-03-24,North India,Electronics,10,30792.01,18,0
2024-03-25,North India,Electronics,13,45507.76,19,0
2024-03-26,North India,Electronics,3,7473.36,5,0
2024-03-27,North India,Electronics,7,24495.56,11,0
2024-03-28,North India,Electronics,6,20336.94,9,0
2024-03-29,North India,Electronics,9,24987.32,16,0
2024-03-30,North India,Electronics,12,44367.29,19,0
2024-03-31,North India,Electronics,12,39319.31,18,0
2024-04-01,North India,Electronics,14,24313.6,23,1
2024-04-02,North India,Electronics,6,19030.62,9,0
2024-04-03,North India,Electronics,8,25856.14,13,0
2024-04-04,North India,Electronics,5,15372.46,7,0
2024-04-05,North India,Electronics,2,6146.7,3,0
2024-04-06,North India,Electronics,9,33973.88,15,0
2024-04-07,North India,Electronics,10,28355.07,17,0
2024-04-08,North India,Electronics,9,31005.22,16,0
2024-04-09,North India,Electronics,4,14086.78,6,0
2024-04-10,North India,Electronics,3,8109.35,4,0
2024-04-11,North India,Electronics,6,23931.67,9,0
2024-04-12,North India,Electronics,3,8727.45,4,0
2024-04-13,North India,Electronics,4,11758.58,6,0
2024-04-14,North India,Electronics,5,14529.26,8,0
2024-04-15,North India,Electronics,8,28235.31,13,0
2024-04-16,North India,Electronics,8,22706.72,14,0
2024-04-17,North India,Electronics,2,5777.78,3,0
2024-04-18,North India,Electronics,5,17614.26,9,0
2024-04-19,North India,Electronics,9,33378.53,15,0
2024-04-20,North India,Electronics,10,34587.39,16,0
2024-04-21,North India,Electronics,8,26568.3,11,0
2024-04-22,North India,Electronics,5,17221.85,7,0
2024-04-23,North India,Electronics,6,21453.84,8,0
2024-04-24,North India,Electronics,4,11580.22,7,0
2024-04-25,North India,Electronics,5,18240.08,7,0
2024-04-26,North India,Electronics,8,25220.69,13,0
2024-04-27,North India,Electronics,9,32900.14,15,0
2024-04-28,North India,Electronics,15,52729.04,26,1
2024-04-29,North India,Electronics,8,18934.44,12,0
2024-04-30,North India,Electronics,5,17800.18,8,0
2024-05-01,North India,Electronics,4,13809.44,6,0
2024-05-02,North India,Electronics,7,22539.41,9,0
2024-05-03,North India,Electronics,4,12792.07,6,0
2024-05-04,North India,Electronics,10,25772.14,16,0
2024-05-05,North India,Electronics,12,36273.65,20,0
2024-05-06,North India,Electronics,7,18024.91,11,0
2024-05-07,North India,Electronics,2,7109.38,3,0
2024-05-08,North India,Electronics,7,18650.83,12,0
2024-05-09,North India,Electronics,3,9533.53,5,0
2024-05-10,North India,Electronics,3,7868.9,5,0
2024-05-11,North India,Electronics,13,47143.48,22,0
2024-05-12,North India,Electronics,15,43001.16,26,0
2024-05-13,North India,Electronics,3,10643.5,4,0
2024-05-14,North India,Electronics,9,30711.19,16,0
2024-05-15,North India,Electronics,7,23154.69,12,0
2024-05-16,North India,Electronics,8,26098.31,12,0
2024-05-17,North India,Electronics,3,8767.87,5,0
2024-05-18,North India,Electronics,7,19089.49,12,0
2024-05-19,North India,Electronics,6,19027.88,8,0
2024-05-20,North India,Electronics,6,16781.64,9,0
2024-05-21,North India,Electronics,3,10830.13,4,0
2024-05-22,North India,Electronics,2,6163.55,3,0
2024-05-23,North India,Electronics,5,14057.26,7,0
2024-05-24,North India,Electronics,10,22352.65,14,0
2024-05-25,North India,Electronics,10,38377.76,14,0
2024-05-26,North India,Electronics,8,25482.22,12,0
2024-05-27,North India,Electronics,6,20224.02,9,0
2024-05-28,North India,Electronics,9,38586.12,15,0
2024-05-29,North India,Electronics,15,44042.45,25,1
2024-05-30,North India,Electronics,14,43995.44,20,0
2024-05-31,North India,Electronics,9,26211.94,16,0
2024-06-01,North India,Electronics,13,39590.25,22,0
2024-06-02,North India,Electronics,10,28720.06,18,0
2024-06-03,North India,Electronics,2,7050.24,3,0
2024-06-04,North India,Electronics,4,14429.0,6,0
2024-06-05,North India,Electronics,7,23942.63,11,0
2024-06-06,North India,Electronics,1,2414.33,1,0
2024-06-07,North India,Electronics,9,22543.54,12,0
2024-06-08,North India,Electronics,9,18639.55,13,0
2024-06-09,North India,Electronics,7,22950.87,10,0
2024-06-10,North India,Electronics,4,11811.3,7,0
2024-06-11,North India,Electronics,9,22432.67,13,0
2024-06-12,North India,Electronics,6,16399.26,10,0
2024-06-13,North India,Electronics,9,26667.58,14,0
2024-06-14,North India,Electronics,5,14689.41,8,0
2024-06-15,North India,Electronics,8,25471.21,11,0
2024-06-16,North India,Electronics,15,49630.51,27,1
2024-06-17,North India,Electronics,6,17847.53,11,0
2024-06-18,North India,Electronics,7,23812.05,9,0
2024-06-19,North India,Electronics,8,31652.14,13,0
2024-06-20,North India,Electronics,6,13631.66,9,0
2024-06-21,North India,Electronics,10,24784.52,17,0
2024-06-22,North India,Electronics,8,25934.85,12,0
2024-06-23,North India,Electronics,12,43910.65,19,0
2024-06-24,North India,Electronics,6,20262.02,11,0
2024-06-25,North India,Electronics,5,16977.57,7,0
2024-06-26,North India,Electronics,4,9675.09,7,0
2024-06-27,North India,Electronics,5,20206.7,8,0
2024-06-28,North India,Electronics,5,17599.06,8,0
2024-06-29,North India,Electronics,12,42345.05,18,0
2024-06-30,North India,Electronics,17,63933.31,28,1
2024-07-01,North India,Electronics,5,20258.95,9,0
2024-07-02,North India,Electronics,4,14570.89,5,0
2024-07-03,North India,Electronics,5,13060.71,7,0
2024-07-04,North India,Electronics,6,20719.61,8,0
2024-07-05,North India,Electronics,7,25334.42,12,0
2024-07-06,North India,Electronics,5,13870.63,7,0
2024-07-07,North India,Electronics,7,28606.76,10,0
2024-07-08,North India,Electronics,3,10132.45,5,0
2024-07-09,North India,Electronics,5,18229.98,7,0
2024-07-10,North India,Electronics,3,8062.31,4,0
2024-07-11,North India,Electronics,11,40606.44,17,0
2024-07-12,North India,Electronics,5,16100.95,9,0
2024-07-13,North India,Electronics,9,36962.49,15,0
2024-07-14,North India,Electronics,6,18087.83,8,0
2024-07-15,North India,Electronics,10,24378.11,15,0
2024-07-16,North India,Electronics,7,19405.04,10,0
2024-07-17,North India,Electronics,9,23242.65,15,0
2024-07-18,North India,Electronics,9,26966.81,13,0
2024-07-19,North India,Electronics,8,26715.11,12,0
2024-07-20,North India,Electronics,15,40049.22,27,0
2024-07-21,North India,Electronics,8,33259.97,14,0
2024-07-22,North India,Electronics,4,14835.77,5,0
2024-07-23,North India,Electronics,5,18940.15,8,0
2024-07-24,North India,Electronics,6,17956.03,8,0
2024-07-25,North India,Electronics,2,7412.17,3,0
2024-07-26,North India,Electronics,9,30251.06,15,0
2024-07-27,North India,Electronics,11,37996.48,19,0
2024-07-28,North India,Electronics,8,19924.17,11,0
2024-07-29,North India,Electronics,4,11852.4,6,0
2024-07-30,North India,Electronics,10,28773.48,17,0
2024-07-31,North India,Electronics,4,13631.53,7,0
2024-08-01,North India,Electronics,4,13135.59,6,0
2024-08-02,North India,Electronics,4,8460.4,7,0
2024-08-03,North India,Electronics,11,37438.87,18,0
2024-08-04,North India,Electronics,8,23972.09,12,0
2024-08-05,North India,Electronics,3,7421.5,4,0
2024-08-06,North India,Electronics,6,24252.31,10,0
2024-08-07,North India,Electronics,4,11706.96,6,0
2024-08-08,North India,Electronics,8,25613.63,11,0
2024-08-09,North India,Electronics,9,24791.79,14,0
2024-08-10,North India,Electronics,12,35760.86,22,0
2024-08-11,North India,Electronics,11,30227.22,16,0
2024-08-12,North India,Electronics,10,34697.38,14,0
2024-08-13,North India,Electronics,7,23580.01,11,0
2024-08-14,North India,Electronics,3,9238.85,5,0
2024-08-15,North India,Electronics,3,10241.48,4,0
2024-08-16,North India,Electronics,6,17444.84,10,0
2024-08-17,North India,Electronics,9,30485.74,14,0
2024-08-18,North India,Electronics,16,51737.12,27,0
2024-08-19,North India,Electronics,2,6848.36,3,0
2024-08-20,North India,Electronics,9,32218.2,12,0
2024-08-21,North India,Electronics,4,11089.93,6,0
2024-08-22,North India,Electronics,8,25202.14,14,0
2024-08-23,North India,Electronics,6,19531.11,11,0
2024-08-24,North India,Electronics,16,48714.76,28,0
2024-08-25,North India,Electronics,12,29318.64,21,0
2024-08-26,North India,Electronics,8,20353.1,14,0
2024-08-27,North India,Electronics,7,19290.48,11,0
2024-08-28,North India,Electronics,7,21458.52,12,0
2024-08-29,North India,Electronics,8,29569.61,14,0
2024-08-30,North India,Electronics,7,18328.12,12,0
2024-08-31,North India,Electronics,11,25411.84,16,0
2024-09-01,North India,Electronics,7,18359.47,11,0
2024-09-02,North India,Electronics,4,11504.18,6,0
2024-09-03,North India,Electronics,7,21261.8,11,0
2024-09-04,North India,Electronics,3,9743.64,5,0
2024-09-05,North India,Electronics,3,9456.79,4,0
2024-09-06,North India,Electronics,4,13483.07,6,0
2024-09-07,North India,Electronics,6,17096.76,9,0
2024-09-08,North India,Electronics,14,52697.94,22,1
2024-09-09,North India,Electronics,9,38511.75,14,0
2024-09-10,North India,Electronics,3,9569.09,4,0
2024-09-11,North India,Electronics,4,13400.77,5,0
2024-09-12,North India,Electronics,4,13176.06,6,0
2024-09-13,North India,Electronics,10,24041.75,15,0
2024-09-14,North India,Electronics,12,31981.46,17,0
2024-09-15,North India,Electronics,4,15324.86,7,0
2024-09-16,North India,Electronics,4,11341.49,6,0
2024-09-17,North India,Electronics,7,29248.2,12,0
2024-09-18,North India,Electronics,5,14147.4,7,0
2024-09-19,North India,Electronics,3,8552.62,4,0
2024-09-20,North India,Electronics,3,12165.74,5,0
2024-09-21,North India,Electronics,11,38318.98,15,0
2024-09-22,North India,Electronics,10,29068.85,15,0
2024-09-23,North India,Electronics,4,11909.35,6,0
2024-09-24,North India,Electronics,10,31210.36,17,0
2024-09-25,North India,Electronics,10,30440.49,16,0
2024-09-26,North India,Electronics,6,16368.41,8,0
2024-09-27,North India,Electronics,8,28192.23,11,0
2024-09-28,North India,Electronics,10,30170.89,18,0
2024-09-29,North India,Electronics,7,21460.46,11,0
2024-09-30,North India,Electronics,11,32193.16,15,0
2024-10-01,North India,Electronics,7,25603.41,11,0
2024-10-02,North India,Electronics,13,40968.73,20,0
2024-10-03,North India,Electronics,13,49346.82,23,0
2024-10-04,North India,Electronics,14,60066.14,23,1
2024-10-05,North India,Electronics,18,61909.71,27,1
2024-10-06,North India,Electronics,17,47481.14,27,1
2024-10-07,North India,Electronics,17,52984.36,28,1
2024-10-08,North India,Electronics,8,31715.81,13,0
2024-10-09,North India,Electronics,10,31813.36,18,0
2024-10-10,North India,Electronics,18,72901.95,29,0
2024-10-11,North India,Electronics,11,32962.39,17,0
2024-10-12,North India,Electronics,9,27537.22,16,0
2024-10-13,North India,Electronics,12,34804.8,18,0
2024-10-14,North India,Electronics,14,49119.45,21,0
2024-10-15,North India,Electronics,4,11755.66,6,0
2024-10-16,North India,Electronics,6,17666.25,11,0
2024-10-17,North India,Electronics,8,26362.04,12,0
2024-10-18,North India,Electronics,8,23440.62,13,0
2024-10-19,North India,Electronics,11,36071.04,20,0
2024-10-20,North India,Electronics,13,38696.07,23,0
2024-10-21,North India,Electronics,6,23752.22,9,0
2024-10-22,North India,Electronics,8,23702.4,11,0
2024-10-23,North India,Electronics,11,41477.15,19,1
2024-10-24,North India,Electronics,15,42697.9,22,0
2024-10-25,North India,Electronics,10,36032.24,15,0
2024-10-26,North India,Electronics,15,35427.78,21,0
2024-10-27,North India,Electronics,15,66458.39,22,0
2024-10-28,North India,Electronics,9,30811.1,13,0
2024-10-29,North India,Electronics,17,48307.66,31,1
2024-10-30,North India,Electronics,12,33882.7,19,0
2024-10-31,North India,Electronics,17,63042.99,29,0
2024-11-01,North India,Electronics,8,26209.44,11,0
2024-11-02,North India,Electronics,19,70914.33,30,0
2024-11-03,North India,Electronics,23,68114.5,35,0
2024-11-04,North India,Electronics,10,32637.28,17,0
2024-11-05,North India,Electronics,13,26795.81,23,0
2024-11-06,North India,Electronics,10,27125.72,14,0
2024-11-07,North India,Electronics,14,38122.57,19,0
2024-11-08,North India,Electronics,11,33637.21,16,0
2024-11-09,North India,Electronics,19,63165.7,33,0
2024-11-10,North India,Electronics,23,91158.3,32,0
2024-11-11,North India,Electronics,13,46350.7,20,0
2024-11-12,North India,Electronics,16,52783.8,27,1
2024-11-13,North India,Electronics,13,44303.9,20,1
2024-11-14,North India,Electronics,9,35489.46,14,0
2024-11-15,North India,Electronics,16,55233.8,25,1
2024-11-16,North India,Electronics,15,45395.36,22,0
2024-11-17,North India,Electronics,19,73826.02,35,1
2024-11-18,North India,Electronics,9,29004.42,16,0
2024-11-19,North India,Electronics,8,26574.52,11,0
2024-11-20,North India,Electronics,6,21572.71,9,0
2024-11-21,North India,Electronics,11,26977.2,16,0
2024-11-22,North India,Electronics,9,32213.64,15,0
2024-11-23,North India,Electronics,15,54443.25,21,1
2024-11-24,North India,Electronics,17,53989.95,24,1
2024-11-25,North India,Electronics,11,43562.38,16,0
2024-11-26,North India,Electronics,10,32879.52,14,0
2024-11-27,North India,Electronics,7,24427.72,10,0
2024-11-28,North India,Electronics,17,59205.39,26,0
2024-11-29,North India,Electronics,10,32173.13,16,0
2024-11-30,North India,Electronics,19,59987.23,34,0
2024-12-01,North India,Electronics,8,19253.46,13,0
2024-12-02,North India,Electronics,5,20061.93,7,0
2024-12-03,North India,Electronics,6,15430.9,9,0
2024-12-04,North India,Electronics,4,12137.44,6,0
2024-12-05,North India,Electronics,12,42216.08,20,0
2024-12-06,North India,Electronics,9,32839.02,14,0
2024-12-07,North India,Electronics,5,13251.95,8,0
2024-12-08,North India,Electronics,11,41405.6,18,0
2024-12-09,North India,Electronics,6,17281.81,9,0
2024-12-10,North India,Electronics,4,11357.77,6,0
2024-12-11,North India,Electronics,2,6656.58,3,0
2024-12-12,North India,Electronics,6,18825.3,9,0
2024-12-13,North India,Electronics,6,19866.61,9,0
2024-12-14,North India,Electronics,7,16249.89,11,0
2024-12-15,North India,Electronics,8,23930.74,11,0
2024-12-16,North India,Electronics,7,20801.46,12,0
2024-12-17,North India,Electronics,6,22329.46,11,0
2024-12-18,North India,Electronics,8,29852.13,14,0
2024-12-19,North India,Electronics,5,16899.16,9,0
2024-12-20,North India,Electronics,6,16106.42,10,0
2024-12-21,North India,Electronics,12,48168.05,17,0
2024-12-22,North India,Electronics,6,18932.8,8,0
2024-12-23,North India,Electronics,5,15535.42,8,0
2024-12-24,North India,Electronics,5,14516.25,8,0
2024-12-25,North India,Electronics,6,24032.22,9,0
2024-12-26,North India,Electronics,4,16263.71,6,0
2024-12-27,North India,Electronics,4,11893.29,7,0
2024-12-28,North India,Electronics,13,47939.39,21,0
2024-12-29,North India,Electronics,10,29058.14,15,0
2024-12-30,North India,Electronics,11,33185.82,16,0
2024-12-31,North India,Electronics,7,27461.77,11,0
2025-01-01,North India,Electronics,6,18964.76,8,0
2025-01-02,North India,Electronics,6,25821.59,9,0
2025-01-03,North India,Electronics,8,31851.17,12,0
2025-01-04,North India,Electronics,9,33930.43,14,0
2025-01-05,North India,Electronics,17,36018.85,24,0
2025-01-06,North India,Electronics,6,19499.16,9,0
2025-01-07,North India,Electronics,8,17961.83,13,0
2025-01-08,North India,Electronics,5,14011.56,7,0
2025-01-09,North India,Electronics,8,29230.26,11,0
2025-01-10,North India,Electronics,7,24702.59,12,0
2025-01-11,North India,Electronics,20,64995.48,35,0
2025-01-12,North India,Electronics,12,32414.8,21,1
2025-01-13,North India,Electronics,7,19937.52,11,0
2025-01-14,North India,Electronics,12,41681.02,20,0
2025-01-15,North India,Electronics,5,19497.97,7,0
2025-01-16,North India,Electronics,7,20730.83,10,0
2025-01-17,North India,Electronics,4,14555.18,5,0
2025-01-18,North India,Electronics,17,52244.6,26,0
2025-01-19,North India,Electronics,6,18869.43,9,0
2025-01-20,North India,Electronics,1,2987.3,1,0
2025-01-21,North India,Electronics,3,7370.33,4,0
2025-01-22,North India,Electronics,4,15937.4,7,0
2025-01-23,North India,Electronics,8,25685.71,12,0
2025-01-24,North India,Electronics,9,29773.62,15,0
2025-01-25,North India,Electronics,10,30520.37,18,0
2025-01-26,North India,Electronics,6,19135.68,11,0
2025-01-27,North India,Electronics,8,21628.91,13,0
2025-01-28,North India,Electronics,11,38324.17,18,0
2025-01-29,North India,Electronics,7,21996.61,11,0
2025-01-30,North India,Electronics,12,33013.72,18,0
2025-01-31,North India,Electronics,6,15878.51,9,0
2025-02-01,North India,Electronics,14,35935.83,24,1
2025-02-02,North India,Electronics,11,37459.53,19,1
2025-02-03,North India,Electronics,4,13405.34,5,0
2025-02-04,North India,Electronics,9,35886.06,16,0
2025-02-05,North India,Electronics,9,24829.35,14,0
2025-02-06,North India,Electronics,9,29332.01,14,0
2025-02-07,North India,Electronics,12,31646.03,19,0
2025-02-08,North India,Electronics,15,51120.61,28,0
2025-02-09,North India,Electronics,9,34954.31,13,0
2025-02-10,North India,Electronics,5,19208.44,9,0
2025-02-11,North India,Electronics,9,29188.83,16,0
2025-02-12,North India,Electronics,7,21943.12,12,0
2025-02-13,North India,Electronics,2,6756.87,3,0
2025-02-14,North India,Electronics,8,19010.71,11,0
2025-02-15,North India,Electronics,10,29585.89,14,0
2025-02-16,North India,Electronics,10,32200.15,17,0
2025-02-17,North India,Electronics,6,18487.49,9,0
2025-02-18,North India,Electronics,5,15223.53,8,0
2025-02-19,North India,Electronics,4,13267.83,5,0
2025-02-20,North India,Electronics,7,21329.77,12,0
2025-02-21,North India,Electronics,9,29430.87,14,0
2025-02-22,North India,Electronics,14,45352.84,21,0
2025-02-23,North India,Electronics,8,23596.63,12,0
2025-02-24,North India,Electronics,4,13689.81,6,0
2025-02-25,North India,Electronics,3,9699.03,5,0
2025-02-26,North India,Electronics,6,21614.56,9,0
2025-02-27,North India,Electronics,6,16493.39,9,0
2025-02-28,North India,Electronics,6,22020.85,9,0
2025-03-01,North India,Electronics,3,9749.56,4,0
2025-03-02,North India,Electronics,9,28898.48,14,0
2025-03-03,North India,Electronics,9,26774.61,13,0
2025-03-04,North India,Electronics,5,16547.91,8,0
2025-03-05,North India,Electronics,7,21969.16,12,0
2025-03-06,North India,Electronics,4,12431.7,5,0
2025-03-07,North India,Electronics,6,18860.63,10,0
2025-03-08,North India,Electronics,7,31561.95,13,0
2025-03-09,North India,Electronics,13,45760.03,23,0
2025-03-10,North India,Electronics,10,27022.87,17,0
2025-03-11,North India,Electronics,10,24616.11,17,0
2025-03-12,North India,Electronics,8,25673.89,15,0
2025-03-13,North India,Electronics,7,23114.47,9,0
2025-03-14,North India,Electronics,10,36977.02,18,0
2025-03-15,North India,Electronics,12,41196.63,19,1
2025-03-16,North India,Electronics,15,51388.65,24,0
2025-03-17,North India,Electronics,4,15190.51,6,0
2025-03-18,North India,Electronics,7,23451.19,10,0
2025-03-19,North India,Electronics,11,48120.13,18,0
2025-03-20,North India,Electronics,5,13787.85,8,0
2025-03-21,North India,Electronics,7,18092.72,13,0
2025-03-22,North India,Electronics,11,43329.0,20,0
2025-03-23,North India,Electronics,11,30788.66,15,0
2025-03-24,North India,Electronics,5,15807.79,7,0
2025-03-25,North India,Electronics,6,18157.38,9,0
2025-03-26,North India,Electronics,11,31863.13,16,0
2025-03-27,North India,Electronics,7,24689.53,9,0
2025-03-28,North India,Electronics,12,39009.17,18,0
2025-03-29,North India,Electronics,16,53579.22,23,1
2025-03-30,North India,Electronics,15,38700.38,23,0
2025-03-31,North India,Electronics,5,14890.15,8,0
2025-04-01,North India,Electronics,10,35520.89,17,0
2025-04-02,North India,Electronics,8,29343.68,14,0
2025-04-03,North India,Electronics,9,28616.68,13,0
2025-04-04,North India,Electronics,6,16677.56,9,0
2025-04-05,North India,Electronics,12,31036.87,19,1
2025-04-06,North India,Electronics,16,40669.45,27,1
2025-04-07,North India,Electronics,7,23951.89,11,0
2025-04-08,North India,Electronics,8,25451.06,11,0
2025-04-09,North India,Electronics,8,27037.66,14,0
2025-04-10,North India,Electronics,2,6087.25,3,0
2025-04-11,North India,Electronics,3,11617.72,5,0
2025-04-12,North India,Electronics,11,32923.25,20,1
2025-04-13,North India,Electronics,11,34962.53,16,0
2025-04-14,North India,Electronics,6,18078.26,8,0
2025-04-15,North India,Electronics,8,20480.26,14,0
2025-04-16,North India,Electronics,4,13431.26,7,0
2025-04-17,North India,Electronics,9,42027.09,17,0
2025-04-18,North India,Electronics,8,28144.19,14,0
2025-04-19,North India,Electronics,8,22581.87,13,0
2025-04-20,North India,Electronics,7,23618.54,12,0
2025-04-21,North India,Electronics,7,22395.43,11,0
2025-04-22,North India,Electronics,6,19797.19,9,0
2025-04-23,North India,Electronics,8,21359.84,13,0
2025-04-24,North India,Electronics,6,17681.32,10,0
2025-04-25,North India,Electronics,6,17696.07,9,0
2025-04-26,North India,Electronics,13,35272.74,20,0
2025-04-27,North India,Electronics,5,15636.12,7,0
2025-04-28,North India,Electronics,6,20949.1,9,0
2025-04-29,North India,Electronics,13,49606.02,19,0
2025-04-30,North India,Electronics,8,24263.73,13,0
2025-05-01,North India,Electronics,8,21589.06,13,0
2025-05-02,North India,Electronics,4,16856.67,6,0
2025-05-03,North India,Electronics,7,19670.18,10,0
2025-05-04,North India,Electronics,6,15927.04,11,0
2025-05-05,North India,Electronics,3,8968.35,4,0
2025-05-06,North India,Electronics,8,27239.09,12,0
2025-05-07,North India,Electronics,10,36326.61,14,0
2025-05-08,North India,Electronics,7,25486.78,10,0
2025-05-09,North India,Electronics,8,20272.29,13,0
2025-05-10,North India,Electronics,10,33897.33,17,0
2025-05-11,North India,Electronics,8,21310.92,11,0
2025-05-12,North India,Electronics,6,20433.72,8,0
2025-05-13,North India,Electronics,2,7451.69,3,0
2025-05-14,North India,Electronics,7,21959.55,11,0
2025-05-15,North India,Electronics,11,34503.32,19,0
2025-05-16,North India,Electronics,5,15830.45,7,0
2025-05-17,North India,Electronics,8,28228.17,14,0
2025-05-18,North India,Electronics,7,20082.97,11,0
2025-05-19,North India,Electronics,8,20548.0,14,0
2025-05-20,North India,Electronics,8,28296.38,11,0
2025-05-21,North India,Electronics,4,14474.86,5,0
2025-05-22,North India,Electronics,7,22859.1,12,0
2025-05-23,North India,Electronics,11,34754.52,17,0
2025-05-24,North India,Electronics,8,27957.84,12,0
2025-05-25,North India,Electronics,8,31839.2,11,0
2025-05-26,North India,Electronics,6,17358.15,11,0
2025-05-27,North India,Electronics,10,27429.62,15,0
2025-05-28,North India,Electronics,9,25756.59,13,0
2025-05-29,North India,Electronics,11,37329.31,19,0
2025-05-30,North India,Electronics,7,25942.63,12,0
2025-05-31,North India,Electronics,12,38838.76,17,0
2025-06-01,North India,Electronics,7,25224.14,9,0
2025-06-02,North India,Electronics,4,11332.57,6,0
2025-06-03,North India,Electronics,9,24894.58,15,0
2025-06-04,North India,Electronics,10,32417.7,18,0
2025-06-05,North India,Electronics,6,20245.2,10,0
2025-06-06,North India,Electronics,9,25176.8,16,0
2025-06-07,North India,Electronics,13,37338.7,22,0
2025-06-08,North India,Electronics,13,33536.96,19,0
2025-06-09,North India,Electronics,5,12898.41,7,0
2025-06-10,North India,Electronics,5,15761.93,7,0
2025-06-11,North India,Electronics,13,43458.57,24,0
2025-06-12,North India,Electronics,4,11798.7,5,0
2025-06-13,North India,Electronics,6,21047.64,10,0
2025-06-14,North India,Electronics,7,24913.61,10,0
2025-06-15,North India,Electronics,5,14307.57,7,0
2025-06-16,North India,Electronics,8,16239.41,11,0
2025-06-17,North India,Electronics,8,24509.31,14,0
2025-06-18,North India,Electronics,10,28720.89,18,0
2025-06-19,North India,Electronics,10,20896.21,15,0
2025-06-20,North India,Electronics,5,13720.08,7,0
2025-06-21,North India,Electronics,8,26039.31,13,0
2025-06-22,North India,Electronics,14,44845.43,23,0
2025-06-23,North India,Electronics,7,22140.44,10,0
2025-06-24,North India,Electronics,7,23852.03,10,0
2025-06-25,North India,Electronics,6,21564.69,8,0
2025-06-26,North India,Electronics,8,27399.53,13,0
2025-06-27,North India,Electronics,3,10195.72,4,0
2025-06-28,North India,Electronics,19,57672.68,29,0
2025-06-29,North India,Electronics,14,35381.54,26,0
2025-06-30,North India,Electronics,9,27271.45,16,0
2025-07-01,North India,Electronics,8,28708.24,12,0
2025-07-02,North India,Electronics,7,22881.28,11,0
2025-07-03,North India,Electronics,8,18626.71,12,0
2025-07-04,North India,Electronics,14,40930.23,23,1
2025-07-05,North India,Electronics,13,49452.33,21,0
2025-07-06,North India,Electronics,12,36014.11,21,0
2025-07-07,North India,Electronics,6,21052.93,10,0
2025-07-08,North India,Electronics,10,28835.46,18,0
2025-07-09,North India,Electronics,9,25469.96,14,0
2025-07-10,North India,Electronics,8,18835.09,14,0
2025-07-11,North India,Electronics,5,21051.28,7,0
2025-07-12,North India,Electronics,4,9300.87,7,0
2025-07-13,North India,Electronics,14,36189.7,20,0
2025-07-14,North India,Electronics,9,23761.07,14,0
2025-07-15,North India,Electronics,8,28302.21,13,0
2025-07-16,North India,Electronics,7,18951.03,12,0
2025-07-17,North India,Electronics,6,24749.07,10,0
2025-07-18,North India,Electronics,11,39879.64,20,0
2025-07-19,North India,Electronics,18,49420.54,28,1
2025-07-20,North India,Electronics,10,26191.69,18,0
2025-07-21,North India,Electronics,4,13274.02,7,0
2025-07-22,North India,Electronics,9,27150.96,13,0
2025-07-23,North India,Electronics,9,37935.7,15,0
2025-07-24,North India,Electronics,7,21493.59,13,0
2025-07-25,North India,Electronics,9,33623.57,15,0
2025-07-26,North India,Electronics,18,51035.42,29,1
2025-07-27,North India,Electronics,10,27577.79,18,0
2025-07-28,North India,Electronics,5,15421.02,7,0
2025-07-29,North India,Electronics,12,39388.1,18,0
2025-07-30,North India,Electronics,6,19727.15,10,0
2025-07-31,North India,Electronics,8,30421.4,12,0
2025-08-01,North India,Electronics,4,17567.89,7,0
2025-08-02,North India,Electronics,8,21197.77,11,0
2025-08-03,North India,Electronics,10,38911.42,16,0
2025-08-04,North India,Electronics,10,31694.57,14,0
2025-08-05,North India,Electronics,6,20773.81,11,0
2025-08-06,North India,Electronics,7,30663.46,12,0
2025-08-07,North India,Electronics,6,19083.32,10,0
2025-08-08,North India,Electronics,10,32457.77,14,0
2025-08-09,North India,Electronics,11,40333.53,16,0
2025-08-10,North India,Electronics,6,21786.19,9,0
2025-08-11,North India,Electronics,6,16024.71,10,0
2025-08-12,North India,Electronics,6,19030.37,8,0
2025-08-13,North India,Electronics,7,19873.3,11,0
2025-08-14,North India,Electronics,12,35039.61,18,0
2025-08-15,North India,Electronics,7,29034.52,11,0
2025-08-16,North India,Electronics,10,33654.25,14,0
2025-08-17,North India,Electronics,10,34662.66,16,0
2025-08-18,North India,Electronics,9,27187.88,12,0
2025-08-19,North India,Electronics,6,21707.91,10,0
2025-08-20,North India,Electronics,7,22759.47,13,0
2025-08-21,North India,Electronics,12,30747.75,18,1
2025-08-22,North India,Electronics,4,11564.09,6,0
2025-08-23,North India,Electronics,9,30475.79,16,0
2025-08-24,North India,Electronics,15,41464.73,24,0
2025-08-25,North India,Electronics,6,19705.78,11,0
2025-08-26,North India,Electronics,6,16807.39,11,0
2025-08-27,North India,Electronics,6,13388.79,9,0
2025-08-28,North India,Electronics,8,26473.8,13,0
2025-08-29,North India,Electronics,10,28744.17,16,0
2025-08-30,North India,Electronics,15,41045.47,27,1
2025-08-31,North India,Electronics,20,50903.99,28,0
2025-09-01,North India,Electronics,4,10214.64,6,0
2025-09-02,North India,Electronics,6,20832.4,11,0
2025-09-03,North India,Electronics,4,13695.9,6,0
2025-09-04,North India,Electronics,6,23793.9,10,0
2025-09-05,North India,Electronics,6,20430.7,11,0
2025-09-06,North India,Electronics,11,38891.84,19,0
2025-09-07,North India,Electronics,12,49100.7,22,0
2025-09-08,North India,Electronics,7,19872.23,11,0
2025-09-09,North India,Electronics,7,25301.89,11,0
2025-09-10,North India,Electronics,7,21548.22,12,0
2025-09-11,North India,Electronics,1,2404.18,1,0
2025-09-12,North India,Electronics,5,16608.94,7,0
2025-09-13,North India,Electronics,12,45193.04,17,1
2025-09-14,North India,Electronics,13,35326.38,22,0
2025-09-15,North India,Electronics,9,32520.01,15,0
2025-09-16,North India,Electronics,13,36603.1,19,0
2025-09-17,North India,Electronics,5,15328.51,8,0
2025-09-18,North India,Electronics,7,29706.53,12,0
2025-09-19,North India,Electronics,7,20498.14,10,0
2025-09-20,North India,Electronics,9,30238.68,12,0
2025-09-21,North India,Electronics,10,33542.25,16,0
2025-09-22,North India,Electronics,7,27508.88,10,0
2025-09-23,North India,Electronics,9,23843.03,16,0
2025-09-24,North India,Electronics,10,33341.07,16,0
2025-09-25,North India,Electronics,8,31854.83,13,0
2025-09-26,North India,Electronics,7,24735.79,12,0
2025-09-27,North India,Electronics,11,30797.93,18,0
2025-09-28,North India,Electronics,19,51257.2,27,1
2025-09-29,North India,Electronics,9,24831.39,13,0
2025-09-30,North India,Electronics,14,42772.03,22,0
2025-10-01,North India,Electronics,12,30342.09,22,0
2025-10-02,North India,Electronics,17,61461.3,28,0
2025-10-03,North India,Electronics,16,50586.29,28,1
2025-10-04,North India,Electronics,25,80249.22,41,0
2025-10-05,North India,Electronics,14,35028.36,19,0
2025-10-06,North India,Electronics,10,24989.1,18,0
2025-10-07,North India,Electronics,17,52418.99,24,1
2025-10-08,North India,Electronics,4,17039.11,6,0
2025-10-09,North India,Electronics,6,26895.26,9,0
2025-10-10,North India,Electronics,13,29775.65,20,0
2025-10-11,North India,Electronics,18,60884.25,28,0
2025-10-12,North India,Electronics,28,94362.74,46,1
2025-10-13,North India,Electronics,8,24749.66,14,0
2025-10-14,North India,Electronics,12,32806.43,18,0
2025-10-15,North India,Electronics,11,34924.71,18,0
2025-10-16,North India,Electronics,12,31987.42,22,0
2025-10-17,North India,Electronics,12,36597.6,21,1
2025-10-18,North India,Electronics,18,63489.95,32,1
2025-10-19,North India,Electronics,19,48951.12,35,1
2025-10-20,North India,Electronics,13,38466.67,18,0
2025-10-21,North India,Electronics,6,19753.22,8,0
2025-10-22,North India,Electronics,10,40868.61,18,0
2025-10-23,North India,Electronics,12,43503.79,17,0
2025-10-24,North India,Electronics,9,31438.92,15,0
2025-10-25,North India,Electronics,14,32221.45,26,0
2025-10-26,North India,Electronics,17,51435.17,30,1
2025-10-27,North India,Electronics,8,20503.64,14,0
2025-10-28,North India,Electronics,14,44829.25,22,0
2025-10-29,North India,Electronics,17,55422.7,27,0
2025-10-30,North India,Electronics,12,38309.25,17,0
2025-10-31,North India,Electronics,18,52823.32,27,1
2025-11-01,North India,Electronics,17,50662.76,28,1
2025-11-02,North India,Electronics,15,38481.57,23,1
2025-11-03,North India,Electronics,11,26010.5,18,0
2025-11-04,North India,Electronics,12,41314.8,19,0
2025-11-05,North India,Electronics,7,16152.34,11,0
2025-11-06,North India,Electronics,15,49500.6,23,0
2025-11-07,North India,Electronics,6,22063.41,10,0
2025-11-08,North India,Electronics,23,90210.33,33,1
2025-11-09,North India,Electronics,16,52885.68,29,1
2025-11-10,North India,Electronics,16,49060.49,24,1
2025-11-11,North India,Electronics,12,36094.88,21,0
2025-11-12,North India,Electronics,12,50905.76,18,0
2025-11-13,North India,Electronics,12,35885.3,21,1
2025-11-14,North India,Electronics,11,26459.62,15,0
2025-11-15,North India,Electronics,17,56557.74,27,1
2025-11-16,North India,Electronics,18,47518.38,32,1
2025-11-17,North India,Electronics,14,41698.43,25,1
2025-11-18,North India,Electronics,12,36779.14,21,0
2025-11-19,North India,Electronics,14,42021.51,22,0
2025-11-20,North India,Electronics,14,41638.53,24,0
2025-11-21,North India,Electronics,17,61049.93,32,0
2025-11-22,North India,Electronics,14,45083.35,25,0
2025-11-23,North India,Electronics,20,58578.02,30,0
2025-11-24,North India,Electronics,11,27818.25,19,1
2025-11-25,North India,Electronics,13,46394.41,22,0
2025-11-26,North India,Electronics,11,39460.14,19,0
2025-11-27,North India,Electronics,4,11065.72,6,0
2025-11-28,North India,Electronics,13,40041.96,19,0
2025-11-29,North India,Electronics,19,71397.26,32,0
2025-11-30,North India,Electronics,28,101387.56,48,1
2025-12-01,North India,Electronics,13,40169.22,21,0
2025-12-02,North India,Electronics,7,29989.09,12,0
2025-12-03,North India,Electronics,9,31433.03,12,0
2025-12-04,North India,Electronics,5,18459.71,9,0
2025-12-05,North India,Electronics,6,20027.38,8,0
2025-12-06,North India,Electronics,12,40966.37,16,0
2025-12-07,North India,Electronics,17,52784.19,29,0
2025-12-08,North India,Electronics,8,22722.79,13,0
2025-12-09,North India,Electronics,8,20145.7,13,0
2025-12-10,North India,Electronics,7,17909.22,10,0
2025-12-11,North India,Electronics,3,10371.11,5,0
2025-12-12,North India,Electronics,5,16839.58,8,0
2025-12-13,North India,Electronics,3,8117.0,5,0
2025-12-14,North India,Electronics,9,32401.02,13,0
2025-12-15,North India,Electronics,10,29139.83,18,1
2025-12-16,North India,Electronics,5,14757.53,8,0
2025-12-17,North India,Electronics,9,28635.67,12,0
2025-12-18,North India,Electronics,6,22583.48,8,0
2025-12-19,North India,Electronics,3,8195.47,5,0
2025-12-20,North India,Electronics,13,60779.69,22,0
2025-12-21,North India,Electronics,12,36144.22,17,0
2025-12-22,North India,Electronics,9,24385.57,13,0
2025-12-23,North India,Electronics,6,16404.16,9,0
2025-12-24,North India,Electronics,1,2926.96,1,0
2025-12-25,North India,Electronics,8,28448.48,14,0
2025-12-26,North India,Electronics,7,19249.26,12,0
2025-12-27,North India,Electronics,13,35643.61,24,0
2025-12-28,North India,Electronics,21,63038.85,36,1
2025-12-29,North India,Electronics,5,16191.25,8,0
2025-12-30,North India,Electronics,15,41216.92,23,0
2025-12-31,North India,Electronics,11,32191.34,19,0
2024-01-01,North India,Fashion,8,13712.76,14,0
2024-01-02,North India,Fashion,7,7727.11,10,0
2024-01-03,North India,Fashion,5,6413.3,8,0
2024-01-04,North India,Fashion,2,2705.75,2,0
2024-01-05,North India,Fashion,6,8847.1,9,0
2024-01-06,North India,Fashion,11,14983.55,18,0
2024-01-07,North India,Fashion,9,11484.52,16,0
2024-01-08,North India,Fashion,6,6488.41,8,0
2024-01-09,North India,Fashion,7,12630.93,10,0
2024-01-10,North India,Fashion,3,3620.47,4,0
2024-01-11,North India,Fashion,6,9041.45,11,0
2024-01-12,North India,Fashion,4,5010.72,6,0
2024-01-13,North India,Fashion,11,11822.09,17,0
2024-01-14,North India,Fashion,7,6418.11,12,0
2024-01-15,North India,Fashion,1,1340.81,1,0
2024-01-16,North India,Fashion,6,7271.95,9,0
2024-01-17,North India,Fashion,3,3939.76,4,0
2024-01-18,North India,Fashion,2,2757.89,3,0
2024-01-19,North India,Fashion,2,2731.84,3,0
2024-01-20,North India,Fashion,8,8231.95,13,0
2024-01-21,North India,Fashion,10,10682.07,16,0
2024-01-22,North India,Fashion,5,7003.77,8,0
2024-01-23,North India,Fashion,6,9125.49,10,0
2024-01-24,North India,Fashion,4,6164.15,6,0
2024-01-25,North India,Fashion,2,3780.97,3,0
2024-01-26,North India,Fashion,3,4736.09,4,0
2024-01-27,North India,Fashion,7,11716.14,9,0
2024-01-28,North India,Fashion,9,10081.39,14,0
2024-01-29,North India,Fashion,8,10968.81,12,0
2024-01-30,North India,Fashion,15,21833.4,24,1
2024-01-31,North India,Fashion,4,6951.64,7,0
2024-02-01,North India,Fashion,3,3331.66,5,0
2024-02-02,North India,Fashion,6,6177.99,9,0
2024-02-03,North India,Fashion,6,11706.09,10,0
2024-02-04,North India,Fashion,10,10172.49,16,0
2024-02-05,North India,Fashion,5,7999.96,7,0
2024-02-06,North India,Fashion,4,3268.16,7,0
2024-02-07,North India,Fashion,3,4348.13,4,0
2024-02-08,North India,Fashion,5,6141.36,8,0
2024-02-09,North India,Fashion,4,6594.78,6,0
2024-02-10,North India,Fashion,10,18573.07,15,0
2024-02-11,North India,Fashion,3,2559.88,4,0
2024-02-12,North India,Fashion,4,6803.67,6,0
2024-02-13,North India,Fashion,4,6224.64,7,0
2024-02-14,North India,Fashion,6,9363.38,9,0
2024-02-15,North India,Fashion,6,9802.31,11,0
2024-02-16,North India,Fashion,5,8076.44,8,0
2024-02-17,North India,Fashion,6,12238.71,11,0
2024-02-18,North India,Fashion,10,17413.13,17,0
2024-02-19,North India,Fashion,4,5908.1,7,0
2024-02-20,North India,Fashion,7,11906.01,10,0
2024-02-21,North India,Fashion,2,2717.45,3,0
2024-02-22,North India,Fashion,7,10447.54,11,0
2024-02-23,North India,Fashion,7,13533.79,11,0
2024-02-24,North India,Fashion,10,14376.09,14,0
2024-02-25,North India,Fashion,7,7821.97,10,0
2024-02-26,North India,Fashion,8,8219.38,13,0
2024-02-27,North India,Fashion,4,5085.26,6,0
2024-02-28,North India,Fashion,5,5224.28,8,0
2024-02-29,North India,Fashion,6,11456.53,8,0
2024-03-01,North India,Fashion,2,2658.64,3,0
2024-03-02,North India,Fashion,5,6900.18,8,0
2024-03-03,North India,Fashion,12,16500.93,17,0
2024-03-04,North India,Fashion,10,15504.05,15,0
2024-03-05,North India,Fashion,3,5075.6,5,0
2024-03-06,North India,Fashion,3,2715.35,5,0
2024-03-07,North India,Fashion,3,2358.26,4,0
2024-03-08,North India,Fashion,5,6372.96,7,0
2024-03-09,North India,Fashion,8,11031.34,12,0
2024-03-10,North India,Fashion,8,10663.58,13,0
2024-03-11,North India,Fashion,4,2306.63,5,0
2024-03-12,North India,Fashion,3,2539.67,5,0
2024-03-13,North India,Fashion,5,7452.87,7,0
2024-03-14,North India,Fashion,6,9624.8,11,0
2024-03-15,North India,Fashion,4,5009.93,7,0
2024-03-16,North India,Fashion,6,11676.62,10,0
2024-03-17,North India,Fashion,5,8804.23,7,0
2024-03-18,North India,Fashion,5,6473.7,8,0
2024-03-19,North India,Fashion,4,8200.65,7,0
2024-03-20,North India,Fashion,4,4957.88,6,0
2024-03-21,North India,Fashion,4,7639.46,7,0
2024-03-22,North India,Fashion,8,8802.62,13,0
2024-03-23,North India,Fashion,8,12894.75,13,0
2024-03-24,North India,Fashion,6,7270.24,10,0
2024-03-25,North India,Fashion,7,9690.31,12,0
2024-03-26,North India,Fashion,1,1278.3,1,0
2024-03-27,North India,Fashion,6,7539.31,10,0
2024-03-28,North India,Fashion,4,7576.78,5,0
2024-03-29,North India,Fashion,7,8623.71,12,0
2024-03-30,North India,Fashion,7,9075.0,11,0
2024-03-31,North India,Fashion,22,27322.39,41,2
2024-04-01,North India,Fashion,6,10909.99,9,0
2024-04-02,North India,Fashion,2,2761.41,3,0
2024-04-03,North India,Fashion,4,6851.15,7,0
2024-04-04,North India,Fashion,7,9828.42,10,0
2024-04-05,North India,Fashion,6,8138.06,9,0
2024-04-06,North India,Fashion,9,10502.08,13,0
2024-04-07,North India,Fashion,11,19026.34,16,0
2024-04-08,North India,Fashion,5,8347.43,7,0
2024-04-09,North India,Fashion,5,5581.33,9,0
2024-04-10,North India,Fashion,10,15103.88,17,0
2024-04-11,North India,Fashion,7,10505.8,12,0
2024-04-12,North India,Fashion,7,10315.37,11,0
2024-04-13,North India,Fashion,7,6988.74,12,0
2024-04-14,North India,Fashion,10,16796.93,14,0
2024-04-15,North India,Fashion,2,2362.47,3,0
2024-04-16,North India,Fashion,3,3950.46,5,0
2024-04-17,North India,Fashion,6,12416.04,10,0
2024-04-18,North India,Fashion,3,4924.79,4,0
2024-04-19,North India,Fashion,8,18175.81,14,0
2024-04-20,North India,Fashion,4,6501.49,6,0
2024-04-21,North India,Fashion,7,13348.95,10,0
2024-04-22,North India,Fashion,4,4338.38,6,0
2024-04-23,North India,Fashion,4,4219.3,6,0
2024-04-24,North India,Fashion,2,2048.98,3,0
2024-04-25,North India,Fashion,8,11429.13,13,0
2024-04-26,North India,Fashion,6,7743.4,8,0
2024-04-27,North India,Fashion,10,10168.01,16,0
2024-04-28,North India,Fashion,13,14113.23,22,0
2024-04-29,North India,Fashion,11,13434.3,20,0
2024-04-30,North India,Fashion,7,10520.72,12,0
2024-05-01,North India,Fashion,7,7967.66,12,0
2024-05-02,North India,Fashion,3,3904.38,4,0
2024-05-03,North India,Fashion,9,8611.14,12,0
2024-05-04,North India,Fashion,5,3088.6,8,0
2024-05-05,North India,Fashion,6,7435.39,10,0
2024-05-06,North India,Fashion,11,28632.86,19,0
2024-05-07,North India,Fashion,2,2074.02,3,0
2024-05-08,North India,Fashion,5,6570.33,7,0
2024-05-09,North India,Fashion,6,8122.14,10,0
2024-05-10,North India,Fashion,13,24193.55,20,0
2024-05-11,North India,Fashion,6,7444.34,9,0
2024-05-12,North India,Fashion,11,14703.42,17,0
2024-05-13,North India,Fashion,3,4033.11,5,0
2024-05-14,North India,Fashion,7,7636.94,11,0
2024-05-15,North India,Fashion,5,7808.02,8,0
2024-05-16,North India,Fashion,3,2852.74,4,0
2024-05-17,North India,Fashion,6,12454.65,10,0
2024-05-18,North India,Fashion,7,6641.83,11,0
2024-05-19,North India,Fashion,4,7451.46,5,0
2024-05-20,North India,Fashion,6,8852.3,9,0
2024-05-21,North India,Fashion,2,2139.37,3,0
2024-05-22,North India,Fashion,8,11022.39,15,0
2024-05-23,North India,Fashion,3,4690.27,4,0
2024-05-24,North India,Fashion,4,3851.33,6,0
2024-05-25,North India,Fashion,4,5749.95,6,0
2024-05-26,North India,Fashion,8,9768.51,12,0
2024-05-27,North India,Fashion,5,7935.99,7,0
2024-05-28,North India,Fashion,8,10487.36,13,0
2024-05-29,North India,Fashion,9,12373.37,14,0
2024-05-30,North India,Fashion,9,9748.19,12,0
2024-05-31,North India,Fashion,6,6188.46,9,0
2024-06-01,North India,Fashion,8,14595.29,11,0
2024-06-02,North India,Fashion,6,9975.47,8,0
2024-06-03,North India,Fashion,5,7224.31,7,0
2024-06-04,North India,Fashion,6,8901.42,11,0
2024-06-05,North India,Fashion,6,8926.79,9,0
2024-06-06,North India,Fashion,9,10631.77,13,0
2024-06-07,North India,Fashion,8,11143.94,11,0
2024-06-08,North India,Fashion,13,23175.6,22,1
2024-06-09,North India,Fashion,11,15450.74,20,0
2024-06-10,North India,Fashion,7,12301.13,11,0
2024-06-11,North India,Fashion,4,5995.69,6,0
2024-06-12,North India,Fashion,4,5738.85,6,0
2024-06-13,North India,Fashion,3,3026.23,4,0
2024-06-14,North India,Fashion,5,9886.78,9,0
2024-06-15,North India,Fashion,9,10266.65,12,0
2024-06-16,North India,Fashion,3,3567.71,4,0
2024-06-17,North India,Fashion,4,5955.71,6,0
2024-06-18,North India,Fashion,9,9519.93,13,0
2024-06-19,North India,Fashion,5,5972.54,8,0
2024-06-20,North India,Fashion,6,6251.36,8,0
2024-06-21,North India,Fashion,7,12762.02,12,0
2024-06-22,North India,Fashion,6,8649.09,10,0
2024-06-23,North India,Fashion,8,11789.21,13,0
2024-06-24,North India,Fashion,6,9879.21,9,0
2024-06-25,North India,Fashion,8,15379.56,13,0
2024-06-26,North India,Fashion,3,3875.02,5,0
2024-06-27,North India,Fashion,3,6050.6,5,0
2024-06-28,North India,Fashion,6,9234.54,10,0
2024-06-29,North India,Fashion,10,15834.39,16,0
2024-06-30,North India,Fashion,9,16792.42,12,0
2024-07-01,North India,Fashion,11,13816.18,17,0
2024-07-02,North India,Fashion,4,6168.21,7,0
2024-07-03,North India,Fashion,5,7404.32,8,0
2024-07-04,North India,Fashion,8,9747.58,11,0
2024-07-05,North India,Fashion,3,3861.34,5,0
2024-07-06,North India,Fashion,11,15974.15,15,0
2024-07-07,North India,Fashion,10,21332.89,18,0
2024-07-08,North India,Fashion,8,11331.74,12,0
2024-07-09,North India,Fashion,5,5831.99,7,0
2024-07-10,North India,Fashion,9,13009.62,13,0
2024-07-11,North India,Fashion,6,8966.65,9,0
2024-07-12,North India,Fashion,2,2520.41,3,0
2024-07-13,North India,Fashion,11,13599.3,18,0
2024-07-14,North India,Fashion,12,17730.24,19,0
2024-07-15,North India,Fashion,3,4168.49,4,0
2024-07-16,North India,Fashion,7,14838.4,11,0
2024-07-17,North India,Fashion,6,5548.13,10,0
2024-07-18,North India,Fashion,4,3319.72,6,0
2024-07-19,North India,Fashion,1,1347.97,1,0
2024-07-20,North India,Fashion,9,13672.67,16,0
2024-07-21,North India,Fashion,9,13895.65,15,0
2024-07-22,North India,Fashion,6,7024.25,10,0
2024-07-23,North India,Fashion,5,7555.62,8,0
2024-07-24,North India,Fashion,7,4937.42,10,0
2024-07-25,North India,Fashion,5,6265.98,7,0
2024-07-26,North India,Fashion,7,8335.56,11,0
2024-07-27,North India,Fashion,13,22693.65,23,0
2024-07-28,North India,Fashion,11,22126.28,16,0
2024-07-29,North India,Fashion,10,11999.46,16,0
2024-07-30,North India,Fashion,8,8697.99,11,0
2024-07-31,North India,Fashion,10,15886.98,15,0
2024-08-01,North India,Fashion,8,11875.02,13,0
2024-08-02,North India,Fashion,6,9213.43,10,0
2024-08-03,North India,Fashion,6,8750.19,10,0
2024-08-04,North India,Fashion,3,4888.86,4,0
2024-08-05,North India,Fashion,3,3447.37,4,0
2024-08-06,North India,Fashion,5,7257.82,8,0
2024-08-07,North India,Fashion,10,15553.62,16,0
2024-08-08,North India,Fashion,5,9070.56,8,0
2024-08-09,North India,Fashion,8,10185.57,12,0
2024-08-10,North India,Fashion,7,13047.1,10,0
2024-08-11,North India,Fashion,15,25700.2,25,0
2024-08-12,North India,Fashion,8,10453.06,13,0
2024-08-13,North India,Fashion,5,6095.13,8,0
2024-08-14,North India,Fashion,5,8256.03,9,0
2024-08-15,North India,Fashion,8,10940.89,13,0
2024-08-16,North India,Fashion,9,13205.67,16,0
2024-08-17,North India,Fashion,10,15750.81,18,0
2024-08-18,North India,Fashion,3,3968.56,5,0
2024-08-19,North India,Fashion,4,4940.85,6,0
2024-08-20,North India,Fashion,4,7071.86,7,0
2024-08-21,North India,Fashion,6,9162.53,11,0
2024-08-22,North India,Fashion,8,17090.77,12,0
2024-08-23,North India,Fashion,6,8503.35,10,0
2024-08-24,North India,Fashion,7,11784.42,12,0
2024-08-25,North India,Fashion,9,11190.81,15,0
2024-08-26,North India,Fashion,4,6356.8,7,0
2024-08-27,North India,Fashion,6,8097.13,8,0
2024-08-28,North India,Fashion,8,14126.61,14,0
2024-08-29,North India,Fashion,6,9602.21,8,0
2024-08-30,North India,Fashion,11,14110.38,17,0
2024-08-31,North India,Fashion,11,14583.64,20,1
2024-09-01,North India,Fashion,12,14495.34,17,0
2024-09-02,North India,Fashion,6,10016.41,10,0
2024-09-03,North India,Fashion,5,7092.92,9,0
2024-09-04,North India,Fashion,4,7578.76,7,0
2024-09-05,North India,Fashion,3,3357.7,4,0
2024-09-06,North India,Fashion,3,5486.08,5,0
2024-09-07,North India,Fashion,4,6489.61,6,0
2024-09-08,North India,Fashion,7,12640.19,12,0
2024-09-09,North India,Fashion,4,7373.53,7,0
2024-09-10,North India,Fashion,7,11816.85,12,0
2024-09-11,North India,Fashion,4,8209.7,7,0
2024-09-12,North India,Fashion,7,10403.22,11,0
2024-09-13,North India,Fashion,4,6028.05,6,0
2024-09-14,North India,Fashion,12,15176.65,17,0
2024-09-15,North India,Fashion,12,24139.91,17,0
2024-09-16,North India,Fashion,12,20303.97,17,0
2024-09-17,North India,Fashion,4,3023.1,6,0
2024-09-18,North India,Fashion,12,18624.08,19,0
2024-09-19,North India,Fashion,8,10277.03,14,0
2024-09-20,North India,Fashion,5,6665.7,7,0
2024-09-21,North India,Fashion,14,14667.68,21,0
2024-09-22,North India,Fashion,13,17523.77,19,0
2024-09-23,North India,Fashion,9,11078.39,15,0
2024-09-24,North India,Fashion,7,5509.89,12,0
2024-09-25,North India,Fashion,4,7483.02,6,0
2024-09-26,North India,Fashion,8,12568.95,13,0
2024-09-27,North India,Fashion,10,10739.9,17,0
2024-09-28,North India,Fashion,6,11203.71,9,0
2024-09-29,North India,Fashion,8,10679.2,11,0
2024-09-30,North India,Fashion,10,15874.41,15,0
2024-10-01,North India,Fashion,7,13801.64,11,0
2024-10-02,North India,Fashion,10,16158.76,16,0
2024-10-03,North India,Fashion,9,9748.09,15,0
2024-10-04,North India,Fashion,6,8853.24,9,0
2024-10-05,North India,Fashion,11,18543.82,15,0
2024-10-06,North India,Fashion,15,15766.54,26,0
2024-10-07,North India,Fashion,6,5263.17,9,0
2024-10-08,North India,Fashion,5,6972.6,9,0
2024-10-09,North India,Fashion,13,18570.56,24,0
2024-10-10,North India,Fashion,8,9965.22,11,0
2024-10-11,North India,Fashion,10,8530.18,15,0
2024-10-12,North India,Fashion,17,24780.81,30,0
2024-10-13,North India,Fashion,11,18053.45,17,1
2024-10-14,North India,Fashion,12,17986.12,20,0
2024-10-15,North India,Fashion,8,10709.73,14,0
2024-10-16,North India,Fashion,10,10220.87,16,0
2024-10-17,North India,Fashion,11,13253.91,19,0
2024-10-18,North India,Fashion,16,18967.35,22,1
2024-10-19,North India,Fashion,13,15951.34,24,1
2024-10-20,North India,Fashion,15,20849.39,26,0
2024-10-21,North India,Fashion,8,10505.76,14,0
2024-10-22,North India,Fashion,10,18172.14,16,0
2024-10-23,North India,Fashion,11,26662.41,17,0
2024-10-24,North India,Fashion,9,12078.74,13,0
2024-10-25,North India,Fashion,9,16569.91,16,0
2024-10-26,North India,Fashion,18,35068.59,32,1
2024-10-27,North India,Fashion,10,8065.62,18,0
2024-10-28,North India,Fashion,11,24634.43,20,0
2024-10-29,North India,Fashion,9,13753.56,12,0
2024-10-30,North India,Fashion,7,10205.89,12,0
2024-10-31,North India,Fashion,11,22450.67,19,0
2024-11-01,North India,Fashion,12,19147.34,21,0
2024-11-02,North India,Fashion,11,16804.92,20,0
2024-11-03,North India,Fashion,9,14212.54,13,0
2024-11-04,North India,Fashion,16,16660.77,25,0
2024-11-05,North India,Fashion,13,14484.8,21,1
2024-11-06,North India,Fashion,7,8408.23,10,0
2024-11-07,North India,Fashion,11,12608.29,17,0
2024-11-08,North India,Fashion,9,10542.74,15,0
2024-11-09,North India,Fashion,11,11690.04,16,0
2024-11-10,North India,Fashion,15,27718.76,22,1
2024-11-11,North India,Fashion,13,18682.98,18,0
2024-11-12,North India,Fashion,13,16860.79,21,0
2024-11-13,North India,Fashion,15,17347.12,27,0
2024-11-14,North India,Fashion,9,14519.26,15,0
2024-11-15,North India,Fashion,12,15309.98,22,0
2024-11-16,North India,Fashion,20,25951.95,29,1
2024-11-17,North India,Fashion,10,14486.26,16,0
2024-11-18,North India,Fashion,12,18906.56,21,1
2024-11-19,North India,Fashion,6,8729.17,10,0
2024-11-20,North India,Fashion,4,5853.41,7,0
2024-11-21,North India,Fashion,7,7543.53,10,0
2024-11-22,North India,Fashion,9,12670.8,16,0
2024-11-23,North India,Fashion,18,25793.32,26,1
2024-11-24,North India,Fashion,14,20547.42,24,0
2024-11-25,North India,Fashion,6,6901.46,10,0
2024-11-26,North India,Fashion,12,19148.14,22,1
2024-11-27,North India,Fashion,8,9157.6,13,0
2024-11-28,North India,Fashion,18,30504.83,27,0
2024-11-29,North India,Fashion,7,9904.1,11,0
2024-11-30,North India,Fashion,27,37187.67,39,2
2024-12-01,North India,Fashion,12,17669.07,22,1
2024-12-02,North India,Fashion,3,3632.67,4,0
2024-12-03,North India,Fashion,9,11782.91,13,0
2024-12-04,North India,Fashion,6,7571.8,11,0
2024-12-05,North India,Fashion,7,8287.45,11,0
2024-12-06,North India,Fashion,9,16831.38,16,0
2024-12-07,North India,Fashion,6,8848.57,8,0
2024-12-08,North India,Fashion,8,17488.03,14,0
2024-12-09,North India,Fashion,8,13228.79,11,0
2024-12-10,North India,Fashion,7,10014.79,11,0
2024-12-11,North India,Fashion,7,10404.13,10,0
2024-12-12,North India,Fashion,6,11525.31,10,0
2024-12-13,North India,Fashion,5,5012.46,7,0
2024-12-14,North India,Fashion,11,12488.01,20,0
2024-12-15,North India,Fashion,7,10061.83,12,0
2024-12-16,North India,Fashion,8,16866.04,12,0
2024-12-17,North India,Fashion,3,4340.33,5,0
2024-12-18,North India,Fashion,8,8732.41,12,0
2024-12-19,North India,Fashion,4,6750.31,6,0
2024-12-20,North India,Fashion,7,9386.91,12,0
2024-12-21,North India,Fashion,13,23888.04,18,0
2024-12-22,North India,Fashion,12,16185.59,19,0
2024-12-23,North India,Fashion,2,3580.8,3,0
2024-12-24,North India,Fashion,5,7600.03,9,0
2024-12-25,North India,Fashion,8,9866.62,12,0
2024-12-26,North India,Fashion,1,1049.06,1,0
2024-12-27,North India,Fashion,9,11712.65,13,0
2024-12-28,North India,Fashion,7,11934.6,10,0
2024-12-29,North India,Fashion,15,27995.82,26,0
2024-12-30,North India,Fashion,8,10046.48,14,0
2024-12-31,North India,Fashion,6,8396.66,9,0
2025-01-01,North India,Fashion,7,10270.4,11,0
2025-01-02,North India,Fashion,10,13608.01,16,0
2025-01-03,North India,Fashion,4,7649.6,6,0
2025-01-04,North India,Fashion,9,13406.31,14,0
2025-01-05,North India,Fashion,11,19043.65,16,0
2025-01-06,North India,Fashion,2,3276.99,3,0
2025-01-07,North India,Fashion,5,7506.71,7,0
2025-01-08,North India,Fashion,6,6219.11,8,0
2025-01-09,North India,Fashion,6,11761.87,9,0
2025-01-10,North India,Fashion,3,4684.39,4,0
2025-01-11,North India,Fashion,11,15354.02,16,0
2025-01-12,North India,Fashion,14,20475.97,25,1
2025-01-13,North India,Fashion,2,2798.41,3,0
2025-01-14,North India,Fashion,3,3759.71,5,0
2025-01-15,North India,Fashion,4,5340.24,5,0
2025-01-16,North India,Fashion,8,16252.56,14,0
2025-01-17,North India,Fashion,7,10548.44,13,0
2025-01-18,North India,Fashion,8,10869.24,12,0
2025-01-19,North India,Fashion,6,9932.11,10,0
2025-01-20,North India,Fashion,9,8830.89,13,0
2025-01-21,North India,Fashion,2,3347.59,3,0
2025-01-22,North India,Fashion,6,6664.95,8,0
2025-01-23,North India,Fashion,10,14473.55,15,0
2025-01-24,North India,Fashion,4,6402.68,7,0
2025-01-25,North India,Fashion,10,17555.47,14,0
2025-01-26,North India,Fashion,12,15890.87,20,0
2025-01-27,North India,Fashion,8,15182.59,12,0
2025-01-28,North India,Fashion,7,9989.61,11,0
2025-01-29,North India,Fashion,10,18763.54,15,0
2025-01-30,North India,Fashion,11,14870.31,15,0
2025-01-31,North India,Fashion,3,3326.81,5,0
2025-02-01,North India,Fashion,11,16759.01,19,0
2025-02-02,North India,Fashion,12,13246.45,22,0
2025-02-03,North India,Fashion,10,10157.41,17,0
2025-02-04,North India,Fashion,6,9849.63,8,0
2025-02-05,North India,Fashion,6,8571.01,11,0
2025-02-06,North India,Fashion,5,6198.81,9,0
2025-02-07,North India,Fashion,8,9215.45,13,0
2025-02-08,North India,Fashion,11,17116.76,19,0
2025-02-09,North India,Fashion,13,15415.2,21,0
2025-02-10,North India,Fashion,8,10035.15,13,0
2025-02-11,North India,Fashion,11,16802.6,20,0
2025-02-12,North India,Fashion,5,6341.74,8,0
2025-02-13,North India,Fashion,9,7624.63,13,0
2025-02-14,North India,Fashion,3,3847.59,4,0
2025-02-15,North India,Fashion,8,12795.52,11,0
2025-02-16,North India,Fashion,10,10212.69,14,0
2025-02-17,North India,Fashion,5,5593.12,8,0
2025-02-18,North India,Fashion,4,6727.31,7,0
2025-02-19,North India,Fashion,13,15142.41,18,0
2025-02-20,North India,Fashion,4,4933.54,5,0
2025-02-21,North India,Fashion,11,14547.24,20,0
2025-02-22,North India,Fashion,8,10680.58,13,0
2025-02-23,North India,Fashion,15,24420.43,21,0
2025-02-24,North India,Fashion,5,5725.43,7,0
2025-02-25,North India,Fashion,8,9304.26,12,0
2025-02-26,North India,Fashion,7,8505.46,10,0
2025-02-27,North India,Fashion,9,10556.21,16,0
2025-02-28,North India,Fashion,7,8851.89,9,0
2025-03-01,North India,Fashion,7,9689.42,11,0
2025-03-02,North India,Fashion,10,19414.51,14,0
2025-03-03,North India,Fashion,9,9991.11,16,0
2025-03-04,North India,Fashion,1,1095.01,1,0
2025-03-05,North India,Fashion,7,12474.82,13,0
2025-03-06,North India,Fashion,10,10402.17,14,0
2025-03-07,North India,Fashion,7,9034.21,10,0
2025-03-08,North India,Fashion,10,13201.34,15,0
2025-03-09,North India,Fashion,11,15126.77,17,0
2025-03-10,North India,Fashion,7,13615.69,10,0
2025-03-11,North India,Fashion,4,4088.98,6,0
2025-03-12,North India,Fashion,10,12675.64,16,0
2025-03-13,North India,Fashion,6,12122.01,10,0
2025-03-14,North India,Fashion,6,8478.29,10,0
2025-03-15,North India,Fashion,9,15086.39,13,0
2025-03-16,North India,Fashion,7,11300.76,10,0
2025-03-17,North India,Fashion,8,7403.7,11,0
2025-03-18,North India,Fashion,7,9732.86,11,0
2025-03-19,North India,Fashion,4,5311.22,7,0
2025-03-20,North India,Fashion,2,2308.25,3,0
2025-03-21,North India,Fashion,6,5059.45,9,0
2025-03-22,North India,Fashion,15,19381.9,24,0
2025-03-23,North India,Fashion,16,24043.6,25,1
2025-03-24,North India,Fashion,7,10288.76,10,0
2025-03-25,North India,Fashion,5,6816.43,8,0
2025-03-26,North India,Fashion,5,9475.96,8,0
2025-03-27,North India,Fashion,3,4319.14,4,0
2025-03-28,North India,Fashion,10,17659.92,15,0
2025-03-29,North India,Fashion,17,21631.38,31,1
2025-03-30,North India,Fashion,11,11637.02,17,0
2025-03-31,North India,Fashion,10,10162.29,18,0
2025-04-01,North India,Fashion,6,5922.1,9,0
2025-04-02,North India,Fashion,7,8243.01,9,0
2025-04-03,North India,Fashion,6,14807.75,9,0
2025-04-04,North India,Fashion,6,6144.54,11,0
2025-04-05,North India,Fashion,6,6482.85,10,0
2025-04-06,North India,Fashion,5,6089.39,8,0
2025-04-07,North India,Fashion,6,10753.6,8,0
2025-04-08,North India,Fashion,13,26368.14,22,0
2025-04-09,North India,Fashion,5,11167.93,7,0
2025-04-10,North India,Fashion,6,11201.93,8,0
2025-04-11,North India,Fashion,10,15705.96,18,0
2025-04-12,North India,Fashion,7,12623.38,10,0
2025-04-13,North India,Fashion,10,18693.57,14,0
2025-04-14,North India,Fashion,5,8916.19,9,0
2025-04-15,North India,Fashion,8,9724.97,14,0
2025-04-16,North India,Fashion,7,9312.01,10,0
2025-04-17,North India,Fashion,5,5965.37,8,0
2025-04-18,North India,Fashion,14,18112.33,22,0
2025-04-19,North India,Fashion,15,17075.51,28,0
2025-04-20,North India,Fashion,5,7280.08,7,0
2025-04-21,North India,Fashion,4,5194.95,6,0
2025-04-22,North India,Fashion,3,3725.1,4,0
2025-04-23,North India,Fashion,9,11811.66,13,0
2025-04-24,North India,Fashion,6,7954.6,9,0
2025-04-25,North India,Fashion,8,9055.59,13,0
2025-04-26,North India,Fashion,10,12430.52,15,0
2025-04-27,North India,Fashion,13,16697.39,21,0
2025-04-28,North India,Fashion,11,16578.13,16,0
2025-04-29,North India,Fashion,4,5089.9,7,0
2025-04-30,North India,Fashion,7,10581.63,10,0
2025-05-01,North India,Fashion,11,10351.5,18,1
2025-05-02,North India,Fashion,7,8536.93,10,0
2025-05-03,North India,Fashion,5,7637.28,7,0
2025-05-04,North India,Fashion,10,13110.05,17,0
2025-05-05,North India,Fashion,9,10896.74,16,0
2025-05-06,North India,Fashion,5,7701.63,7,0
2025-05-07,North India,Fashion,7,11038.43,9,0
2025-05-08,North India,Fashion,3,4142.65,5,0
2025-05-09,North India,Fashion,12,18967.4,22,1
2025-05-10,North India,Fashion,8,11673.14,12,0
2025-05-11,North India,Fashion,7,9775.67,13,0
2025-05-12,North India,Fashion,11,16575.88,18,0
2025-05-13,North India,Fashion,5,9081.95,9,0
2025-05-14,North India,Fashion,7,10944.22,9,0
2025-05-15,North India,Fashion,5,3543.23,7,0
2025-05-16,North India,Fashion,5,7821.92,8,0
2025-05-17,North India,Fashion,7,8218.25,12,0
2025-05-18,North India,Fashion,10,7957.72,16,0
2025-05-19,North India,Fashion,9,11889.33,12,0
2025-05-20,North India,Fashion,10,18389.11,14,0
2025-05-21,North India,Fashion,3,4375.61,4,0
2025-05-22,North India,Fashion,3,2509.33,4,0
2025-05-23,North India,Fashion,11,14850.79,19,0
2025-05-24,North India,Fashion,11,18180.76,20,0
2025-05-25,North India,Fashion,7,10825.09,12,0
2025-05-26,North India,Fashion,7,11955.63,12,0
2025-05-27,North India,Fashion,3,5350.92,4,0
2025-05-28,North India,Fashion,5,8579.25,8,0
2025-05-29,North India,Fashion,4,7319.66,5,0
2025-05-30,North India,Fashion,6,8986.83,8,0
2025-05-31,North India,Fashion,11,16469.37,17,0
2025-06-01,North India,Fashion,6,6797.79,9,0
2025-06-02,North India,Fashion,15,22339.08,27,1
2025-06-03,North India,Fashion,4,5873.71,7,0
2025-06-04,North India,Fashion,2,3660.36,3,0
2025-06-05,North India,Fashion,4,8184.98,5,0
2025-06-06,North India,Fashion,7,9614.87,11,0
2025-06-07,North India,Fashion,9,17682.62,15,0
2025-06-08,North India,Fashion,12,18821.2,22,1
2025-06-09,North India,Fashion,6,6699.6,11,0
2025-06-10,North India,Fashion,7,10360.94,13,0
2025-06-11,North India,Fashion,2,2298.72,3,0
2025-06-12,North India,Fashion,6,8046.54,10,0
2025-06-13,North India,Fashion,6,10580.18,9,0
2025-06-14,North India,Fashion,11,16524.42,20,1
2025-06-15,North India,Fashion,10,10799.92,17,0
2025-06-16,North India,Fashion,5,7895.83,8,0
2025-06-17,North India,Fashion,6,12231.43,9,0
2025-06-18,North India,Fashion,9,11362.19,16,0
2025-06-19,North India,Fashion,4,5063.52,7,0
2025-06-20,North India,Fashion,12,16189.29,18,0
2025-06-21,North India,Fashion,17,28116.7,28,0
2025-06-22,North India,Fashion,11,13767.31,19,0
2025-06-23,North India,Fashion,9,16413.52,16,0
2025-06-24,North India,Fashion,7,9919.21,11,0
2025-06-25,North India,Fashion,4,3324.77,5,0
2025-06-26,North India,Fashion,3,4656.28,5,0
2025-06-27,North India,Fashion,8,11644.11,12,0
2025-06-28,North India,Fashion,13,17967.48,21,0
2025-06-29,North India,Fashion,5,5529.44,7,0
2025-06-30,North India,Fashion,7,7081.77,10,0
2025-07-01,North India,Fashion,8,14239.79,11,0
2025-07-02,North India,Fashion,8,12843.98,15,0
2025-07-03,North India,Fashion,6,6681.78,10,0
2025-07-04,North India,Fashion,7,9651.75,11,0
2025-07-05,North India,Fashion,12,20749.61,22,0
2025-07-06,North India,Fashion,11,13964.87,18,0
2025-07-07,North India,Fashion,8,14366.91,11,0
2025-07-08,North India,Fashion,9,9451.15,15,0
2025-07-09,North India,Fashion,4,6280.12,6,0
2025-07-10,North India,Fashion,12,19603.15,18,0
2025-07-11,North India,Fashion,4,5290.55,6,0
2025-07-12,North India,Fashion,8,7020.04,13,0
2025-07-13,North India,Fashion,8,12474.94,11,0
2025-07-14,North India,Fashion,4,4858.0,6,0
2025-07-15,North India,Fashion,9,9660.28,16,0
2025-07-16,North India,Fashion,5,5822.65,8,0
2025-07-17,North India,Fashion,5,8378.22,7,0
2025-07-18,North India,Fashion,7,8992.69,12,0
2025-07-19,North India,Fashion,12,17836.59,17,0
2025-07-20,North India,Fashion,16,38439.36,28,1
2025-07-21,North India,Fashion,5,7166.68,7,0
2025-07-22,North India,Fashion,7,8419.2,10,0
2025-07-23,North India,Fashion,5,7199.48,8,0
2025-07-24,North India,Fashion,7,11002.12,11,0
2025-07-25,North India,Fashion,8,10053.28,14,0
2025-07-26,North India,Fashion,5,7196.73,7,0
2025-07-27,North India,Fashion,8,10780.53,11,0
2025-07-28,North India,Fashion,5,9366.17,8,0
2025-07-29,North India,Fashion,7,8580.35,11,0
2025-07-30,North India,Fashion,9,10399.03,13,0
2025-07-31,North India,Fashion,5,8291.1,7,0
2025-08-01,North India,Fashion,7,13136.44,9,0
2025-08-02,North India,Fashion,18,25761.67,28,0
2025-08-03,North India,Fashion,7,8838.91,10,0
2025-08-04,North India,Fashion,5,7324.68,7,0
2025-08-05,North India,Fashion,6,8409.69,9,0
2025-08-06,North India,Fashion,8,8145.26,12,0
2025-08-07,North India,Fashion,5,7236.46,8,0
2025-08-08,North India,Fashion,6,7954.56,8,0
2025-08-09,North India,Fashion,7,8520.7,13,0
2025-08-10,North India,Fashion,6,9280.3,9,0
2025-08-11,North India,Fashion,11,21100.91,18,0
2025-08-12,North India,Fashion,13,18525.44,23,1
2025-08-13,North India,Fashion,9,15935.69,14,0
2025-08-14,North India,Fashion,6,7785.24,8,0
2025-08-15,North India,Fashion,7,13503.92,13,0
2025-08-16,North India,Fashion,7,13718.05,10,0
2025-08-17,North India,Fashion,8,13839.99,14,0
2025-08-18,North India,Fashion,4,6371.8,7,0
2025-08-19,North India,Fashion,2,3393.99,3,0
2025-08-20,North India,Fashion,7,9418.01,12,0
2025-08-21,North India,Fashion,8,11122.33,12,0
2025-08-22,North India,Fashion,7,13213.98,10,0
2025-08-23,North India,Fashion,12,23187.56,20,0
2025-08-24,North India,Fashion,8,9437.86,14,0
2025-08-25,North India,Fashion,7,14070.45,13,0
2025-08-26,North India,Fashion,4,4350.43,7,0
2025-08-27,North India,Fashion,8,11605.35,13,0
2025-08-28,North India,Fashion,10,19439.3,17,0
2025-08-29,North India,Fashion,5,5721.03,9,0
2025-08-30,North India,Fashion,20,31673.93,36,1
2025-08-31,North India,Fashion,9,7412.65,16,0
2025-09-01,North India,Fashion,3,5481.43,5,0
2025-09-02,North India,Fashion,6,10634.08,11,0
2025-09-03,North India,Fashion,6,8751.78,10,0
2025-09-04,North India,Fashion,4,8170.59,5,0
2025-09-05,North India,Fashion,9,13384.96,14,0
2025-09-06,North India,Fashion,14,15829.0,21,0
2025-09-07,North India,Fashion,7,8678.2,12,0
2025-09-08,North India,Fashion,11,12001.45,17,0
2025-09-09,North India,Fashion,12,12409.51,19,0
2025-09-10,North India,Fashion,8,10953.95,14,0
2025-09-11,North India,Fashion,2,2971.13,3,0
2025-09-12,North India,Fashion,5,7394.35,8,0
2025-09-13,North India,Fashion,7,12378.6,12,0
2025-09-14,North India,Fashion,4,4483.27,7,0
2025-09-15,North India,Fashion,5,6470.04,8,0
2025-09-16,North India,Fashion,4,8030.63,6,0
2025-09-17,North India,Fashion,6,7992.58,11,0
2025-09-18,North India,Fashion,4,6501.29,7,0
2025-09-19,North India,Fashion,8,13682.41,14,0
2025-09-20,North India,Fashion,8,6735.78,13,0
2025-09-21,North India,Fashion,6,5656.8,9,0
2025-09-22,North India,Fashion,5,6170.18,9,0
2025-09-23,North India,Fashion,4,6512.48,6,0
2025-09-24,North India,Fashion,8,13933.37,12,0
2025-09-25,North India,Fashion,5,5914.8,9,0
2025-09-26,North India,Fashion,7,9163.23,10,0
2025-09-27,North India,Fashion,6,9626.85,10,0
2025-09-28,North India,Fashion,17,21004.04,31,1
2025-09-29,North India,Fashion,7,11237.54,10,0
2025-09-30,North India,Fashion,7,7668.21,11,0
2025-10-01,North India,Fashion,9,14301.03,15,0
2025-10-02,North India,Fashion,7,11060.54,10,0
2025-10-03,North India,Fashion,9,11873.62,15,0
2025-10-04,North India,Fashion,16,24865.13,22,0
2025-10-05,North India,Fashion,13,23111.84,22,1
2025-10-06,North India,Fashion,8,8771.07,11,0
2025-10-07,North India,Fashion,14,16268.32,25,0
2025-10-08,North India,Fashion,8,8931.58,11,0
2025-10-09,North India,Fashion,9,13045.27,12,0
2025-10-10,North India,Fashion,9,12218.29,13,0
2025-10-11,North India,Fashion,17,18098.43,26,0
2025-10-12,North India,Fashion,16,20459.15,29,0
2025-10-13,North India,Fashion,13,12874.32,21,0
2025-10-14,North India,Fashion,11,19538.24,19,0
2025-10-15,North India,Fashion,9,17783.04,16,0
2025-10-16,North India,Fashion,10,16423.46,14,0
2025-10-17,North India,Fashion,15,25500.84,24,0
2025-10-18,North India,Fashion,17,32574.98,32,1
2025-10-19,North India,Fashion,16,30559.9,30,0
2025-10-20,North India,Fashion,11,14468.47,15,0
2025-10-21,North India,Fashion,10,11203.96,14,0
2025-10-22,North India,Fashion,8,14415.22,13,0
2025-10-23,North India,Fashion,13,21628.56,20,1
2025-10-24,North India,Fashion,9,12684.8,16,0
2025-10-25,North India,Fashion,19,34683.33,32,1
2025-10-26,North India,Fashion,15,25427.83,23,0
2025-10-27,North India,Fashion,4,4937.47,5,0
2025-10-28,North India,Fashion,19,21039.94,29,0
2025-10-29,North India,Fashion,14,17448.67,24,1
2025-10-30,North India,Fashion,16,18284.7,29,1
2025-10-31,North India,Fashion,13,12963.43,22,0
2025-11-01,North India,Fashion,20,27918.85,32,1
2025-11-02,North India,Fashion,24,26389.9,37,0
2025-11-03,North India,Fashion,8,14303.75,13,0
2025-11-04,North India,Fashion,16,25821.41,28,1
2025-11-05,North India,Fashion,10,10733.23,18,0
2025-11-06,North India,Fashion,10,11688.26,17,0
2025-11-07,North India,Fashion,11,16586.73,18,0
2025-11-08,North India,Fashion,13,17363.31,21,0
2025-11-09,North India,Fashion,15,22298.73,24,1
2025-11-10,North India,Fashion,11,17017.37,18,0
2025-11-11,North India,Fashion,9,9613.71,15,0
2025-11-12,North India,Fashion,17,23217.56,32,1
2025-11-13,North India,Fashion,12,17227.39,21,1
2025-11-14,North India,Fashion,12,18017.67,22,0
2025-11-15,North India,Fashion,14,13317.55,20,0
2025-11-16,North India,Fashion,14,22565.86,19,1
2025-11-17,North India,Fashion,13,19439.75,18,1
2025-11-18,North India,Fashion,11,18039.37,17,0
2025-11-19,North India,Fashion,9,12152.58,15,0
2025-11-20,North India,Fashion,5,4473.44,7,0
2025-11-21,North India,Fashion,10,14355.0,18,0
2025-11-22,North India,Fashion,26,35947.62,45,1
2025-11-23,North India,Fashion,24,35696.63,43,0
2025-11-24,North India,Fashion,7,7729.66,10,0
2025-11-25,North India,Fashion,7,12308.56,13,0
2025-11-26,North India,Fashion,8,9134.61,12,0
2025-11-27,North India,Fashion,10,18368.75,15,0
2025-11-28,North India,Fashion,11,23744.39,17,0
2025-11-29,North India,Fashion,9,14720.09,13,0
2025-11-30,North India,Fashion,17,26940.73,31,1
2025-12-01,North India,Fashion,2,2976.05,3,0
2025-12-02,North India,Fashion,7,13252.67,12,0
2025-12-03,North India,Fashion,4,6384.19,5,0
2025-12-04,North India,Fashion,5,7586.17,9,0
2025-12-05,North India,Fashion,6,8378.07,9,0
2025-12-06,North India,Fashion,10,12766.92,18,0
2025-12-07,North India,Fashion,10,22158.13,15,0
2025-12-08,North India,Fashion,3,4578.68,4,0
2025-12-09,North India,Fashion,9,6755.09,13,0
2025-12-10,North India,Fashion,11,17150.07,19,0
2025-12-11,North India,Fashion,9,13025.07,15,0
2025-12-12,North India,Fashion,8,6907.14,14,0
2025-12-13,North India,Fashion,8,14994.82,11,0
2025-12-14,North India,Fashion,7,9155.01,11,0
2025-12-15,North India,Fashion,6,8813.15,9,0
2025-12-16,North India,Fashion,8,9649.09,11,0
2025-12-17,North India,Fashion,4,3936.68,7,0
2025-12-18,North India,Fashion,6,12008.66,11,0
2025-12-19,North India,Fashion,9,17929.35,15,0
2025-12-20,North India,Fashion,13,20560.87,20,0
2025-12-21,North India,Fashion,11,16035.6,18,0
2025-12-22,North India,Fashion,7,9331.12,10,0
2025-12-23,North India,Fashion,4,6103.12,7,0
2025-12-24,North India,Fashion,9,14559.81,17,0
2025-12-25,North India,Fashion,7,12592.95,11,0
2025-12-26,North India,Fashion,5,9203.0,8,0
2025-12-27,North India,Fashion,19,36711.68,31,1
2025-12-28,North India,Fashion,14,15933.98,19,0
2025-12-29,North India,Fashion,11,12704.6,16,0
2025-12-30,North India,Fashion,8,16045.38,14,0
2025-12-31,North India,Fashion,5,7629.03,7,0
2024-01-01,North India,Home & Living,1,2080.69,1,0
2024-01-02,North India,Home & Living,4,7081.65,7,0
2024-01-03,North India,Home & Living,6,9136.8,8,0
2024-01-04,North India,Home & Living,3,6004.61,4,0
2024-01-05,North India,Home & Living,5,11903.42,8,0
2024-01-06,North India,Home & Living,5,8635.59,9,0
2024-01-07,North India,Home & Living,8,18282.0,12,0
2024-01-08,North India,Home & Living,3,5020.0,4,0
2024-01-09,North India,Home & Living,1,2665.82,1,0
2024-01-10,North India,Home & Living,8,16106.06,14,0
2024-01-11,North India,Home & Living,6,10802.83,11,0
2024-01-12,North India,Home & Living,4,6579.09,6,0
2024-01-13,North India,Home & Living,11,25117.94,15,0
2024-01-14,North India,Home & Living,8,18492.65,11,0
2024-01-15,North India,Home & Living,8,16416.42,13,0
2024-01-16,North India,Home & Living,1,1934.5,1,0
2024-01-17,North India,Home & Living,3,6349.65,4,0
2024-01-18,North India,Home & Living,3,5178.8,5,0
2024-01-19,North India,Home & Living,2,3497.7,3,0
2024-01-20,North India,Home & Living,8,15550.15,13,0
2024-01-21,North India,Home & Living,7,13128.52,10,0
2024-01-23,North India,Home & Living,4,6680.25,6,0
2024-01-24,North India,Home & Living,6,10485.8,9,0
2024-01-25,North India,Home & Living,4,5374.65,6,0
2024-01-26,North India,Home & Living,3,5176.62,5,0
2024-01-27,North India,Home & Living,6,12062.82,10,0
2024-01-28,North India,Home & Living,7,8936.35,10,0
2024-01-29,North India,Home & Living,3,4224.33,4,0
2024-01-30,North India,Home & Living,4,7337.03,7,0
2024-01-31,North India,Home & Living,8,15232.6,12,0
2024-02-01,North India,Home & Living,5,9170.86,9,0
2024-02-02,North India,Home & Living,6,10029.95,11,0
2024-02-03,North India,Home & Living,3,3770.06,5,0
2024-02-04,North India,Home & Living,11,15200.96,17,0
2024-02-05,North India,Home & Living,3,4797.03,4,0
2024-02-06,North India,Home & Living,7,12429.04,11,0
2024-02-07,North India,Home & Living,1,1721.4,1,0
2024-02-08,North India,Home & Living,2,4658.2,3,0
2024-02-09,North India,Home & Living,2,3860.96,3,0
2024-02-10,North India,Home & Living,5,9356.58,8,0
2024-02-11,North India,Home & Living,8,19889.74,14,0
2024-02-12,North India,Home & Living,6,10627.34,8,0
2024-02-13,North India,Home & Living,6,11422.73,9,0
2024-02-14,North India,Home & Living,10,19510.59,16,0
2024-02-15,North India,Home & Living,3,6996.61,4,0
2024-02-16,North India,Home & Living,5,10459.7,9,0
2024-02-17,North India,Home & Living,9,9894.14,17,0
2024-02-18,North India,Home & Living,15,22380.76,21,0
2024-02-20,North India,Home & Living,7,14458.22,10,0
2024-02-21,North India,Home & Living,4,6246.97,5,0
2024-02-22,North India,Home & Living,4,7143.82,6,0
2024-02-23,North India,Home & Living,4,8387.82,6,0
2024-02-24,North India,Home & Living,5,8554.25,8,0
2024-02-25,North India,Home & Living,10,16200.31,16,0
2024-02-26,North India,Home & Living,1,1418.65,1,0
2024-02-27,North India,Home & Living,3,5617.62,5,0
2024-02-28,North India,Home & Living,6,13162.4,9,0
2024-02-29,North India,Home & Living,6,12265.33,9,0
2024-03-01,North India,Home & Living,5,5937.06,8,0
2024-03-02,North India,Home & Living,9,16544.74,13,0
2024-03-03,North India,Home & Living,10,14978.8,17,0
2024-03-04,North India,Home & Living,5,10550.28,7,0
2024-03-05,North India,Home & Living,6,13789.63,8,0
2024-03-06,North India,Home & Living,3,7052.37,4,0
2024-03-07,North India,Home & Living,7,17836.24,10,0
2024-03-08,North India,Home & Living,7,12226.05,11,0
2024-03-09,North India,Home & Living,11,25063.41,20,0
2024-03-10,North India,Home & Living,5,10799.94,7,0
2024-03-11,North India,Home & Living,5,10106.17,9,0
2024-03-12,North India,Home & Living,3,5490.19,4,0
2024-03-13,North India,Home & Living,5,9925.73,7,0
2024-03-14,North India,Home & Living,4,5561.92,6,0
2024-03-15,North India,Home & Living,2,3817.79,3,0
2024-03-16,North India,Home & Living,5,8003.41,7,0
2024-03-17,North India,Home & Living,4,4911.63,6,0
2024-03-18,North India,Home & Living,7,12110.15,13,0
2024-03-19,North India,Home & Living,5,6921.37,9,0
2024-03-20,North India,Home & Living,4,9707.86,6,0
2024-03-21,North India,Home & Living,9,21508.03,15,0
2024-03-22,North India,Home & Living,7,16275.14,11,0
2024-03-23,North India,Home & Living,9,20242.99,15,0
2024-03-24,North India,Home & Living,7,9419.37,11,0
2024-03-25,North India,Home & Living,7,13276.81,9,0
2024-03-26,North India,Home & Living,3,6725.11,4,0
2024-03-27,North India,Home & Living,4,6112.06,7,0
2024-03-28,North India,Home & Living,6,10552.78,9,0
2024-03-29,North India,Home & Living,4,4423.62,7,0
2024-03-30,North India,Home & Living,9,14111.88,15,0
2024-03-31,North India,Home & Living,5,11074.91,8,0
2024-04-01,North India,Home & Living,4,5528.3,7,0
2024-04-02,North India,Home & Living,3,4462.07,5,0
2024-04-03,North India,Home & Living,6,12072.3,9,0
2024-04-04,North India,Home & Living,4,6977.4,6,0
2024-04-05,North India,Home & Living,3,6684.32,5,0
2024-04-06,North India,Home & Living,5,9260.67,8,0
2024-04-07,North India,Home & Living,6,11793.42,11,0
2024-04-08,North India,Home & Living,5,8601.01,7,0
2024-04-09,North India,Home & Living,5,9423.51,8,0
2024-04-10,North India,Home & Living,5,10872.98,7,0
2024-04-11,North India,Home & Living,3,5133.03,5,0
2024-04-12,North India,Home & Living,4,6044.7,6,0
2024-04-13,North India,Home & Living,6,9964.97,8,0
2024-04-14,North India,Home & Living,7,13681.95,11,0
2024-04-15,North India,Home & Living,1,1628.4,1,0
2024-04-16,North India,Home & Living,4,6573.58,7,0
2024-04-17,North India,Home & Living,6,10107.73,11,0
2024-04-18,North India,Home & Living,3,5069.17,4,0
2024-04-19,North India,Home & Living,5,8272.39,8,0
2024-04-20,North India,Home & Living,5,8565.26,7,0
2024-04-21,North India,Home & Living,5,6979.13,9,0
2024-04-22,North India,Home & Living,6,7531.42,11,0
2024-04-23,North India,Home & Living,4,8029.92,7,0
2024-04-24,North India,Home & Living,2,3260.02,3,0
2024-04-25,North India,Home & Living,4,7006.75,6,0
2024-04-26,North India,Home & Living,4,8729.34,7,0
2024-04-27,North India,Home & Living,6,11492.19,8,0
2024-04-28,North India,Home & Living,5,9763.76,8,0
2024-04-29,North India,Home & Living,4,6801.05,7,0
2024-04-30,North India,Home & Living,3,5546.88,5,0
2024-05-01,North India,Home & Living,7,18143.86,11,0
2024-05-02,North India,Home & Living,4,6609.36,7,0
2024-05-03,North India,Home & Living,6,9667.82,8,0
2024-05-04,North India,Home & Living,5,6779.33,8,0
2024-05-05,North India,Home & Living,6,13812.64,10,0
2024-05-06,North India,Home & Living,3,6563.65,4,0
2024-05-07,North India,Home & Living,9,15449.47,16,0
2024-05-08,North India,Home & Living,6,11190.91,11,0
2024-05-09,North India,Home & Living,2,3815.76,3,0
2024-05-10,North India,Home & Living,7,14284.66,12,0
2024-05-11,North India,Home & Living,9,18938.76,12,0
2024-05-12,North India,Home & Living,8,14186.79,14,0
2024-05-13,North India,Home & Living,7,12470.65,12,0
2024-05-14,North India,Home & Living,7,11501.94,10,0
2024-05-15,North India,Home & Living,3,4866.85,5,0
2024-05-16,North India,Home & Living,2,3242.13,2,0
2024-05-17,North India,Home & Living,2,2978.55,3,0
2024-05-18,North India,Home & Living,14,21734.46,22,0
2024-05-19,North India,Home & Living,8,15049.12,12,0
2024-05-20,North India,Home & Living,5,8111.52,8,0
2024-05-21,North India,Home & Living,8,17967.71,13,0
2024-05-22,North India,Home & Living,4,5215.82,6,0
2024-05-23,North India,Home & Living,4,7093.46,6,0
2024-05-24,North India,Home & Living,6,13055.08,9,0
2024-05-25,North India,Home & Living,4,9354.56,6,0
2024-05-26,North India,Home & Living,7,12002.18,12,0
2024-05-27,North India,Home & Living,4,7266.44,7,0
2024-05-28,North India,Home & Living,3,5063.42,4,0
2024-05-29,North India,Home & Living,3,5133.67,4,0
2024-05-30,North India,Home & Living,3,6100.02,4,0
2024-05-31,North India,Home & Living,7,11472.84,11,0
2024-06-01,North India,Home & Living,4,8929.2,7,0
2024-06-02,North India,Home & Living,7,11003.96,11,0
2024-06-03,North India,Home & Living,2,4325.24,3,0
2024-06-04,North India,Home & Living,6,9608.19,9,0
2024-06-05,North India,Home & Living,5,7237.99,7,0
2024-06-06,North India,Home & Living,3,5462.06,4,0
2024-06-07,North India,Home & Living,5,10915.57,7,0
2024-06-08,North India,Home & Living,12,26316.55,20,0
2024-06-09,North India,Home & Living,2,3078.14,3,0
2024-06-10,North India,Home & Living,8,11873.62,15,0
2024-06-11,North India,Home & Living,2,4934.66,3,0
2024-06-12,North India,Home & Living,1,1909.14,1,0
2024-06-13,North India,Home & Living,3,4150.29,5,0
2024-06-14,North India,Home & Living,3,6672.25,5,0
2024-06-15,North India,Home & Living,12,19375.0,20,0
2024-06-16,North India,Home & Living,5,8228.74,8,0
2024-06-17,North India,Home & Living,4,8303.8,7,0
2024-06-18,North India,Home & Living,2,2438.53,3,0
2024-06-19,North India,Home & Living,5,7653.27,7,0
2024-06-20,North India,Home & Living,2,4405.23,3,0
2024-06-21,North India,Home & Living,6,6276.65,11,0
2024-06-22,North India,Home & Living,6,13642.55,9,0
2024-06-23,North India,Home & Living,4,8110.72,6,0
2024-06-24,North India,Home & Living,4,7148.75,6,0
2024-06-25,North India,Home & Living,4,7895.26,6,0
2024-06-26,North India,Home & Living,4,7347.11,5,0
2024-06-27,North India,Home & Living,5,6362.07,8,0
2024-06-28,North India,Home & Living,5,11561.57,9,0
2024-06-29,North India,Home & Living,10,14200.0,18,0
2024-06-30,North India,Home & Living,7,16051.0,11,0
2024-07-01,North India,Home & Living,4,5213.49,7,0
2024-07-02,North India,Home & Living,2,3548.48,3,0
2024-07-03,North India,Home & Living,3,3978.69,5,0
2024-07-04,North India,Home & Living,5,9955.1,9,0
2024-07-05,North India,Home & Living,5,7786.81,7,0
2024-07-06,North India,Home & Living,12,23389.48,21,0
2024-07-07,North India,Home & Living,10,13963.15,18,0
2024-07-08,North India,Home & Living,7,13438.47,13,0
2024-07-09,North India,Home & Living,8,14652.87,11,0
2024-07-10,North India,Home & Living,6,10497.9,9,0
2024-07-11,North India,Home & Living,5,6815.41,7,0
2024-07-12,North India,Home & Living,6,12206.03,9,0
2024-07-13,North India,Home & Living,11,15663.56,19,1
2024-07-14,North India,Home & Living,3,5206.16,5,0
2024-07-15,North India,Home & Living,2,2870.86,3,0
2024-07-16,North India,Home & Living,9,16868.15,15,0
2024-07-17,North India,Home & Living,3,6293.11,5,0
2024-07-18,North India,Home & Living,8,13488.69,13,0
2024-07-19,North India,Home & Living,5,10454.06,7,0
2024-07-20,North India,Home & Living,3,5773.19,4,0
2024-07-21,North India,Home & Living,14,23458.67,25,0
2024-07-22,North India,Home & Living,12,22654.75,17,0
2024-07-23,North India,Home & Living,4,7711.68,6,0
2024-07-24,North India,Home & Living,3,5182.93,4,0
2024-07-25,North India,Home & Living,3,5372.99,5,0
2024-07-26,North India,Home & Living,6,10829.52,9,0
2024-07-27,North India,Home & Living,7,16987.9,13,0
2024-07-28,North India,Home & Living,15,25823.19,26,0
2024-07-29,North India,Home & Living,4,5391.43,7,0
2024-07-30,North India,Home & Living,6,10504.03,9,0
2024-07-31,North India,Home & Living,5,9261.22,9,0
2024-08-01,North India,Home & Living,5,9127.28,8,0
2024-08-02,North India,Home & Living,1,1473.74,1,0
2024-08-03,North India,Home & Living,7,10112.98,12,0
2024-08-04,North India,Home & Living,6,9091.4,8,0
2024-08-05,North India,Home & Living,2,4165.13,3,0
2024-08-06,North India,Home & Living,1,1424.28,1,0
2024-08-07,North India,Home & Living,3,6955.44,4,0
2024-08-08,North India,Home & Living,5,7699.04,7,0
2024-08-09,North India,Home & Living,7,14052.62,12,0
2024-08-10,North India,Home & Living,5,7368.58,7,0
2024-08-11,North India,Home & Living,7,12881.58,9,0
2024-08-12,North India,Home & Living,3,4628.76,4,0
2024-08-13,North India,Home & Living,4,8615.74,7,0
2024-08-14,North India,Home & Living,5,8962.99,8,0
2024-08-15,North India,Home & Living,4,6300.19,7,0
2024-08-16,North India,Home & Living,4,5123.53,5,0
2024-08-17,North India,Home & Living,8,14443.22,12,0
2024-08-18,North India,Home & Living,8,13602.61,13,0
2024-08-19,North India,Home & Living,5,7322.92,7,0
2024-08-20,North India,Home & Living,2,2743.05,3,0
2024-08-21,North India,Home & Living,3,4828.88,4,0
2024-08-22,North India,Home & Living,3,5903.33,4,0
2024-08-23,North India,Home & Living,8,18734.09,13,0
2024-08-24,North India,Home & Living,6,11319.59,8,0
2024-08-25,North India,Home & Living,8,16040.1,11,0
2024-08-26,North India,Home & Living,5,8281.84,7,0
2024-08-27,North India,Home & Living,4,6048.26,7,0
2024-08-28,North India,Home & Living,5,7862.15,9,0
2024-08-29,North India,Home & Living,5,9778.86,9,0
2024-08-30,North India,Home & Living,8,13413.41,12,0
2024-08-31,North India,Home & Living,10,19474.62,18,0
2024-09-01,North India,Home & Living,10,20262.85,16,0
2024-09-02,North India,Home & Living,5,10796.6,9,0
2024-09-03,North India,Home & Living,2,3677.86,3,0
2024-09-04,North India,Home & Living,2,3459.44,3,0
2024-09-05,North India,Home & Living,9,18221.49,15,0
2024-09-06,North India,Home & Living,2,4854.55,2,0
2024-09-07,North India,Home & Living,4,7857.31,7,0
2024-09-08,North India,Home & Living,5,9285.47,8,0
2024-09-09,North India,Home & Living,6,13772.3,11,0
2024-09-10,North India,Home & Living,5,5591.13,9,0
2024-09-11,North India,Home & Living,7,14974.17,10,0
2024-09-12,North India,Home & Living,3,4067.74,5,0
2024-09-13,North India,Home & Living,5,9193.5,8,0
2024-09-14,North India,Home & Living,7,12223.18,11,0
2024-09-15,North India,Home & Living,5,10154.49,9,0
2024-09-16,North India,Home & Living,5,7402.62,7,0
2024-09-17,North India,Home & Living,7,11686.8,11,0
2024-09-18,North India,Home & Living,2,3007.38,2,0
2024-09-19,North India,Home & Living,4,7697.95,7,0
2024-09-20,North India,Home & Living,8,11724.77,13,0
2024-09-21,North India,Home & Living,2,3849.46,3,0
2024-09-22,North India,Home & Living,6,9030.15,10,0
2024-09-23,North India,Home & Living,8,16116.0,12,0
2024-09-24,North India,Home & Living,5,8206.79,7,0
2024-09-25,North India,Home & Living,3,5698.0,5,0
2024-09-26,North India,Home & Living,3,5969.6,4,0
2024-09-27,North India,Home & Living,4,6587.3,6,0
2024-09-28,North India,Home & Living,8,16421.39,11,0
2024-09-29,North India,Home & Living,7,15833.56,12,0
2024-09-30,North India,Home & Living,6,13954.85,8,0
2024-10-01,North India,Home & Living,9,16972.58,13,0
2024-10-02,North India,Home & Living,7,16656.11,10,0
2024-10-03,North India,Home & Living,9,13153.18,14,0
2024-10-04,North India,Home & Living,7,10048.64,11,0
2024-10-05,North India,Home & Living,6,13505.13,10,0
2024-10-06,North India,Home & Living,12,28932.36,19,0
2024-10-07,North India,Home & Living,10,17264.38,14,0
2024-10-08,North India,Home & Living,9,14846.16,17,0
2024-10-09,North India,Home & Living,4,4443.49,5,0
2024-10-10,North India,Home & Living,6,8840.68,10,0
2024-10-11,North India,Home & Living,9,9564.06,15,0
2024-10-12,North India,Home & Living,19,38821.02,27,1
2024-10-13,North India,Home & Living,8,14863.56,13,0
2024-10-14,North India,Home & Living,8,14995.88,15,0
2024-10-15,North India,Home & Living,6,8158.93,10,0
2024-10-16,North India,Home & Living,6,9664.57,10,0
2024-10-17,North India,Home & Living,7,12603.67,9,0
2024-10-18,North India,Home & Living,13,19334.52,22,0
2024-10-19,North India,Home & Living,8,14826.09,15,0
2024-10-20,North India,Home & Living,10,14964.15,18,1
2024-10-21,North India,Home & Living,4,8893.95,5,0
2024-10-22,North India,Home & Living,4,5501.32,7,0
2024-10-23,North India,Home & Living,10,22683.31,15,0
2024-10-24,North India,Home & Living,6,9104.24,8,0
2024-10-25,North India,Home & Living,5,9425.85,7,0
2024-10-26,North India,Home & Living,9,16378.35,13,0
2024-10-27,North India,Home & Living,14,17764.04,20,0
2024-10-28,North India,Home & Living,10,15957.51,18,0
2024-10-29,North India,Home & Living,9,15907.92,17,0
2024-10-30,North India,Home & Living,12,16762.22,19,0
2024-10-31,North India,Home & Living,12,20028.17,16,0
2024-11-01,North India,Home & Living,12,18742.71,19,1
2024-11-02,North India,Home & Living,7,8825.72,10,0
2024-11-03,North India,Home & Living,8,18081.67,11,0
2024-11-04,North India,Home & Living,10,12771.47,14,0
2024-11-05,North India,Home & Living,7,11773.55,12,0
2024-11-06,North India,Home & Living,5,8670.76,8,0
2024-11-07,North India,Home & Living,12,21052.68,20,0
2024-11-08,North India,Home & Living,8,14710.71,13,0
2024-11-09,North India,Home & Living,5,8919.58,7,0
2024-11-10,North India,Home & Living,13,34912.42,22,0
2024-11-11,North India,Home & Living,6,15419.64,9,0
2024-11-12,North India,Home & Living,9,19581.31,14,0
2024-11-13,North India,Home & Living,5,13017.81,7,0
2024-11-14,North India,Home & Living,5,8354.5,7,0
2024-11-15,North India,Home & Living,6,14433.36,9,0
2024-11-16,North India,Home & Living,10,14944.92,15,0
2024-11-17,North India,Home & Living,9,17630.73,14,0
2024-11-18,North India,Home & Living,3,6041.3,4,0
2024-11-19,North India,Home & Living,9,13193.44,12,0
2024-11-20,North India,Home & Living,6,14668.92,9,0
2024-11-21,North India,Home & Living,5,9019.06,7,0
2024-11-22,North India,Home & Living,10,18844.12,16,0
2024-11-23,North India,Home & Living,9,16918.34,13,0
2024-11-24,North India,Home & Living,9,16975.79,16,0
2024-11-25,North India,Home & Living,10,16145.59,18,0
2024-11-26,North India,Home & Living,6,12461.83,9,0
2024-11-27,North India,Home & Living,7,13711.27,10,0
2024-11-28,North India,Home & Living,13,21668.92,23,0
2024-11-29,North India,Home & Living,9,16964.66,13,0
2024-11-30,North India,Home & Living,15,33323.16,23,1
2024-12-01,North India,Home & Living,9,12635.49,16,0
2024-12-02,North India,Home & Living,3,5748.54,5,0
2024-12-03,North India,Home & Living,5,7749.8,9,0
2024-12-04,North India,Home & Living,4,8130.25,7,0
2024-12-05,North India,Home & Living,4,7083.84,6,0
2024-12-06,North India,Home & Living,5,10531.93,8,0
2024-12-07,North India,Home & Living,3,6087.04,4,0
2024-12-08,North India,Home & Living,9,14922.0,16,0
2024-12-09,North India,Home & Living,5,10194.34,8,0
2024-12-10,North India,Home & Living,7,13301.17,10,0
2024-12-11,North India,Home & Living,6,11741.09,8,0
2024-12-12,North India,Home & Living,3,4150.17,4,0
2024-12-13,North India,Home & Living,5,9381.13,8,0
2024-12-14,North India,Home & Living,5,7557.93,7,0
2024-12-15,North India,Home & Living,6,10173.0,10,0
2024-12-16,North India,Home & Living,7,14526.13,10,0
2024-12-17,North India,Home & Living,4,6828.18,6,0
2024-12-18,North India,Home & Living,2,4743.49,2,0
2024-12-19,North India,Home & Living,6,11047.63,10,0
2024-12-20,North India,Home & Living,5,7196.6,7,0
2024-12-21,North India,Home & Living,3,6936.19,5,0
2024-12-22,North India,Home & Living,7,14216.63,10,0
2024-12-23,North India,Home & Living,6,9962.02,10,0
2024-12-24,North India,Home & Living,8,14121.45,12,0
2024-12-25,North India,Home & Living,7,13460.68,10,0
2024-12-26,North India,Home & Living,7,13394.35,10,0
2024-12-27,North India,Home & Living,5,9064.68,9,0
2024-12-28,North India,Home & Living,13,12140.73,20,1
2024-12-29,North India,Home & Living,4,7570.8,5,0
2024-12-30,North India,Home & Living,3,5028.13,4,0
2024-12-31,North India,Home & Living,3,6448.3,5,0
2025-01-01,North India,Home & Living,6,8497.61,9,0
2025-01-02,North India,Home & Living,2,3675.35,3,0
2025-01-03,North India,Home & Living,5,6513.24,9,0
2025-01-04,North India,Home & Living,16,29552.86,29,1
2025-01-05,North India,Home & Living,6,7981.15,10,0
2025-01-06,North India,Home & Living,8,14377.34,11,0
2025-01-07,North India,Home & Living,7,12632.24,11,0
2025-01-08,North India,Home & Living,7,10640.68,10,0
2025-01-09,North India,Home & Living,5,9705.54,7,0
2025-01-10,North India,Home & Living,3,6201.54,5,0
2025-01-11,North India,Home & Living,9,13705.55,14,0
2025-01-12,North India,Home & Living,3,7731.15,4,0
2025-01-13,North India,Home & Living,3,6756.16,4,0
2025-01-14,North India,Home & Living,4,8914.05,7,0
2025-01-15,North India,Home & Living,9,14943.48,14,0
2025-01-16,North India,Home & Living,6,13761.66,9,0
2025-01-17,North India,Home & Living,5,7245.47,8,0
2025-01-18,North India,Home & Living,10,17640.65,14,0
2025-01-19,North India,Home & Living,7,13026.08,13,0
2025-01-20,North India,Home & Living,5,9870.79,9,0
2025-01-21,North India,Home & Living,9,12783.52,15,0
2025-01-22,North India,Home & Living,7,16088.46,13,0
2025-01-23,North India,Home & Living,3,5022.39,5,0
2025-01-24,North India,Home & Living,7,10452.11,13,0
2025-01-25,North India,Home & Living,15,21512.15,26,0
2025-01-26,North India,Home & Living,8,19266.26,12,0
2025-01-27,North India,Home & Living,6,10771.95,10,0
2025-01-28,North India,Home & Living,7,10595.83,10,0
2025-01-29,North India,Home & Living,5,9497.87,7,0
2025-01-30,North India,Home & Living,8,14410.99,14,0
2025-01-31,North India,Home & Living,12,17517.75,20,0
2025-02-01,North India,Home & Living,10,20014.64,16,0
2025-02-02,North India,Home & Living,4,5125.16,6,0
2025-02-03,North India,Home & Living,4,6507.19,7,0
2025-02-04,North India,Home & Living,5,10232.15,7,0
2025-02-05,North India,Home & Living,4,6478.39,5,0
2025-02-06,North India,Home & Living,3,7196.14,5,0
2025-02-07,North India,Home & Living,5,9945.36,9,0
2025-02-08,North India,Home & Living,5,9333.64,8,0
2025-02-09,North India,Home & Living,3,5699.19,4,0
2025-02-10,North India,Home & Living,8,19320.95,13,0
2025-02-11,North India,Home & Living,4,7053.12,7,0
2025-02-12,North India,Home & Living,4,7935.14,7,0
2025-02-13,North India,Home & Living,3,4536.55,4,0
2025-02-14,North India,Home & Living,7,13051.47,10,0
2025-02-15,North India,Home & Living,6,12598.5,9,0
2025-02-16,North India,Home & Living,12,25946.83,17,0
2025-02-17,North India,Home & Living,5,10316.15,7,0
2025-02-18,North India,Home & Living,1,1948.78,1,0
2025-02-19,North India,Home & Living,2,3177.45,2,0
2025-02-20,North India,Home & Living,4,6692.67,6,0
2025-02-21,North India,Home & Living,6,11836.93,10,0
2025-02-22,North India,Home & Living,8,14257.4,14,0
2025-02-23,North India,Home & Living,7,11027.14,11,0
2025-02-24,North India,Home & Living,5,5791.81,7,0
2025-02-25,North India,Home & Living,7,15258.93,11,0
2025-02-26,North India,Home & Living,9,11409.7,15,0
2025-02-27,North India,Home & Living,1,2394.49,1,0
2025-02-28,North India,Home & Living,10,25500.59,15,0
2025-03-01,North India,Home & Living,6,12145.06,9,0
2025-03-02,North India,Home & Living,5,11267.9,8,0
2025-03-03,North India,Home & Living,4,9266.57,6,0
2025-03-04,North India,Home & Living,5,7487.25,8,0
2025-03-05,North India,Home & Living,4,8383.42,7,0
2025-03-06,North India,Home & Living,5,9383.27,7,0
2025-03-07,North India,Home & Living,4,8696.48,6,0
2025-03-08,North India,Home & Living,9,14435.91,14,0
2025-03-09,North India,Home & Living,8,18568.56,14,0
2025-03-10,North India,Home & Living,7,17185.75,11,0
2025-03-11,North India,Home & Living,5,8504.99,7,0
2025-03-12,North India,Home & Living,5,6551.17,7,0
2025-03-13,North India,Home & Living,9,15100.24,13,0
2025-03-14,North India,Home & Living,5,9138.98,7,0
2025-03-15,North India,Home & Living,3,4428.96,5,0
2025-03-16,North India,Home & Living,6,9597.52,8,0
2025-03-17,North India,Home & Living,8,13545.83,14,0
2025-03-18,North India,Home & Living,4,9792.84,5,0
2025-03-19,North India,Home & Living,3,5915.95,4,0
2025-03-20,North India,Home & Living,3,4860.85,5,0
2025-03-21,North India,Home & Living,5,9365.57,7,0
2025-03-22,North India,Home & Living,11,27343.21,20,1
2025-03-23,North India,Home & Living,8,14162.2,14,0
2025-03-24,North India,Home & Living,1,1269.79,1,0
2025-03-25,North India,Home & Living,10,17934.25,15,0
2025-03-26,North India,Home & Living,7,12905.57,13,0
2025-03-27,North India,Home & Living,4,6798.59,5,0
2025-03-28,North India,Home & Living,6,10618.96,9,0
2025-03-29,North India,Home & Living,11,23690.47,16,0
2025-03-30,North India,Home & Living,13,22387.81,23,1
2025-03-31,North India,Home & Living,7,13191.02,10,0
2025-04-01,North India,Home & Living,5,6304.69,8,0
2025-04-02,North India,Home & Living,8,14362.58,11,0
2025-04-03,North India,Home & Living,5,6379.83,7,0
2025-04-04,North India,Home & Living,2,4507.03,3,0
2025-04-05,North India,Home & Living,14,22706.45,23,1
2025-04-06,North India,Home & Living,10,15309.74,17,0
2025-04-07,North India,Home & Living,5,9096.48,8,0
2025-04-08,North India,Home & Living,2,3982.32,3,0
2025-04-09,North India,Home & Living,3,4164.8,5,0
2025-04-10,North India,Home & Living,2,3890.87,3,0
2025-04-11,North India,Home & Living,8,14430.27,13,0
2025-04-12,North India,Home & Living,7,14598.67,9,0
2025-04-13,North India,Home & Living,9,16078.69,17,0
2025-04-14,North India,Home & Living,4,6123.9,6,0
2025-04-15,North India,Home & Living,6,13251.16,9,0
2025-04-16,North India,Home & Living,5,10388.15,8,0
2025-04-17,North India,Home & Living,6,9628.61,9,0
2025-04-18,North India,Home & Living,6,9481.26,9,0
2025-04-19,North India,Home & Living,5,10493.84,7,0
2025-04-20,North India,Home & Living,6,13455.53,10,0
2025-04-21,North India,Home & Living,9,18057.67,15,0
2025-04-22,North India,Home & Living,8,12679.3,13,0
2025-04-23,North India,Home & Living,3,5453.64,4,0
2025-04-24,North India,Home & Living,8,12963.32,12,0
2025-04-25,North India,Home & Living,3,6849.12,4,0
2025-04-26,North India,Home & Living,11,24607.07,20,0
2025-04-27,North India,Home & Living,8,16417.77,13,0
2025-04-28,North India,Home & Living,8,18478.11,11,0
2025-04-29,North India,Home & Living,8,14626.96,12,0
2025-04-30,North India,Home & Living,7,16238.33,9,0
2025-05-01,North India,Home & Living,7,8554.62,11,0
2025-05-02,North India,Home & Living,7,14122.39,11,0
2025-05-03,North India,Home & Living,5,8980.98,7,0
2025-05-04,North India,Home & Living,12,23550.6,18,1
2025-05-05,North India,Home & Living,4,5034.0,6,0
2025-05-06,North India,Home & Living,6,9700.32,9,0
2025-05-07,North India,Home & Living,8,16906.05,13,0
2025-05-08,North India,Home & Living,5,7624.44,8,0
2025-05-09,North India,Home & Living,4,5818.36,7,0
2025-05-10,North India,Home & Living,9,17846.15,13,0
2025-05-11,North India,Home & Living,5,8150.55,7,0
2025-05-12,North India,Home & Living,5,8659.45,7,0
2025-05-13,North India,Home & Living,5,8723.62,8,0
2025-05-14,North India,Home & Living,7,8356.83,12,0
2025-05-15,North India,Home & Living,5,9791.61,9,0
2025-05-16,North India,Home & Living,1,2402.28,1,0
2025-05-17,North India,Home & Living,5,8776.0,8,0
2025-05-18,North India,Home & Living,18,27701.44,28,0
2025-05-19,North India,Home & Living,2,4211.85,3,0
2025-05-20,North India,Home & Living,7,12570.21,13,0
2025-05-21,North India,Home & Living,5,9522.28,8,0
2025-05-22,North India,Home & Living,6,11271.24,11,0
2025-05-23,North India,Home & Living,9,12948.45,15,0
2025-05-24,North India,Home & Living,8,10681.59,15,0
2025-05-25,North India,Home & Living,8,17823.65,14,0
2025-05-26,North India,Home & Living,5,9096.83,7,0
2025-05-27,North India,Home & Living,4,4972.51,7,0
2025-05-28,North India,Home & Living,5,7539.05,8,0
2025-05-29,North India,Home & Living,6,12484.95,11,0
2025-05-30,North India,Home & Living,5,8452.53,7,0
2025-05-31,North India,Home & Living,14,27906.96,22,1
2025-06-01,North India,Home & Living,9,20485.68,16,0
2025-06-02,North India,Home & Living,7,11772.59,12,0
2025-06-03,North India,Home & Living,6,11715.78,11,0
2025-06-04,North India,Home & Living,8,14748.51,12,0
2025-06-05,North India,Home & Living,5,8228.39,9,0
2025-06-06,North India,Home & Living,5,10052.03,7,0
2025-06-07,North India,Home & Living,13,23226.41,23,0
2025-06-08,North India,Home & Living,12,24112.81,20,0
2025-06-09,North India,Home & Living,5,10163.32,7,0
2025-06-10,North India,Home & Living,7,9789.15,11,0
2025-06-11,North India,Home & Living,7,12505.57,13,0
2025-06-12,North India,Home & Living,7,9986.92,12,0
2025-06-13,North India,Home & Living,2,2881.03,3,0
2025-06-14,North India,Home & Living,5,8611.47,8,0
2025-06-15,North India,Home & Living,9,15809.25,14,0
2025-06-16,North India,Home & Living,5,10340.52,7,0
2025-06-17,North India,Home & Living,8,12209.27,12,0
2025-06-18,North India,Home & Living,6,11140.04,11,0
2025-06-19,North India,Home & Living,4,7402.29,6,0
2025-06-20,North India,Home & Living,5,10078.28,8,0
2025-06-21,North India,Home & Living,7,10046.41,10,0
2025-06-22,North India,Home & Living,8,13247.93,12,0
2025-06-23,North India,Home & Living,3,4542.35,5,0
2025-06-24,North India,Home & Living,7,12039.77,12,0
2025-06-25,North India,Home & Living,4,7990.04,6,0
2025-06-26,North India,Home & Living,1,1758.55,1,0
2025-06-27,North India,Home & Living,8,15316.46,12,0
2025-06-28,North India,Home & Living,13,17970.41,18,0
2025-06-29,North India,Home & Living,10,22852.67,17,0
2025-06-30,North India,Home & Living,9,13626.03,15,0
2025-07-01,North India,Home & Living,3,3482.68,4,0
2025-07-02,North India,Home & Living,7,14809.67,9,0
2025-07-03,North India,Home & Living,5,8495.45,7,0
2025-07-04,North India,Home & Living,7,11096.95,12,0
2025-07-05,North India,Home & Living,14,23901.1,24,0
2025-07-06,North India,Home & Living,4,7234.66,6,0
2025-07-07,North India,Home & Living,5,9734.15,8,0
2025-07-08,North India,Home & Living,6,11326.88,9,0
2025-07-09,North India,Home & Living,7,10331.94,10,0
2025-07-10,North India,Home & Living,7,10616.13,10,0
2025-07-11,North India,Home & Living,5,6674.91,7,0
2025-07-12,North India,Home & Living,6,10925.46,9,0
2025-07-13,North India,Home & Living,11,25840.01,15,0
2025-07-14,North India,Home & Living,1,1798.64,1,0
2025-07-15,North India,Home & Living,3,6094.27,4,0
2025-07-16,North India,Home & Living,8,12835.91,14,0
2025-07-17,North India,Home & Living,3,4864.51,4,0
2025-07-19,North India,Home & Living,5,11486.82,8,0
2025-07-20,North India,Home & Living,12,28920.99,17,0
2025-07-21,North India,Home & Living,5,11408.65,7,0
2025-07-22,North India,Home & Living,3,3834.46,4,0
2025-07-23,North India,Home & Living,10,20751.33,16,0
2025-07-24,North India,Home & Living,3,4823.55,4,0
2025-07-25,North India,Home & Living,6,13697.36,10,0
2025-07-26,North India,Home & Living,7,14144.15,12,0
2025-07-27,North India,Home & Living,4,6905.92,6,0
2025-07-28,North India,Home & Living,7,11631.01,12,0
2025-07-29,North India,Home & Living,11,27846.84,20,0
2025-07-30,North India,Home & Living,11,21658.25,16,0
2025-07-31,North India,Home & Living,9,19900.63,12,0
2025-08-01,North India,Home & Living,4,6075.48,6,0
2025-08-02,North India,Home & Living,10,14894.99,15,0
2025-08-03,North India,Home & Living,5,8203.09,7,0
2025-08-04,North India,Home & Living,4,7258.65,6,0
2025-08-05,North India,Home & Living,8,15162.4,14,0
2025-08-06,North India,Home & Living,6,11650.15,11,0
2025-08-07,North India,Home & Living,4,6653.52,7,0
2025-08-08,North India,Home & Living,3,4862.48,5,0
2025-08-09,North India,Home & Living,10,24685.78,18,0
2025-08-10,North India,Home & Living,3,5349.98,4,0
2025-08-11,North India,Home & Living,6,9402.11,8,0
2025-08-12,North India,Home & Living,7,11659.85,10,0
2025-08-13,North India,Home & Living,10,20974.72,14,0
2025-08-14,North India,Home & Living,6,10899.1,10,0
2025-08-15,North India,Home & Living,3,4822.44,4,0
2025-08-16,North India,Home & Living,5,8337.91,8,0
2025-08-17,North India,Home & Living,7,12705.02,10,0
2025-08-18,North India,Home & Living,6,9220.4,9,0
2025-08-19,North India,Home & Living,7,11827.79,12,0
2025-08-20,North India,Home & Living,7,13346.33,12,0
2025-08-21,North India,Home & Living,2,3459.68,3,0
2025-08-22,North India,Home & Living,3,5030.73,5,0
2025-08-23,North India,Home & Living,11,22620.74,19,0
2025-08-24,North India,Home & Living,5,8005.11,7,0
2025-08-25,North India,Home & Living,7,12040.16,12,0
2025-08-26,North India,Home & Living,6,10833.5,10,0
2025-08-27,North India,Home & Living,11,16534.95,15,0
2025-08-28,North India,Home & Living,5,11214.65,8,0
2025-08-29,North India,Home & Living,5,10651.92,7,0
2025-08-30,North India,Home & Living,5,7893.03,7,0
2025-08-31,North India,Home & Living,15,31559.44,28,0
2025-09-01,North India,Home & Living,4,7411.58,6,0
2025-09-02,North India,Home & Living,10,24240.93,18,0
2025-09-03,North India,Home & Living,6,11174.32,8,0
2025-09-04,North India,Home & Living,6,12704.66,8,0
2025-09-05,North India,Home & Living,4,7956.17,6,0
2025-09-06,North India,Home & Living,4,8042.22,6,0
2025-09-07,North India,Home & Living,11,16402.77,17,0
2025-09-08,North India,Home & Living,6,10364.72,9,0
2025-09-09,North India,Home & Living,6,14208.87,9,0
2025-09-10,North India,Home & Living,5,8925.36,8,0
2025-09-11,North India,Home & Living,2,4110.56,3,0
2025-09-12,North India,Home & Living,4,6190.9,6,0
2025-09-13,North India,Home & Living,4,8275.06,7,0
2025-09-14,North India,Home & Living,13,18696.61,24,0
2025-09-15,North India,Home & Living,6,7561.5,9,0
2025-09-16,North India,Home & Living,3,4787.46,5,0
2025-09-17,North India,Home & Living,10,13208.12,14,0
2025-09-18,North India,Home & Living,7,11282.69,9,0
2025-09-19,North India,Home & Living,2,3603.25,3,0
2025-09-20,North India,Home & Living,9,18414.11,15,0
2025-09-21,North India,Home & Living,9,15776.55,13,0
2025-09-22,North India,Home & Living,6,7594.8,10,0
2025-09-23,North India,Home & Living,3,7219.46,5,0
2025-09-24,North India,Home & Living,9,24375.64,15,0
2025-09-25,North India,Home & Living,4,8474.6,6,0
2025-09-26,North India,Home & Living,6,7383.42,10,0
2025-09-27,North India,Home & Living,9,15746.26,13,0
2025-09-28,North India,Home & Living,8,14753.23,12,0
2025-09-29,North India,Home & Living,13,21907.11,19,0
2025-09-30,North India,Home & Living,8,16243.87,13,0
2025-10-01,North India,Home & Living,4,9888.37,7,0
2025-10-02,North India,Home & Living,7,15514.75,9,0
2025-10-03,North India,Home & Living,7,13878.02,12,0
2025-10-04,North India,Home & Living,10,13954.57,15,0
2025-10-05,North India,Home & Living,4,6916.14,7,0
2025-10-06,North India,Home & Living,12,20641.14,22,0
2025-10-07,North India,Home & Living,6,8558.37,10,0
2025-10-08,North India,Home & Living,9,13996.39,13,0
2025-10-09,North India,Home & Living,8,15615.75,11,0
2025-10-10,North India,Home & Living,8,20174.13,12,0
2025-10-11,North India,Home & Living,16,27590.11,25,1
2025-10-12,North India,Home & Living,14,23423.66,20,0
2025-10-13,North India,Home & Living,7,12628.62,13,0
2025-10-14,North India,Home & Living,9,15025.12,12,0
2025-10-15,North India,Home & Living,9,11221.93,14,0
2025-10-16,North India,Home & Living,6,10474.77,10,0
2025-10-17,North India,Home & Living,5,8499.09,7,0
2025-10-18,North India,Home & Living,9,14652.54,16,0
2025-10-19,North India,Home & Living,10,17426.38,14,0
2025-10-20,North India,Home & Living,4,9987.83,6,0
2025-10-21,North India,Home & Living,11,18510.72,15,0
2025-10-22,North India,Home & Living,8,19119.94,13,0
2025-10-23,North India,Home & Living,5,8278.19,7,0
2025-10-24,North India,Home & Living,9,15117.71,16,0
2025-10-25,North India,Home & Living,13,21553.04,22,1
2025-10-26,North India,Home & Living,17,25979.65,27,0
2025-10-27,North India,Home & Living,9,13363.19,15,0
2025-10-28,North India,Home & Living,14,35506.73,20,0
2025-10-29,North India,Home & Living,5,9584.59,8,0
2025-10-30,North India,Home & Living,15,23097.5,27,1
2025-10-31,North India,Home & Living,9,13958.86,15,0
2025-11-01,North India,Home & Living,10,16844.4,14,0
2025-11-02,North India,Home & Living,16,24840.87,26,0
2025-11-03,North India,Home & Living,13,22395.75,24,0
2025-11-04,North India,Home & Living,11,17032.16,17,0
2025-11-05,North India,Home & Living,6,10501.01,9,0
2025-11-06,North India,Home & Living,10,19063.03,18,0
2025-11-07,North India,Home & Living,3,5839.11,5,0
2025-11-08,North India,Home & Living,15,18251.26,23,0
2025-11-09,North India,Home & Living,14,24496.46,23,0
2025-11-10,North India,Home & Living,8,14321.96,13,0
2025-11-11,North India,Home & Living,12,22066.94,17,0
2025-11-12,North India,Home & Living,11,22800.92,15,0
2025-11-13,North India,Home & Living,4,7667.27,7,0
2025-11-14,North India,Home & Living,5,11270.66,8,0
2025-11-15,North India,Home & Living,20,41955.91,29,0
2025-11-16,North India,Home & Living,12,24566.97,21,1
2025-11-17,North India,Home & Living,14,27729.55,23,0
2025-11-18,North India,Home & Living,8,15436.27,13,0
2025-11-19,North India,Home & Living,4,6854.38,6,0
2025-11-20,North India,Home & Living,7,9618.89,9,0
2025-11-21,North India,Home & Living,10,26582.73,18,0
2025-11-22,North India,Home & Living,12,18281.22,18,0
2025-11-23,North India,Home & Living,20,30537.77,37,1
2025-11-24,North India,Home & Living,1,1845.21,1,0
2025-11-25,North India,Home & Living,12,24744.18,18,0
2025-11-26,North India,Home & Living,13,23070.72,21,0
2025-11-27,North India,Home & Living,5,10245.66,7,0
2025-11-28,North India,Home & Living,9,18840.63,16,0
2025-11-29,North India,Home & Living,18,26183.38,26,0
2025-11-30,North India,Home & Living,21,43029.07,32,1
2025-12-01,North India,Home & Living,6,10056.53,9,0
2025-12-02,North India,Home & Living,4,5306.55,6,0
2025-12-03,North India,Home & Living,3,6324.76,4,0
2025-12-04,North India,Home & Living,7,12352.25,11,0
2025-12-05,North India,Home & Living,8,23101.55,13,0
2025-12-06,North India,Home & Living,3,5802.36,5,0
2025-12-07,North India,Home & Living,4,8939.97,6,0
2025-12-08,North India,Home & Living,6,9867.69,10,0
2025-12-09,North India,Home & Living,4,5880.16,5,0
2025-12-10,North India,Home & Living,4,6921.28,7,0
2025-12-11,North India,Home & Living,7,11920.93,11,0
2025-12-12,North India,Home & Living,9,9938.41,16,0
2025-12-13,North India,Home & Living,7,11228.1,10,0
2025-12-14,North India,Home & Living,13,24745.52,23,0
2025-12-15,North India,Home & Living,1,1716.48,1,0
2025-12-16,North India,Home & Living,4,5136.17,6,0
2025-12-17,North India,Home & Living,6,10077.59,10,0
2025-12-18,North India,Home & Living,6,8693.55,10,0
2025-12-19,North India,Home & Living,2,3349.39,3,0
2025-12-20,North India,Home & Living,8,12337.83,11,0
2025-12-21,North India,Home & Living,10,16575.1,14,0
2025-12-22,North India,Home & Living,10,24440.69,16,0
2025-12-23,North India,Home & Living,4,8652.8,7,0
2025-12-24,North India,Home & Living,4,5173.23,6,0
2025-12-25,North India,Home & Living,4,8678.95,7,0
2025-12-26,North India,Home & Living,6,11442.24,8,0
2025-12-27,North India,Home & Living,2,4259.43,3,0
2025-12-28,North India,Home & Living,11,21120.1,15,0
2025-12-29,North India,Home & Living,6,10483.94,9,0
2025-12-30,North India,Home & Living,4,7356.9,5,0
2025-12-31,North India,Home & Living,2,3401.87,3,0
2024-01-01,North India,Beauty,1,872.69,1,0
2024-01-02,North India,Beauty,2,2713.86,3,0
2024-01-03,North India,Beauty,2,1549.98,3,0
2024-01-04,North India,Beauty,3,2928.52,5,0
2024-01-05,North India,Beauty,4,2385.96,6,0
2024-01-06,North India,Beauty,5,5779.28,9,0
2024-01-07,North India,Beauty,2,2346.85,3,0
2024-01-08,North India,Beauty,2,1863.28,3,0
2024-01-09,North India,Beauty,4,3688.83,6,0
2024-01-10,North India,Beauty,2,1347.88,2,0
2024-01-11,North India,Beauty,2,1753.03,3,0
2024-01-12,North India,Beauty,4,3974.84,6,0
2024-01-13,North India,Beauty,5,6828.51,9,0
2024-01-14,North India,Beauty,3,2541.83,4,0
2024-01-15,North India,Beauty,2,2039.51,3,0
2024-01-16,North India,Beauty,3,3318.66,4,0
2024-01-17,North India,Beauty,4,4213.27,6,0
2024-01-18,North India,Beauty,6,4617.34,9,0
2024-01-19,North India,Beauty,1,968.88,1,0
2024-01-20,North India,Beauty,5,4217.12,8,0
2024-01-21,North India,Beauty,4,3190.03,7,0
2024-01-22,North India,Beauty,2,1355.47,3,0
2024-01-23,North India,Beauty,9,11538.06,15,0
2024-01-24,North India,Beauty,3,4499.41,5,0
2024-01-25,North India,Beauty,3,3202.66,4,0
2024-01-26,North India,Beauty,1,855.82,1,0
2024-01-27,North India,Beauty,2,2440.34,3,0
2024-01-28,North India,Beauty,12,10176.84,18,0
2024-01-29,North India,Beauty,4,3213.11,7,0
2024-01-30,North India,Beauty,3,2673.55,5,0
2024-01-31,North India,Beauty,6,7466.92,10,0
2024-02-01,North India,Beauty,1,692.96,1,0
2024-02-02,North India,Beauty,9,8785.01,15,0
2024-02-03,North India,Beauty,7,4757.7,12,0
2024-02-04,North India,Beauty,5,2142.41,8,0
2024-02-05,North India,Beauty,1,1087.71,1,0
2024-02-06,North India,Beauty,6,5267.97,11,0
2024-02-07,North India,Beauty,5,6391.11,8,0
2024-02-08,North India,Beauty,3,2187.78,4,0
2024-02-09,North India,Beauty,3,2734.41,5,0
2024-02-10,North India,Beauty,6,6639.91,10,0
2024-02-11,North India,Beauty,4,1451.19,6,0
2024-02-12,North India,Beauty,5,3889.38,7,0
2024-02-13,North India,Beauty,4,3258.8,6,0
2024-02-14,North India,Beauty,4,5493.66,6,0
2024-02-15,North India,Beauty,5,5212.68,9,0
2024-02-16,North India,Beauty,1,758.91,1,0
2024-02-17,North India,Beauty,5,3941.86,8,0
2024-02-18,North India,Beauty,11,13044.61,16,0
2024-02-19,North India,Beauty,6,5054.72,9,0
2024-02-20,North India,Beauty,7,7399.67,11,0
2024-02-21,North India,Beauty,2,2196.44,2,0
2024-02-22,North India,Beauty,4,3891.58,6,0
2024-02-23,North India,Beauty,4,6725.73,6,0
2024-02-24,North India,Beauty,6,7293.7,8,0
2024-02-25,North India,Beauty,11,12317.92,17,0
2024-02-26,North India,Beauty,4,2405.22,6,0
2024-02-27,North India,Beauty,4,3813.97,5,0
2024-02-28,North India,Beauty,5,5871.5,8,0
2024-02-29,North India,Beauty,5,5318.82,7,0
2024-03-01,North India,Beauty,4,3651.33,5,0
2024-03-02,North India,Beauty,3,3149.41,4,0
2024-03-03,North India,Beauty,5,8103.85,7,0
2024-03-04,North India,Beauty,6,2981.48,10,0
2024-03-05,North India,Beauty,3,3429.37,4,0
2024-03-06,North India,Beauty,3,2905.0,4,0
2024-03-07,North India,Beauty,3,4050.07,5,0
2024-03-08,North India,Beauty,6,5117.74,11,0
2024-03-09,North India,Beauty,5,3998.24,7,0
2024-03-10,North India,Beauty,5,2879.78,8,0
2024-03-11,North India,Beauty,4,3615.49,6,0
2024-03-12,North India,Beauty,2,2449.14,3,0
2024-03-13,North India,Beauty,2,2248.12,3,0
2024-03-14,North India,Beauty,4,5380.07,6,0
2024-03-15,North India,Beauty,6,6071.17,9,0
2024-03-16,North India,Beauty,5,1814.99,7,0
2024-03-17,North India,Beauty,8,6374.94,13,0
2024-03-18,North India,Beauty,6,5536.0,11,0
2024-03-19,North India,Beauty,1,811.97,1,0
2024-03-20,North India,Beauty,5,3980.11,8,0
2024-03-21,North India,Beauty,3,1624.86,4,0
2024-03-22,North India,Beauty,3,2622.8,5,0
2024-03-23,North India,Beauty,8,2753.75,13,0
2024-03-24,North India,Beauty,4,3809.68,6,0
2024-03-25,North India,Beauty,3,1964.13,4,0
2024-03-26,North India,Beauty,4,2221.73,6,0
2024-03-27,North India,Beauty,3,3889.6,5,0
2024-03-28,North India,Beauty,8,6695.61,12,0
2024-03-29,North India,Beauty,6,5871.92,9,0
2024-03-30,North India,Beauty,8,5969.84,11,0
2024-03-31,North India,Beauty,5,5224.71,7,0
2024-04-01,North India,Beauty,4,4913.87,6,0
2024-04-02,North India,Beauty,4,5039.49,6,0
2024-04-03,North India,Beauty,4,4351.53,6,0
2024-04-04,North India,Beauty,2,2062.78,3,0
2024-04-05,North India,Beauty,5,4927.87,8,0
2024-04-06,North India,Beauty,7,5982.69,13,0
2024-04-07,North India,Beauty,7,5611.0,10,0
2024-04-08,North India,Beauty,7,5158.6,11,0
2024-04-09,North India,Beauty,3,4990.64,4,0
2024-04-10,North India,Beauty,3,3847.58,4,0
2024-04-11,North India,Beauty,2,1727.82,3,0
2024-04-13,North India,Beauty,6,5543.42,10,0
2024-04-14,North India,Beauty,6,7246.57,10,0
2024-04-15,North India,Beauty,4,1649.33,6,0
2024-04-16,North India,Beauty,3,2220.19,4,0
2024-04-17,North India,Beauty,4,4740.13,7,0
2024-04-18,North India,Beauty,3,1959.07,5,0
2024-04-19,North India,Beauty,2,1106.09,3,0
2024-04-20,North India,Beauty,10,10853.71,14,0
2024-04-21,North India,Beauty,6,3927.72,9,0
2024-04-22,North India,Beauty,2,2594.08,3,0
2024-04-24,North India,Beauty,1,867.31,1,0
2024-04-25,North India,Beauty,5,4824.47,8,0
2024-04-26,North India,Beauty,1,741.35,1,0
2024-04-27,North India,Beauty,7,5723.15,11,0
2024-04-28,North India,Beauty,7,5435.36,11,0
2024-04-29,North India,Beauty,3,2428.18,5,0
2024-04-30,North India,Beauty,9,7036.97,14,0
2024-05-01,North India,Beauty,1,902.41,1,0
2024-05-02,North India,Beauty,3,3494.15,4,0
2024-05-03,North India,Beauty,8,9950.53,13,0
2024-05-04,North India,Beauty,2,2148.75,3,0
2024-05-05,North India,Beauty,4,2984.85,6,0
2024-05-06,North India,Beauty,4,3458.07,7,0
2024-05-07,North India,Beauty,3,4203.13,5,0
2024-05-08,North India,Beauty,2,2159.61,3,0
2024-05-09,North India,Beauty,2,2215.21,3,0
2024-05-10,North India,Beauty,2,1911.22,3,0
2024-05-11,North India,Beauty,7,7803.77,11,0
2024-05-12,North India,Beauty,7,4463.69,11,0
2024-05-13,North India,Beauty,6,6912.78,10,0
2024-05-14,North India,Beauty,3,4948.37,4,0
2024-05-15,North India,Beauty,5,2992.29,7,0
2024-05-16,North India,Beauty,6,5145.14,10,0
2024-05-17,North India,Beauty,6,5427.37,10,0
2024-05-18,North India,Beauty,5,4486.94,8,0
2024-05-19,North India,Beauty,6,6362.47,9,0
2024-05-20,North India,Beauty,3,3255.35,4,0
2024-05-21,North India,Beauty,2,2544.6,3,0
2024-05-22,North India,Beauty,4,3990.49,6,0
2024-05-23,North India,Beauty,5,7027.8,8,0
2024-05-24,North India,Beauty,4,3772.39,5,0
2024-05-25,North India,Beauty,7,8213.15,12,0
2024-05-26,North India,Beauty,6,3986.97,9,0
2024-05-27,North India,Beauty,1,1175.29,1,0
2024-05-28,North India,Beauty,7,9157.31,11,0
2024-05-29,North India,Beauty,3,2215.24,4,0
2024-05-30,North India,Beauty,6,4149.87,8,0
2024-05-31,North India,Beauty,5,3893.12,7,0
2024-06-01,North India,Beauty,4,6408.67,6,0
2024-06-02,North India,Beauty,7,7874.7,12,0
2024-06-03,North India,Beauty,3,2226.33,4,0
2024-06-04,North India,Beauty,4,4846.33,6,0
2024-06-05,North India,Beauty,3,2783.52,4,0
2024-06-06,North India,Beauty,6,7108.7,11,0
2024-06-07,North India,Beauty,2,1632.61,2,0
2024-06-08,North India,Beauty,4,4434.93,6,0
2024-06-09,North India,Beauty,6,6272.21,10,0
2024-06-10,North India,Beauty,8,6869.9,13,0
2024-06-11,North India,Beauty,6,6873.58,10,0
2024-06-12,North India,Beauty,5,6525.04,7,0
2024-06-13,North India,Beauty,3,1659.13,5,0
2024-06-14,North India,Beauty,5,6627.36,7,0
2024-06-15,North India,Beauty,5,8136.03,8,0
2024-06-16,North India,Beauty,4,4543.77,7,0
2024-06-17,North India,Beauty,5,4820.5,7,0
2024-06-18,North India,Beauty,4,3292.48,6,0
2024-06-19,North India,Beauty,7,7608.47,10,0
2024-06-20,North India,Beauty,4,3239.47,6,0
2024-06-21,North India,Beauty,5,4881.14,8,0
2024-06-22,North India,Beauty,1,282.1,1,0
2024-06-23,North India,Beauty,7,7956.66,12,0
2024-06-24,North India,Beauty,3,2237.68,5,0
2024-06-25,North India,Beauty,3,1899.59,5,0
2024-06-26,North India,Beauty,1,723.89,1,0
2024-06-27,North India,Beauty,3,2847.32,4,0
2024-06-28,North India,Beauty,6,5145.88,9,0
2024-06-29,North India,Beauty,11,15044.08,18,0
2024-06-30,North India,Beauty,2,1754.79,3,0
2024-07-01,North India,Beauty,2,2561.29,3,0
2024-07-02,North India,Beauty,4,4281.99,6,0
2024-07-03,North India,Beauty,2,954.78,3,0
2024-07-04,North India,Beauty,5,3667.03,8,0
2024-07-05,North India,Beauty,5,1281.15,8,0
2024-07-06,North India,Beauty,12,18586.46,19,0
2024-07-07,North India,Beauty,5,3114.81,8,0
2024-07-08,North India,Beauty,8,8692.47,13,0
2024-07-09,North India,Beauty,5,3279.4,8,0
2024-07-10,North India,Beauty,2,1538.92,3,0
2024-07-11,North India,Beauty,4,2740.43,6,0
2024-07-12,North India,Beauty,2,2251.49,3,0
2024-07-13,North India,Beauty,5,3246.19,8,0
2024-07-14,North India,Beauty,3,3640.79,4,0
2024-07-15,North India,Beauty,3,3543.35,5,0
2024-07-16,North India,Beauty,4,2945.75,5,0
2024-07-17,North India,Beauty,3,4006.97,5,0
2024-07-18,North India,Beauty,4,3993.98,6,0
2024-07-19,North India,Beauty,4,5822.59,6,0
2024-07-20,North India,Beauty,4,5956.38,6,0
2024-07-21,North India,Beauty,6,5399.57,9,0
2024-07-22,North India,Beauty,2,2681.64,3,0
2024-07-23,North India,Beauty,9,7795.73,16,0
2024-07-24,North India,Beauty,3,2132.72,4,0
2024-07-25,North India,Beauty,1,781.93,1,0
2024-07-26,North India,Beauty,5,5177.91,7,0
2024-07-27,North India,Beauty,2,2084.41,3,0
2024-07-28,North India,Beauty,9,9806.11,14,0
2024-07-29,North India,Beauty,9,8601.94,15,0
2024-07-30,North India,Beauty,5,3798.8,7,0
2024-07-31,North India,Beauty,4,4140.34,6,0
2024-08-01,North India,Beauty,6,7194.05,9,0
2024-08-02,North India,Beauty,5,6198.4,7,0
2024-08-03,North India,Beauty,5,5169.73,8,0
2024-08-04,North India,Beauty,6,3822.04,10,0
2024-08-05,North India,Beauty,3,4116.6,4,0
2024-08-06,North India,Beauty,5,4267.25,8,0
2024-08-07,North India,Beauty,3,5089.48,5,0
2024-08-08,North India,Beauty,2,1929.96,2,0
2024-08-09,North India,Beauty,7,7501.21,11,0
2024-08-10,North India,Beauty,9,9096.93,14,0
2024-08-11,North India,Beauty,7,11594.35,11,0
2024-08-12,North India,Beauty,5,4480.77,8,0
2024-08-13,North India,Beauty,3,4519.59,5,0
2024-08-14,North India,Beauty,4,2954.84,6,0
2024-08-15,North India,Beauty,5,2967.68,9,0
2024-08-16,North India,Beauty,6,5388.03,10,0
2024-08-17,North India,Beauty,5,2669.62,9,0
2024-08-18,North India,Beauty,8,11589.17,12,0
2024-08-19,North India,Beauty,2,2108.51,2,0
2024-08-20,North India,Beauty,2,2685.76,2,0
2024-08-21,North India,Beauty,5,3452.7,7,0
2024-08-22,North India,Beauty,2,1763.36,2,0
2024-08-23,North India,Beauty,4,4052.66,7,0
2024-08-24,North India,Beauty,4,2808.09,7,0
2024-08-25,North India,Beauty,4,4146.71,6,0
2024-08-26,North India,Beauty,3,3941.25,5,0
2024-08-27,North India,Beauty,1,642.75,1,0
2024-08-28,North India,Beauty,4,3807.22,5,0
2024-08-29,North India,Beauty,8,8424.44,15,0
2024-08-30,North India,Beauty,8,4592.14,14,0
2024-08-31,North India,Beauty,9,11831.17,16,0
2024-09-01,North India,Beauty,3,3087.36,4,0
2024-09-02,North India,Beauty,5,2945.18,8,0
2024-09-03,North India,Beauty,4,4098.27,6,0
2024-09-04,North India,Beauty,1,1055.29,1,0
2024-09-05,North India,Beauty,3,2727.01,5,0
2024-09-06,North India,Beauty,5,5462.68,8,0
2024-09-07,North India,Beauty,6,6440.01,9,0
2024-09-08,North India,Beauty,7,8500.71,9,0
2024-09-09,North India,Beauty,2,1521.27,3,0
2024-09-10,North India,Beauty,3,2602.49,5,0
2024-09-11,North India,Beauty,3,3195.13,4,0
2024-09-12,North India,Beauty,10,8179.14,15,0
2024-09-13,North India,Beauty,5,4179.08,7,0
2024-09-14,North India,Beauty,6,6841.81,8,0
2024-09-15,North India,Beauty,5,5155.92,8,0
2024-09-16,North India,Beauty,6,3940.69,10,0
2024-09-17,North India,Beauty,6,5416.34,9,0
2024-09-18,North India,Beauty,4,2121.03,7,0
2024-09-19,North India,Beauty,5,4661.08,8,0
2024-09-20,North India,Beauty,4,3849.61,6,0
2024-09-21,North India,Beauty,5,6056.36,8,0
2024-09-22,North India,Beauty,3,1859.92,5,0
2024-09-23,North India,Beauty,2,2255.82,3,0
2024-09-24,North India,Beauty,5,5933.88,7,0
2024-09-25,North India,Beauty,2,1906.37,2,0
2024-09-26,North India,Beauty,7,8689.86,12,0
2024-09-27,North India,Beauty,4,3600.58,5,0
2024-09-28,North India,Beauty,9,8044.81,13,0
2024-09-29,North India,Beauty,7,5360.06,10,0
2024-09-30,North India,Beauty,4,3785.75,6,0
2024-10-01,North India,Beauty,5,7025.63,8,0
2024-10-02,North India,Beauty,3,1928.61,5,0
2024-10-03,North India,Beauty,5,3750.92,8,0
2024-10-04,North India,Beauty,5,3040.93,7,0
2024-10-05,North India,Beauty,10,5102.34,14,0
2024-10-06,North India,Beauty,9,8270.8,12,0
2024-10-07,North India,Beauty,6,11177.75,9,0
2024-10-08,North India,Beauty,3,2536.16,5,0
2024-10-09,North India,Beauty,10,7558.17,18,0
2024-10-10,North India,Beauty,5,7215.67,8,0
2024-10-11,North India,Beauty,5,4882.46,8,0
2024-10-12,North India,Beauty,13,16172.86,21,0
2024-10-13,North India,Beauty,11,9306.81,17,0
2024-10-14,North India,Beauty,2,2231.34,3,0
2024-10-15,North India,Beauty,6,4009.32,10,0
2024-10-16,North India,Beauty,5,4628.53,9,0
2024-10-17,North India,Beauty,4,4161.58,5,0
2024-10-18,North India,Beauty,3,2287.65,5,0
2024-10-19,North India,Beauty,11,10365.91,18,1
2024-10-20,North India,Beauty,11,6179.27,15,0
2024-10-21,North India,Beauty,4,2211.78,5,0
2024-10-22,North India,Beauty,7,5822.06,10,0
2024-10-23,North India,Beauty,11,12715.73,17,1
2024-10-24,North India,Beauty,6,7834.45,9,0
2024-10-25,North India,Beauty,5,3779.83,7,0
2024-10-26,North India,Beauty,7,6393.02,11,0
2024-10-27,North India,Beauty,5,3443.45,8,0
2024-10-28,North India,Beauty,15,14690.7,25,1
2024-10-29,North India,Beauty,9,5594.7,15,0
2024-10-30,North India,Beauty,11,16525.59,20,0
2024-10-31,North India,Beauty,13,9183.74,22,0
2024-11-01,North India,Beauty,6,5968.98,10,0
2024-11-02,North India,Beauty,10,5430.35,18,0
2024-11-03,North India,Beauty,11,12563.6,16,0
2024-11-04,North India,Beauty,6,5385.47,8,0
2024-11-05,North India,Beauty,5,1802.21,8,0
2024-11-06,North India,Beauty,4,3636.22,6,0
2024-11-07,North India,Beauty,10,10206.2,18,0
2024-11-08,North India,Beauty,7,5972.43,9,0
2024-11-09,North India,Beauty,7,3464.04,12,0
2024-11-10,North India,Beauty,7,7617.87,10,0
2024-11-11,North India,Beauty,7,7763.62,10,0
2024-11-12,North India,Beauty,4,3577.01,7,0
2024-11-13,North India,Beauty,5,2020.43,8,0
2024-11-14,North India,Beauty,4,3185.3,7,0
2024-11-15,North India,Beauty,1,1031.91,1,0
2024-11-16,North India,Beauty,7,9204.85,12,0
2024-11-17,North India,Beauty,8,7698.0,14,0
2024-11-18,North India,Beauty,7,5541.1,10,0
2024-11-19,North India,Beauty,5,4490.04,8,0
2024-11-20,North India,Beauty,7,5479.56,11,0
2024-11-21,North India,Beauty,5,3975.78,9,0
2024-11-22,North India,Beauty,7,6137.18,12,0
2024-11-23,North India,Beauty,8,9594.64,12,0
2024-11-24,North India,Beauty,12,10570.56,21,1
2024-11-25,North India,Beauty,6,5013.89,10,0
2024-11-26,North India,Beauty,5,5227.06,8,0
2024-11-27,North India,Beauty,4,5357.34,7,0
2024-11-28,North India,Beauty,4,2312.32,6,0
2024-11-29,North India,Beauty,13,9903.79,19,0
2024-11-30,North India,Beauty,10,8483.26,18,0
2024-12-01,North India,Beauty,5,4897.6,7,0
2024-12-02,North India,Beauty,5,2385.1,7,0
2024-12-03,North India,Beauty,5,3575.98,8,0
2024-12-04,North India,Beauty,3,3397.93,5,0
2024-12-05,North India,Beauty,8,12395.6,12,0
2024-12-06,North India,Beauty,4,3855.5,6,0
2024-12-07,North India,Beauty,2,1728.52,3,0
2024-12-08,North India,Beauty,7,10679.01,11,0
2024-12-09,North India,Beauty,2,2252.22,3,0
2024-12-10,North India,Beauty,6,7165.87,9,0
2024-12-11,North India,Beauty,1,1341.78,1,0
2024-12-12,North India,Beauty,2,1950.1,3,0
2024-12-13,North India,Beauty,2,2223.58,3,0
2024-12-14,North India,Beauty,6,4664.75,9,0
2024-12-15,North India,Beauty,7,2381.94,10,0
2024-12-16,North India,Beauty,2,1960.94,3,0
2024-12-17,North India,Beauty,3,1604.6,5,0
2024-12-18,North India,Beauty,2,1658.87,3,0
2024-12-19,North India,Beauty,5,6098.57,8,0
2024-12-20,North India,Beauty,5,6132.85,9,0
2024-12-21,North India,Beauty,10,9730.44,18,0
2024-12-22,North India,Beauty,6,5975.74,8,0
2024-12-23,North India,Beauty,4,4830.4,6,0
2024-12-24,North India,Beauty,5,6274.92,9,0
2024-12-25,North India,Beauty,3,3255.92,5,0
2024-12-26,North India,Beauty,5,4115.66,9,0
2024-12-27,North India,Beauty,4,5124.53,7,0
2024-12-28,North India,Beauty,9,6953.3,13,0
2024-12-29,North India,Beauty,7,4200.36,12,0
2024-12-30,North India,Beauty,4,2177.35,5,0
2024-12-31,North India,Beauty,6,3446.53,10,0
2025-01-01,North India,Beauty,6,5535.58,9,0
2025-01-02,North India,Beauty,6,4204.57,9,0
2025-01-03,North India,Beauty,5,4043.48,7,0
2025-01-04,North India,Beauty,4,4378.34,6,0
2025-01-05,North India,Beauty,8,7587.54,11,0
2025-01-06,North India,Beauty,2,1726.77,3,0
2025-01-07,North India,Beauty,7,7841.51,11,0
2025-01-08,North India,Beauty,6,2023.88,9,0
2025-01-09,North India,Beauty,8,7478.04,12,0
2025-01-10,North India,Beauty,4,2088.16,6,0
2025-01-11,North India,Beauty,5,8411.64,7,0
2025-01-12,North India,Beauty,5,5426.25,8,0
2025-01-13,North India,Beauty,4,3028.53,6,0
2025-01-14,North India,Beauty,4,2863.19,6,0
2025-01-15,North India,Beauty,8,8563.25,13,0
2025-01-16,North India,Beauty,7,7382.61,12,0
2025-01-17,North India,Beauty,6,4176.52,10,0
2025-01-18,North India,Beauty,10,12798.78,15,0
2025-01-19,North India,Beauty,4,4548.79,7,0
2025-01-20,North India,Beauty,4,4476.64,6,0
2025-01-21,North India,Beauty,5,3752.51,8,0
2025-01-22,North India,Beauty,4,3726.58,6,0
2025-01-23,North India,Beauty,4,5266.81,7,0
2025-01-24,North India,Beauty,6,7517.89,10,0
2025-01-25,North India,Beauty,5,5057.84,7,0
2025-01-26,North India,Beauty,5,4395.11,9,0
2025-01-27,North India,Beauty,2,2952.77,3,0
2025-01-28,North India,Beauty,4,6085.79,5,0
2025-01-29,North India,Beauty,4,4179.97,7,0
2025-01-30,North India,Beauty,8,8488.9,11,0
2025-01-31,North India,Beauty,6,4980.81,10,0
2025-02-01,North India,Beauty,7,7666.91,11,0
2025-02-02,North India,Beauty,9,7655.67,15,0
2025-02-03,North India,Beauty,5,4212.99,7,0
2025-02-04,North India,Beauty,6,4055.0,9,0
2025-02-05,North India,Beauty,8,10128.49,11,0
2025-02-06,North India,Beauty,1,601.84,1,0
2025-02-07,North India,Beauty,2,2019.18,3,0
2025-02-08,North India,Beauty,9,7944.05,15,0
2025-02-09,North India,Beauty,11,7946.46,18,0
2025-02-10,North India,Beauty,6,4440.09,8,0
2025-02-11,North India,Beauty,6,3504.06,8,0
2025-02-12,North India,Beauty,1,938.83,1,0
2025-02-13,North India,Beauty,4,2867.28,6,0
2025-02-14,North India,Beauty,3,4378.89,5,0
2025-02-15,North India,Beauty,4,3237.24,7,0
2025-02-16,North India,Beauty,5,4024.59,8,0
2025-02-17,North India,Beauty,2,2675.07,2,0
2025-02-18,North India,Beauty,1,1113.76,1,0
2025-02-19,North India,Beauty,4,4307.14,6,0
2025-02-20,North India,Beauty,3,1668.31,5,0
2025-02-21,North India,Beauty,3,2522.71,5,0
2025-02-22,North India,Beauty,2,1721.23,3,0
2025-02-23,North India,Beauty,3,3453.53,4,0
2025-02-24,North India,Beauty,5,4962.15,9,0
2025-02-25,North India,Beauty,4,2445.4,5,0
2025-02-26,North India,Beauty,2,2232.9,3,0
2025-02-27,North India,Beauty,5,1655.75,8,0
2025-02-28,North India,Beauty,3,4197.41,4,0
2025-03-01,North India,Beauty,8,10441.21,12,0
2025-03-02,North India,Beauty,6,5321.68,10,0
2025-03-03,North India,Beauty,6,5491.9,10,0
2025-03-04,North India,Beauty,3,2060.53,5,0
2025-03-05,North India,Beauty,2,1118.55,3,0
2025-03-06,North India,Beauty,7,7943.88,11,0
2025-03-07,North India,Beauty,4,1354.86,5,0
2025-03-08,North India,Beauty,7,5430.91,11,0
2025-03-09,North India,Beauty,5,6266.99,9,0
2025-03-10,North India,Beauty,3,1607.75,4,0
2025-03-11,North India,Beauty,6,2964.69,9,0
2025-03-12,North India,Beauty,6,6171.86,10,0
2025-03-13,North India,Beauty,5,6306.84,7,0
2025-03-14,North India,Beauty,1,626.74,1,0
2025-03-15,North India,Beauty,3,2649.79,5,0
2025-03-16,North India,Beauty,7,5318.8,11,0
2025-03-17,North India,Beauty,4,3199.12,6,0
2025-03-18,North India,Beauty,5,5294.33,9,0
2025-03-19,North India,Beauty,1,1318.59,1,0
2025-03-20,North India,Beauty,7,7088.01,13,0
2025-03-21,North India,Beauty,6,7718.28,9,0
2025-03-22,North India,Beauty,7,4976.86,11,0
2025-03-23,North India,Beauty,12,7666.37,17,0
2025-03-24,North India,Beauty,8,6752.86,12,0
2025-03-25,North India,Beauty,2,1366.0,3,0
2025-03-26,North India,Beauty,5,3494.82,7,0
2025-03-27,North India,Beauty,4,5656.4,7,0
2025-03-28,North India,Beauty,7,2987.61,12,0
2025-03-29,North India,Beauty,14,18057.56,20,1
2025-03-30,North India,Beauty,8,4610.26,11,0
2025-03-31,North India,Beauty,5,7195.57,9,0
2025-04-01,North India,Beauty,7,6099.55,11,0
2025-04-02,North India,Beauty,4,6324.46,6,0
2025-04-03,North India,Beauty,9,8801.67,16,0
2025-04-04,North India,Beauty,9,7807.86,16,0
2025-04-05,North India,Beauty,6,6273.24,8,0
2025-04-06,North India,Beauty,3,2592.69,4,0
2025-04-07,North India,Beauty,3,4386.51,4,0
2025-04-08,North India,Beauty,8,7542.48,14,0
2025-04-09,North India,Beauty,3,3051.94,5,0
2025-04-10,North India,Beauty,6,5855.15,9,0
2025-04-11,North India,Beauty,7,5057.36,10,0
2025-04-12,North India,Beauty,14,16376.47,25,0
2025-04-13,North India,Beauty,8,4359.0,12,0
2025-04-14,North India,Beauty,3,2589.3,4,0
2025-04-15,North India,Beauty,4,1811.09,6,0
2025-04-16,North India,Beauty,6,5198.91,8,0
2025-04-17,North India,Beauty,3,1720.69,4,0
2025-04-18,North India,Beauty,3,2337.42,4,0
2025-04-19,North India,Beauty,4,2914.6,6,0
2025-04-20,North India,Beauty,5,5248.13,7,0
2025-04-21,North India,Beauty,5,6555.58,7,0
2025-04-22,North India,Beauty,6,6657.02,9,0
2025-04-23,North India,Beauty,3,3038.63,5,0
2025-04-24,North India,Beauty,4,1576.58,7,0
2025-04-25,North India,Beauty,6,7150.74,11,0
2025-04-26,North India,Beauty,8,7342.08,11,0
2025-04-27,North India,Beauty,6,5263.68,8,0
2025-04-28,North India,Beauty,5,4366.75,9,0
2025-04-29,North India,Beauty,5,2623.64,7,0
2025-04-30,North India,Beauty,5,4777.08,8,0
2025-05-01,North India,Beauty,4,1842.72,6,0
2025-05-02,North India,Beauty,7,7670.87,13,0
2025-05-03,North India,Beauty,3,1866.66,5,0
2025-05-04,North India,Beauty,7,5986.54,13,0
2025-05-05,North India,Beauty,4,3868.77,5,0
2025-05-06,North India,Beauty,3,2992.01,5,0
2025-05-07,North India,Beauty,4,6027.14,6,0
2025-05-08,North India,Beauty,3,2640.86,5,0
2025-05-09,North India,Beauty,2,1689.88,3,0
2025-05-10,North India,Beauty,8,10070.25,14,0
2025-05-11,North India,Beauty,10,10738.1,14,0
2025-05-12,North India,Beauty,1,832.73,1,0
2025-05-13,North India,Beauty,2,934.82,2,0
2025-05-14,North India,Beauty,2,2539.52,2,0
2025-05-15,North India,Beauty,5,4888.82,7,0
2025-05-16,North India,Beauty,8,7078.83,13,0
2025-05-17,North India,Beauty,7,6375.29,9,0
2025-05-18,North India,Beauty,12,6588.81,20,0
2025-05-19,North India,Beauty,3,2825.17,4,0
2025-05-20,North India,Beauty,4,4158.07,6,0
2025-05-21,North India,Beauty,9,11044.05,13,0
2025-05-22,North India,Beauty,5,3838.62,8,0
2025-05-23,North India,Beauty,3,2881.86,5,0
2025-05-24,North India,Beauty,7,7042.1,12,0
2025-05-25,North India,Beauty,7,8139.36,12,0
2025-05-26,North India,Beauty,5,4555.75,7,0
2025-05-27,North India,Beauty,4,3624.88,7,0
2025-05-28,North India,Beauty,5,2673.64,8,0
2025-05-29,North India,Beauty,7,7282.69,12,0
2025-05-30,North India,Beauty,6,3704.28,10,0
2025-05-31,North India,Beauty,5,5288.88,8,0
2025-06-01,North India,Beauty,4,2833.45,6,0
2025-06-02,North India,Beauty,3,2149.57,5,0
2025-06-03,North India,Beauty,7,5852.73,12,0
2025-06-04,North India,Beauty,5,6091.92,7,0
2025-06-05,North India,Beauty,2,1962.16,3,0
2025-06-06,North India,Beauty,6,4750.82,8,0
2025-06-07,North India,Beauty,7,8221.42,12,0
2025-06-08,North India,Beauty,9,10376.22,15,0
2025-06-09,North India,Beauty,3,2594.1,5,0
2025-06-10,North India,Beauty,4,3664.17,7,0
2025-06-11,North India,Beauty,2,1821.58,2,0
2025-06-12,North India,Beauty,3,3723.7,5,0
2025-06-13,North India,Beauty,5,5669.48,9,0
2025-06-14,North India,Beauty,9,14301.33,15,0
2025-06-15,North India,Beauty,6,7902.88,11,0
2025-06-16,North India,Beauty,3,3004.92,4,0
2025-06-17,North India,Beauty,2,1776.49,3,0
2025-06-18,North India,Beauty,6,5821.84,8,0
2025-06-19,North India,Beauty,4,4016.13,6,0
2025-06-20,North India,Beauty,2,1719.0,3,0
2025-06-21,North India,Beauty,7,6021.86,13,0
2025-06-22,North India,Beauty,9,7357.9,13,0
2025-06-23,North India,Beauty,4,5388.31,7,0
2025-06-24,North India,Beauty,3,2386.86,4,0
2025-06-25,North India,Beauty,3,3996.26,4,0
2025-06-26,North India,Beauty,2,2442.52,3,0
2025-06-27,North India,Beauty,9,11383.09,16,0
2025-06-28,North India,Beauty,8,9039.94,13,0
2025-06-29,North India,Beauty,9,9829.55,13,0
2025-06-30,North India,Beauty,7,4349.92,11,0
2025-07-01,North India,Beauty,3,4209.29,4,0
2025-07-02,North India,Beauty,2,2256.92,3,0
2025-07-03,North India,Beauty,3,2083.61,5,0
2025-07-04,North India,Beauty,6,4699.43,10,0
2025-07-05,North India,Beauty,8,6453.28,12,0
2025-07-06,North India,Beauty,6,8724.35,9,0
2025-07-07,North India,Beauty,2,1580.95,3,0
2025-07-08,North India,Beauty,5,3461.97,8,0
2025-07-09,North India,Beauty,5,6979.36,9,0
2025-07-10,North India,Beauty,2,1095.31,2,0
2025-07-11,North India,Beauty,6,6716.65,9,0
2025-07-12,North India,Beauty,5,4329.41,8,0
2025-07-13,North India,Beauty,7,4045.26,10,0
2025-07-14,North India,Beauty,4,2474.17,7,0
2025-07-15,North India,Beauty,3,2984.82,4,0
2025-07-16,North India,Beauty,6,6130.73,8,0
2025-07-17,North India,Beauty,3,2863.27,5,0
2025-07-18,North India,Beauty,1,960.14,1,0
2025-07-19,North India,Beauty,7,9247.93,10,0
2025-07-20,North India,Beauty,9,6546.98,16,0
2025-07-21,North India,Beauty,3,2797.16,5,0
2025-07-22,North India,Beauty,3,2821.57,4,0
2025-07-23,North India,Beauty,4,5319.24,6,0
2025-07-24,North India,Beauty,5,4211.9,7,0
2025-07-25,North India,Beauty,5,4831.84,9,0
2025-07-26,North India,Beauty,8,6962.75,13,0
2025-07-27,North India,Beauty,7,10202.27,11,0
2025-07-28,North India,Beauty,12,10503.73,19,1
2025-07-29,North India,Beauty,3,3012.26,4,0
2025-07-30,North India,Beauty,6,2085.04,10,0
2025-07-31,North India,Beauty,9,8583.11,13,0
2025-08-01,North India,Beauty,3,1967.88,5,0
2025-08-02,North India,Beauty,7,5526.16,10,0
2025-08-03,North India,Beauty,13,13112.13,23,0
2025-08-04,North India,Beauty,5,7266.87,7,0
2025-08-05,North India,Beauty,2,2098.27,3,0
2025-08-06,North India,Beauty,5,3737.96,8,0
2025-08-07,North India,Beauty,6,6337.34,8,0
2025-08-08,North India,Beauty,1,1628.73,1,0
2025-08-09,North India,Beauty,8,8638.53,13,0
2025-08-10,North India,Beauty,7,9727.86,10,0
2025-08-11,North India,Beauty,7,6387.84,11,0
2025-08-12,North India,Beauty,4,2863.55,6,0
2025-08-13,North India,Beauty,10,10408.67,17,0
2025-08-14,North India,Beauty,8,11235.88,13,0
2025-08-15,North India,Beauty,8,9287.52,13,0
2025-08-16,North India,Beauty,7,7948.32,9,0
2025-08-17,North India,Beauty,3,2609.98,5,0
2025-08-18,North India,Beauty,5,4868.84,8,0
2025-08-19,North India,Beauty,4,1654.29,7,0
2025-08-20,North India,Beauty,2,1512.12,3,0
2025-08-21,North India,Beauty,4,4669.72,6,0
2025-08-22,North India,Beauty,10,6641.6,16,0
2025-08-23,North India,Beauty,4,2010.95,6,0
2025-08-24,North India,Beauty,6,5712.74,9,0
2025-08-25,North India,Beauty,4,2707.17,5,0
2025-08-26,North India,Beauty,2,2153.47,2,0
2025-08-27,North India,Beauty,2,1661.99,3,0
2025-08-28,North India,Beauty,4,6127.98,6,0
2025-08-29,North India,Beauty,6,3981.48,10,0
2025-08-30,North India,Beauty,13,16185.28,24,1
2025-08-31,North India,Beauty,2,1806.72,3,0
2025-09-01,North India,Beauty,6,4924.91,10,0
2025-09-02,North India,Beauty,6,6891.21,8,0
2025-09-03,North India,Beauty,3,2685.79,5,0
2025-09-04,North India,Beauty,3,3241.48,4,0
2025-09-05,North India,Beauty,1,711.79,1,0
2025-09-06,North India,Beauty,11,11772.32,18,0
2025-09-07,North India,Beauty,9,10686.73,12,0
2025-09-08,North India,Beauty,9,8414.6,13,0
2025-09-09,North India,Beauty,5,5094.67,7,0
2025-09-10,North India,Beauty,6,5224.18,9,0
2025-09-11,North India,Beauty,4,4360.42,7,0
2025-09-12,North India,Beauty,5,4855.71,7,0
2025-09-13,North India,Beauty,2,689.09,2,0
2025-09-14,North India,Beauty,8,5000.98,14,0
2025-09-15,North India,Beauty,3,2683.16,4,0
2025-09-16,North India,Beauty,9,11092.71,13,0
2025-09-17,North India,Beauty,8,7637.26,13,0
2025-09-18,North India,Beauty,3,1356.88,4,0
2025-09-19,North India,Beauty,4,4711.89,6,0
2025-09-20,North India,Beauty,6,9017.13,10,0
2025-09-21,North India,Beauty,8,4197.39,15,0
2025-09-22,North India,Beauty,3,1009.98,4,0
2025-09-23,North India,Beauty,6,6566.15,9,0
2025-09-24,North India,Beauty,2,957.52,2,0
2025-09-25,North India,Beauty,6,5533.29,11,0
2025-09-26,North India,Beauty,11,15165.96,18,0
2025-09-27,North India,Beauty,10,9067.7,17,0
2025-09-28,North India,Beauty,7,3775.59,9,0
2025-09-29,North India,Beauty,8,6300.28,12,0
2025-09-30,North India,Beauty,2,1914.31,3,0
2025-10-01,North India,Beauty,4,5010.3,6,0
2025-10-02,North India,Beauty,6,4129.89,9,0
2025-10-03,North India,Beauty,10,10300.72,14,0
2025-10-04,North India,Beauty,8,6371.79,11,0
2025-10-05,North India,Beauty,8,9784.06,12,0
2025-10-06,North India,Beauty,6,4911.8,8,0
2025-10-07,North India,Beauty,5,3303.9,9,0
2025-10-08,North India,Beauty,6,6012.33,8,0
2025-10-09,North India,Beauty,8,5389.06,14,0
2025-10-10,North India,Beauty,7,5067.63,12,0
2025-10-11,North India,Beauty,8,3412.94,14,0
2025-10-12,North India,Beauty,18,16046.93,26,1
2025-10-13,North India,Beauty,6,6197.68,8,0
2025-10-14,North India,Beauty,9,9566.93,13,0
2025-10-15,North India,Beauty,8,10276.96,13,0
2025-10-16,North India,Beauty,7,5454.43,13,0
2025-10-17,North India,Beauty,9,5604.58,13,0
2025-10-18,North India,Beauty,13,12805.43,23,1
2025-10-19,North India,Beauty,9,11939.63,13,0
2025-10-20,North India,Beauty,7,7247.92,10,0
2025-10-21,North India,Beauty,7,4711.79,11,0
2025-10-22,North India,Beauty,5,6691.6,7,0
2025-10-23,North India,Beauty,1,744.45,1,0
2025-10-24,North India,Beauty,5,2749.75,9,0
2025-10-25,North India,Beauty,12,12699.63,22,0
2025-10-26,North India,Beauty,8,6801.18,11,0
2025-10-27,North India,Beauty,6,3987.85,8,0
2025-10-28,North India,Beauty,6,7763.69,11,0
2025-10-29,North India,Beauty,11,6230.91,16,0
2025-10-30,North India,Beauty,12,12800.94,21,0
2025-10-31,North India,Beauty,11,8115.32,18,0
2025-11-01,North India,Beauty,14,15103.92,26,1
2025-11-02,North India,Beauty,11,14325.1,18,0
2025-11-03,North India,Beauty,6,9005.48,10,0
2025-11-04,North India,Beauty,4,2109.37,7,0
2025-11-05,North India,Beauty,1,983.13,1,0
2025-11-06,North India,Beauty,3,2918.95,5,0
2025-11-07,North India,Beauty,6,6620.0,9,0
2025-11-08,North India,Beauty,10,16397.63,16,0
2025-11-09,North India,Beauty,9,11056.8,12,0
2025-11-10,North India,Beauty,6,7919.98,8,0
2025-11-11,North India,Beauty,10,5329.26,15,0
2025-11-12,North India,Beauty,11,8797.73,18,0
2025-11-13,North India,Beauty,2,1076.18,2,0
2025-11-14,North India,Beauty,9,4397.68,14,0
2025-11-15,North India,Beauty,8,4130.25,11,0
2025-11-16,North India,Beauty,8,7122.26,13,0
2025-11-17,North India,Beauty,9,9771.52,13,0
2025-11-18,North India,Beauty,12,5840.94,21,0
2025-11-19,North India,Beauty,4,2663.24,7,0
2025-11-20,North India,Beauty,10,6601.92,14,0
2025-11-21,North India,Beauty,6,6309.39,11,0
2025-11-22,North India,Beauty,17,21655.89,28,0
2025-11-23,North India,Beauty,12,11044.39,22,0
2025-11-24,North India,Beauty,5,2606.03,8,0
2025-11-25,North India,Beauty,5,4612.35,8,0
2025-11-26,North India,Beauty,8,10316.52,14,0
2025-11-27,North India,Beauty,7,6757.05,10,0
2025-11-28,North India,Beauty,10,9232.13,14,0
2025-11-29,North India,Beauty,23,20706.36,40,1
2025-11-30,North India,Beauty,11,5453.68,16,0
2025-12-01,North India,Beauty,1,1264.21,1,0
2025-12-02,North India,Beauty,8,6521.65,13,0
2025-12-03,North India,Beauty,4,4914.15,6,0
2025-12-04,North India,Beauty,13,7680.06,22,0
2025-12-05,North India,Beauty,2,1649.79,3,0
2025-12-06,North India,Beauty,5,2807.85,7,0
2025-12-07,North India,Beauty,10,9652.21,16,0
2025-12-08,North India,Beauty,3,2155.53,5,0
2025-12-09,North India,Beauty,7,7101.59,9,0
2025-12-10,North India,Beauty,3,4346.51,5,0
2025-12-11,North India,Beauty,8,12229.84,12,0
2025-12-12,North India,Beauty,10,6226.71,17,0
2025-12-13,North India,Beauty,5,4030.39,7,0
2025-12-14,North India,Beauty,7,7756.33,12,0
2025-12-15,North India,Beauty,2,1436.31,3,0
2025-12-16,North India,Beauty,3,2453.84,4,0
2025-12-17,North India,Beauty,5,4436.22,8,0
2025-12-18,North India,Beauty,5,3923.24,7,0
2025-12-19,North India,Beauty,1,1150.99,1,0
2025-12-20,North India,Beauty,6,3618.78,10,0
2025-12-21,North India,Beauty,9,8420.08,12,0
2025-12-22,North India,Beauty,6,7844.17,8,0
2025-12-23,North India,Beauty,4,4521.91,6,0
2025-12-24,North India,Beauty,2,1385.37,3,0
2025-12-25,North India,Beauty,6,4690.2,8,0
2025-12-26,North India,Beauty,5,6101.17,7,0
2025-12-27,North India,Beauty,8,5846.11,13,0
2025-12-28,North India,Beauty,11,11724.01,20,0
2025-12-29,North India,Beauty,5,3959.11,8,0
2025-12-30,North India,Beauty,3,3119.12,5,0
2025-12-31,North India,Beauty,3,4017.33,5,0
2024-01-01,North India,Sports,2,3613.79,3,0
2024-01-03,North India,Sports,2,2563.62,3,0
2024-01-04,North India,Sports,4,8822.03,6,0
2024-01-05,North India,Sports,4,4773.78,7,0
2024-01-06,North India,Sports,4,5323.16,7,0
2024-01-07,North India,Sports,3,6093.96,4,0
2024-01-08,North India,Sports,2,3684.17,3,0
2024-01-09,North India,Sports,2,2414.16,3,0
2024-01-10,North India,Sports,2,2833.54,3,0
2024-01-11,North India,Sports,4,5943.2,5,0
2024-01-12,North India,Sports,6,13417.97,9,0
2024-01-13,North India,Sports,6,10560.45,10,0
2024-01-14,North India,Sports,5,9005.27,8,0
2024-01-15,North India,Sports,6,10971.8,8,0
2024-01-16,North India,Sports,6,10794.36,10,0
2024-01-17,North India,Sports,3,6766.15,4,0
2024-01-18,North India,Sports,4,7171.88,6,0
2024-01-19,North India,Sports,1,1100.74,1,0
2024-01-20,North India,Sports,5,6258.13,7,0
2024-01-21,North India,Sports,1,1606.9,1,0
2024-01-22,North India,Sports,3,6023.98,5,0
2024-01-23,North India,Sports,2,3687.8,3,0
2024-01-24,North India,Sports,2,3068.45,3,0
2024-01-25,North India,Sports,1,2036.59,1,0
2024-01-26,North India,Sports,5,8208.89,9,0
2024-01-27,North India,Sports,4,5554.97,7,0
2024-01-28,North India,Sports,5,8897.29,7,0
2024-01-29,North India,Sports,4,5907.89,6,0
2024-01-30,North India,Sports,4,4457.1,7,0
2024-01-31,North India,Sports,4,4378.86,6,0
2024-02-01,North India,Sports,3,6437.58,4,0
2024-02-02,North India,Sports,1,1549.63,1,0
2024-02-03,North India,Sports,4,4924.07,7,0
2024-02-04,North India,Sports,11,19653.81,19,0
2024-02-06,North India,Sports,5,9871.61,7,0
2024-02-07,North India,Sports,10,12728.72,15,0
2024-02-08,North India,Sports,4,5956.14,7,0
2024-02-09,North India,Sports,4,6521.48,7,0
2024-02-10,North India,Sports,3,3981.34,4,0
2024-02-11,North India,Sports,6,7736.57,10,0
2024-02-12,North India,Sports,5,6508.28,9,0
2024-02-13,North India,Sports,2,2870.83,3,0
2024-02-14,North India,Sports,5,7411.61,7,0
2024-02-16,North India,Sports,5,10320.19,9,0
2024-02-17,North India,Sports,4,4394.66,6,0
2024-02-18,North India,Sports,6,10260.96,9,0
2024-02-19,North India,Sports,2,2118.66,2,0
2024-02-20,North India,Sports,2,4270.01,2,0
2024-02-21,North India,Sports,4,6800.97,6,0
2024-02-22,North India,Sports,3,4994.95,4,0
2024-02-23,North India,Sports,1,1723.29,1,0
2024-02-24,North India,Sports,4,7372.25,5,0
2024-02-25,North India,Sports,4,6271.67,6,0
2024-02-26,North India,Sports,3,5509.86,4,0
2024-02-27,North India,Sports,6,10399.79,10,0
2024-02-28,North India,Sports,3,4828.09,4,0
2024-02-29,North India,Sports,5,8470.2,8,0
2024-03-01,North India,Sports,3,4147.57,5,0
2024-03-02,North India,Sports,3,4630.28,5,0
2024-03-03,North India,Sports,5,6236.56,7,0
2024-03-04,North India,Sports,4,6156.93,5,0
2024-03-05,North India,Sports,3,5198.56,4,0
2024-03-06,North India,Sports,3,5453.15,5,0
2024-03-07,North India,Sports,1,1722.0,1,0
2024-03-09,North India,Sports,6,9004.1,11,0
2024-03-10,North India,Sports,4,6878.28,6,0
2024-03-11,North India,Sports,5,7971.78,7,0
2024-03-12,North India,Sports,6,7730.85,9,0
2024-03-13,North India,Sports,2,3343.83,3,0
2024-03-14,North India,Sports,6,10022.5,8,0
2024-03-15,North India,Sports,6,9698.37,11,0
2024-03-16,North India,Sports,1,1669.17,1,0
2024-03-17,North India,Sports,6,7677.51,9,0
2024-03-18,North India,Sports,3,4672.49,4,0
2024-03-19,North India,Sports,7,11198.74,13,0
2024-03-20,North India,Sports,1,1265.17,1,0
2024-03-21,North India,Sports,3,3868.47,5,0
2024-03-22,North India,Sports,3,6225.23,4,0
2024-03-23,North India,Sports,5,10236.06,7,0
2024-03-24,North India,Sports,8,14187.21,11,0
2024-03-25,North India,Sports,4,7280.23,7,0
2024-03-26,North India,Sports,4,5399.82,6,0
2024-03-27,North India,Sports,2,2281.48,2,0
2024-03-28,North India,Sports,6,10444.25,9,0
2024-03-29,North India,Sports,7,13788.27,11,0
2024-03-30,North India,Sports,8,16713.61,15,0
2024-03-31,North India,Sports,5,7697.92,8,0
2024-04-01,North India,Sports,2,2685.73,3,0
2024-04-02,North India,Sports,3,4190.9,4,0
2024-04-03,North India,Sports,1,1349.69,1,0
2024-04-04,North India,Sports,2,2170.17,3,0
2024-04-05,North India,Sports,2,3357.7,3,0
2024-04-06,North India,Sports,6,10788.52,10,0
2024-04-07,North India,Sports,6,10904.36,10,0
2024-04-08,North India,Sports,6,7457.15,11,0
2024-04-09,North India,Sports,3,4526.28,5,0
2024-04-10,North India,Sports,3,3843.54,4,0
2024-04-11,North India,Sports,4,6557.18,6,0
2024-04-12,North India,Sports,3,5125.79,5,0
2024-04-13,North India,Sports,6,7699.18,10,0
2024-04-14,North India,Sports,5,5334.0,7,0
2024-04-15,North India,Sports,3,5321.0,4,0
2024-04-16,North India,Sports,4,5759.71,6,0
2024-04-17,North India,Sports,4,6970.48,6,0
2024-04-18,North India,Sports,3,4724.54,5,0
2024-04-19,North India,Sports,3,4235.51,4,0
2024-04-20,North India,Sports,8,17114.09,13,0
2024-04-21,North India,Sports,8,10072.57,12,0
2024-04-22,North India,Sports,4,5779.62,7,0
2024-04-24,North India,Sports,1,1406.98,1,0
2024-04-25,North India,Sports,7,11038.08,10,0
2024-04-27,North India,Sports,4,5495.87,6,0
2024-04-28,North India,Sports,5,9473.94,8,0
2024-04-29,North India,Sports,1,2295.58,1,0
2024-04-30,North India,Sports,4,5929.83,7,0
2024-05-01,North India,Sports,3,3885.99,4,0
2024-05-02,North India,Sports,4,6397.35,6,0
2024-05-03,North India,Sports,1,1364.11,1,0
2024-05-04,North India,Sports,4,6774.36,5,0
2024-05-05,North India,Sports,4,6073.82,6,0
2024-05-06,North India,Sports,1,1511.55,1,0
2024-05-07,North India,Sports,3,4477.19,5,0
2024-05-08,North India,Sports,6,10703.01,8,0
2024-05-09,North India,Sports,5,9108.69,8,0
2024-05-10,North India,Sports,2,3177.54,3,0
2024-05-11,North India,Sports,1,2217.78,1,0
2024-05-12,North India,Sports,3,3571.72,4,0
2024-05-13,North India,Sports,6,7862.67,9,0
2024-05-14,North India,Sports,4,7015.88,7,0
2024-05-15,North India,Sports,2,3912.42,3,0
2024-05-16,North India,Sports,2,5053.39,2,0
2024-05-17,North India,Sports,1,1625.52,1,0
2024-05-18,North India,Sports,9,15880.38,16,0
2024-05-19,North India,Sports,7,12677.14,10,0
2024-05-20,North India,Sports,2,4030.27,3,0
2024-05-21,North India,Sports,7,9995.76,11,0
2024-05-22,North India,Sports,5,4677.98,7,0
2024-05-23,North India,Sports,3,3543.29,4,0
2024-05-24,North India,Sports,2,2764.47,3,0
2024-05-25,North India,Sports,2,3282.73,3,0
2024-05-26,North India,Sports,1,1085.82,1,0
2024-05-27,North India,Sports,3,6058.19,4,0
2024-05-28,North India,Sports,3,5106.23,5,0
2024-05-29,North India,Sports,8,14185.14,12,0
2024-05-30,North India,Sports,2,3411.35,3,0
2024-05-31,North India,Sports,5,8282.56,7,0
2024-06-01,North India,Sports,5,7368.58,7,0
2024-06-02,North India,Sports,5,4519.19,7,0
2024-06-03,North India,Sports,7,15029.56,10,0
2024-06-04,North India,Sports,2,3448.92,3,0
2024-06-05,North India,Sports,6,8654.6,9,0
2024-06-06,North India,Sports,6,7863.25,9,0
2024-06-07,North India,Sports,4,5618.61,6,0
2024-06-08,North India,Sports,6,11354.12,10,0
2024-06-09,North India,Sports,5,7615.01,8,0
2024-06-10,North India,Sports,3,7056.14,4,0
2024-06-11,North India,Sports,4,5223.95,6,0
2024-06-12,North India,Sports,1,1483.62,1,0
2024-06-13,North India,Sports,3,6014.41,4,0
2024-06-14,North India,Sports,4,7192.32,6,0
2024-06-15,North India,Sports,3,3892.4,4,0
2024-06-16,North India,Sports,3,6281.35,4,0
2024-06-17,North India,Sports,5,7600.32,9,0
2024-06-18,North India,Sports,2,3411.23,3,0
2024-06-19,North India,Sports,4,5106.43,5,0
2024-06-20,North India,Sports,4,6470.41,6,0
2024-06-21,North India,Sports,3,5378.8,4,0
2024-06-22,North India,Sports,6,9626.9,9,0
2024-06-23,North India,Sports,4,4353.44,7,0
2024-06-24,North India,Sports,3,4192.46,4,0
2024-06-25,North India,Sports,3,2192.65,4,0
2024-06-26,North India,Sports,3,4433.46,5,0
2024-06-27,North India,Sports,1,1180.74,1,0
2024-06-28,North India,Sports,3,4395.54,5,0
2024-06-29,North India,Sports,11,17665.42,15,0
2024-06-30,North India,Sports,5,9016.43,7,0
2024-07-01,North India,Sports,3,4104.85,5,0
2024-07-02,North India,Sports,7,7338.88,11,0
2024-07-03,North India,Sports,4,3700.12,6,0
2024-07-04,North India,Sports,2,2927.94,3,0
2024-07-05,North India,Sports,1,2071.03,1,0
2024-07-06,North India,Sports,3,5324.13,4,0
2024-07-07,North India,Sports,6,9143.15,8,0
2024-07-08,North India,Sports,4,5445.98,6,0
2024-07-09,North India,Sports,4,4482.15,7,0
2024-07-10,North India,Sports,1,1321.54,1,0
2024-07-11,North India,Sports,2,3259.76,2,0
2024-07-12,North India,Sports,3,3981.6,4,0
2024-07-13,North India,Sports,5,9057.84,8,0
2024-07-14,North India,Sports,4,8614.44,7,0
2024-07-15,North India,Sports,4,6779.18,5,0
2024-07-16,North India,Sports,3,3529.01,5,0
2024-07-17,North India,Sports,5,8204.46,8,0
2024-07-18,North India,Sports,1,1512.96,1,0
2024-07-19,North India,Sports,4,4488.01,6,0
2024-07-20,North India,Sports,2,4012.86,3,0
2024-07-21,North India,Sports,9,14552.01,15,0
2024-07-22,North India,Sports,5,6049.69,9,0
2024-07-23,North India,Sports,3,5638.09,4,0
2024-07-24,North India,Sports,2,2861.76,3,0
2024-07-25,North India,Sports,3,4467.84,4,0
2024-07-26,North India,Sports,7,7957.0,12,0
2024-07-27,North India,Sports,4,6209.37,6,0
2024-07-28,North India,Sports,6,9346.77,9,0
2024-07-29,North India,Sports,3,4503.18,5,0
2024-07-30,North India,Sports,5,8546.77,7,0
2024-07-31,North India,Sports,8,8188.28,14,0
2024-08-01,North India,Sports,5,7737.81,8,0
2024-08-02,North India,Sports,1,1362.43,1,0
2024-08-03,North India,Sports,7,10603.48,12,0
2024-08-04,North India,Sports,3,6305.81,4,0
2024-08-05,North India,Sports,3,3869.65,4,0
2024-08-06,North India,Sports,4,5862.21,5,0
2024-08-07,North India,Sports,3,4191.01,4,0
2024-08-08,North India,Sports,2,3077.37,3,0
2024-08-09,North India,Sports,2,3294.45,2,0
2024-08-10,North India,Sports,3,6259.77,5,0
2024-08-11,North India,Sports,4,6786.92,7,0
2024-08-13,North India,Sports,4,4585.53,6,0
2024-08-14,North India,Sports,3,5920.72,5,0
2024-08-15,North India,Sports,2,3475.89,2,0
2024-08-16,North India,Sports,5,5719.57,7,0
2024-08-17,North India,Sports,7,7924.72,12,0
2024-08-18,North India,Sports,1,1527.15,1,0
2024-08-19,North India,Sports,1,1534.14,1,0
2024-08-20,North India,Sports,5,6736.12,9,0
2024-08-21,North India,Sports,2,3073.62,3,0
2024-08-22,North India,Sports,1,1830.31,1,0
2024-08-23,North India,Sports,2,2329.99,3,0
2024-08-24,North India,Sports,3,5337.12,5,0
2024-08-25,North India,Sports,5,8548.18,7,0
2024-08-26,North India,Sports,5,9176.23,7,0
2024-08-27,North India,Sports,4,7073.55,6,0
2024-08-28,North India,Sports,4,7740.58,6,0
2024-08-29,North India,Sports,7,10699.44,10,0
2024-08-30,North India,Sports,6,7788.31,8,0
2024-08-31,North India,Sports,11,13931.15,20,0
2024-09-01,North India,Sports,9,9464.11,14,0
2024-09-02,North India,Sports,6,12097.51,11,0
2024-09-03,North India,Sports,3,6218.51,4,0
2024-09-04,North India,Sports,7,14609.24,12,0
2024-09-05,North India,Sports,4,6998.48,7,0
2024-09-06,North India,Sports,4,5675.19,6,0
2024-09-07,North India,Sports,13,20891.43,23,1
2024-09-08,North India,Sports,5,5322.22,7,0
2024-09-09,North India,Sports,3,4411.76,4,0
2024-09-10,North India,Sports,4,3351.38,6,0
2024-09-11,North India,Sports,5,8961.48,9,0
2024-09-12,North India,Sports,1,1527.69,1,0
2024-09-13,North India,Sports,2,4442.23,3,0
2024-09-14,North India,Sports,6,9736.82,8,0
2024-09-15,North India,Sports,6,8797.02,8,0
2024-09-16,North India,Sports,3,5032.02,4,0
2024-09-17,North India,Sports,5,7478.72,9,0
2024-09-18,North India,Sports,5,6695.5,7,0
2024-09-19,North India,Sports,3,3210.35,5,0
2024-09-20,North India,Sports,4,6761.8,7,0
2024-09-21,North India,Sports,3,5794.05,5,0
2024-09-22,North India,Sports,7,7552.31,11,0
2024-09-23,North India,Sports,3,4640.72,5,0
2024-09-24,North India,Sports,5,7645.19,9,0
2024-09-25,North India,Sports,4,7172.47,7,0
2024-09-26,North India,Sports,4,6757.55,7,0
2024-09-27,North India,Sports,5,10743.42,9,0
2024-09-28,North India,Sports,6,11378.17,9,0
2024-09-29,North India,Sports,11,12831.8,19,0
2024-09-30,North India,Sports,2,4112.07,3,0
2024-10-01,North India,Sports,6,14129.9,8,0
2024-10-02,North India,Sports,3,5658.47,4,0
2024-10-03,North India,Sports,12,22855.83,18,0
2024-10-04,North India,Sports,5,7540.83,9,0
2024-10-05,North India,Sports,6,6352.35,8,0
2024-10-06,North India,Sports,8,17945.23,15,0
2024-10-07,North India,Sports,4,9441.61,5,0
2024-10-08,North India,Sports,5,9458.28,8,0
2024-10-09,North India,Sports,6,12280.43,8,0
2024-10-10,North India,Sports,5,8762.64,7,0
2024-10-11,North India,Sports,3,3545.81,4,0
2024-10-12,North India,Sports,8,9554.19,11,0
2024-10-13,North India,Sports,7,11460.72,9,0
2024-10-14,North India,Sports,2,3333.92,3,0
2024-10-15,North India,Sports,6,11910.59,11,0
2024-10-16,North India,Sports,2,3819.92,2,0
2024-10-17,North India,Sports,8,16625.21,14,0
2024-10-18,North India,Sports,6,12319.85,8,0
2024-10-19,North India,Sports,5,8544.76,8,0
2024-10-20,North India,Sports,8,12457.68,12,0
2024-10-21,North India,Sports,5,11330.02,7,0
2024-10-22,North India,Sports,4,6843.72,7,0
2024-10-23,North India,Sports,8,13227.87,14,0
2024-10-24,North India,Sports,5,7425.27,8,0
2024-10-25,North India,Sports,7,12777.78,10,0
2024-10-26,North India,Sports,9,11077.98,13,0
2024-10-27,North India,Sports,8,12533.07,15,0
2024-10-28,North India,Sports,3,4436.49,4,0
2024-10-29,North India,Sports,10,22238.94,17,0
2024-10-30,North India,Sports,5,9129.54,7,0
2024-10-31,North India,Sports,5,7680.58,8,0
2024-11-01,North India,Sports,5,8604.28,8,0
2024-11-02,North India,Sports,10,16538.09,14,0
2024-11-03,North India,Sports,13,17055.86,18,0
2024-11-04,North India,Sports,6,7615.5,10,0
2024-11-05,North India,Sports,5,8468.18,7,0
2024-11-06,North India,Sports,2,3409.14,3,0
2024-11-07,North India,Sports,2,3142.79,3,0
2024-11-08,North India,Sports,5,9461.5,7,0
2024-11-09,North India,Sports,9,17428.74,15,0
2024-11-10,North India,Sports,4,7984.34,7,0
2024-11-11,North India,Sports,4,4928.19,6,0
2024-11-12,North India,Sports,4,8033.58,5,0
2024-11-13,North India,Sports,5,9935.99,8,0
2024-11-14,North India,Sports,3,2748.95,5,0
2024-11-15,North India,Sports,3,4237.24,4,0
2024-11-16,North India,Sports,8,15644.0,12,0
2024-11-17,North India,Sports,8,12787.76,14,0
2024-11-18,North India,Sports,2,4699.83,3,0
2024-11-19,North India,Sports,9,11906.78,14,0
2024-11-20,North India,Sports,5,5334.26,8,0
2024-11-21,North India,Sports,4,6016.21,7,0
2024-11-22,North India,Sports,6,8897.19,10,0
2024-11-23,North India,Sports,8,15531.71,11,0
2024-11-24,North India,Sports,11,14859.5,16,0
2024-11-25,North India,Sports,1,1155.09,1,0
2024-11-26,North India,Sports,5,8446.38,8,0
2024-11-27,North India,Sports,13,27181.0,19,0
2024-11-28,North India,Sports,9,13895.59,14,0
2024-11-29,North India,Sports,9,16025.69,15,0
2024-11-30,North India,Sports,7,9988.95,10,0
2024-12-01,North India,Sports,1,1325.48,1,0
2024-12-02,North India,Sports,4,5245.0,5,0
2024-12-03,North India,Sports,2,3097.36,3,0
2024-12-04,North India,Sports,3,4665.78,5,0
2024-12-05,North India,Sports,4,6333.98,5,0
2024-12-06,North India,Sports,2,2568.86,2,0
2024-12-07,North India,Sports,5,6872.65,8,0
2024-12-08,North India,Sports,2,3369.11,2,0
2024-12-09,North India,Sports,7,13806.39,11,0
2024-12-10,North India,Sports,1,1338.88,1,0
2024-12-11,North India,Sports,1,1796.94,1,0
2024-12-12,North India,Sports,5,9557.04,8,0
2024-12-13,North India,Sports,1,1856.83,1,0
2024-12-14,North India,Sports,7,11156.62,13,0
2024-12-15,North India,Sports,6,12785.3,8,0
2024-12-16,North India,Sports,6,9331.14,10,0
2024-12-17,North India,Sports,5,5956.79,9,0
2024-12-18,North India,Sports,2,2632.98,3,0
2024-12-19,North India,Sports,3,2994.08,5,0
2024-12-21,North India,Sports,2,3267.63,3,0
2024-12-22,North India,Sports,2,3130.51,3,0
2024-12-23,North India,Sports,5,9918.86,7,0
2024-12-24,North India,Sports,5,9149.55,8,0
2024-12-25,North India,Sports,5,9450.29,7,0
2024-12-26,North India,Sports,3,4964.27,5,0
2024-12-27,North India,Sports,2,3016.88,3,0
2024-12-28,North India,Sports,7,17846.48,10,0
2024-12-29,North India,Sports,9,8914.69,13,0
2024-12-30,North India,Sports,7,10481.03,11,0
2024-12-31,North India,Sports,9,18192.85,12,0
2025-01-01,North India,Sports,6,9301.7,8,0
2025-01-02,North India,Sports,3,3867.55,5,0
2025-01-03,North India,Sports,2,3084.55,3,0
2025-01-04,North India,Sports,4,6461.74,7,0
2025-01-05,North India,Sports,6,9894.25,10,0
2025-01-06,North India,Sports,8,16522.81,14,0
2025-01-07,North India,Sports,5,10054.66,8,0
2025-01-08,North India,Sports,5,9315.88,9,0
2025-01-09,North India,Sports,1,1566.16,1,0
2025-01-10,North India,Sports,3,4518.53,5,0
2025-01-11,North India,Sports,5,6507.23,7,0
2025-01-12,North India,Sports,6,6918.74,8,0
2025-01-13,North India,Sports,6,8782.33,9,0
2025-01-14,North India,Sports,2,2115.48,3,0
2025-01-15,North India,Sports,2,2788.14,3,0
2025-01-16,North India,Sports,3,5517.9,5,0
2025-01-17,North India,Sports,4,4510.82,7,0
2025-01-18,North India,Sports,5,9544.27,9,0
2025-01-19,North India,Sports,6,10761.82,8,0
2025-01-20,North India,Sports,3,4665.42,4,0
2025-01-21,North India,Sports,5,5739.35,7,0
2025-01-22,North India,Sports,3,7351.23,5,0
2025-01-23,North India,Sports,2,2261.97,2,0
2025-01-24,North India,Sports,1,1153.57,1,0
2025-01-25,North India,Sports,6,9364.79,10,0
2025-01-26,North India,Sports,2,2899.1,3,0
2025-01-27,North India,Sports,4,7141.33,6,0
2025-01-28,North India,Sports,4,6175.03,6,0
2025-01-29,North India,Sports,7,11564.34,13,0
2025-01-30,North India,Sports,5,7599.66,8,0
2025-01-31,North India,Sports,6,12335.82,11,0
2025-02-01,North India,Sports,3,3739.24,5,0
2025-02-02,North India,Sports,6,8255.21,9,0
2025-02-03,North India,Sports,3,5666.25,4,0
2025-02-04,North India,Sports,4,5424.05,7,0
2025-02-05,North India,Sports,2,2482.1,3,0
2025-02-06,North India,Sports,1,1588.69,1,0
2025-02-07,North India,Sports,4,5681.73,7,0
2025-02-08,North India,Sports,4,6460.85,6,0
2025-02-09,North India,Sports,6,10994.11,9,0
2025-02-10,North India,Sports,2,2276.25,3,0
2025-02-11,North India,Sports,4,6352.5,6,0
2025-02-12,North India,Sports,4,7135.04,5,0
2025-02-13,North India,Sports,7,12352.44,11,0
2025-02-14,North India,Sports,2,3286.47,3,0
2025-02-15,North India,Sports,12,16590.68,19,1
2025-02-16,North India,Sports,7,12544.79,12,0
2025-02-17,North India,Sports,2,2174.16,3,0
2025-02-18,North India,Sports,1,1595.13,1,0
2025-02-19,North India,Sports,3,5781.03,5,0
2025-02-20,North India,Sports,4,5058.56,5,0
2025-02-21,North India,Sports,1,1453.45,1,0
2025-02-22,North India,Sports,4,6271.5,7,0
2025-02-23,North India,Sports,6,7365.52,10,0
2025-02-24,North India,Sports,1,2375.61,1,0
2025-02-25,North India,Sports,3,3678.76,4,0
2025-02-26,North India,Sports,4,8267.66,6,0
2025-02-27,North India,Sports,5,6729.32,7,0
2025-02-28,North India,Sports,3,4168.68,4,0
2025-03-01,North India,Sports,2,2345.06,3,0
2025-03-02,North India,Sports,7,11507.54,11,0
2025-03-03,North India,Sports,1,1373.1,1,0
2025-03-04,North India,Sports,2,2724.99,2,0
2025-03-05,North India,Sports,4,6643.22,7,0
2025-03-06,North India,Sports,3,5897.75,4,0
2025-03-07,North India,Sports,3,4531.5,4,0
2025-03-08,North India,Sports,10,11924.83,14,0
2025-03-09,North India,Sports,8,10786.04,12,0
2025-03-10,North India,Sports,2,3146.03,3,0
2025-03-11,North India,Sports,5,7724.68,7,0
2025-03-12,North India,Sports,1,1313.27,1,0
2025-03-13,North India,Sports,5,6559.36,7,0
2025-03-14,North India,Sports,7,8697.74,11,0
2025-03-15,North India,Sports,7,12301.59,13,0
2025-03-16,North India,Sports,8,14100.9,14,0
2025-03-17,North India,Sports,5,8146.66,7,0
2025-03-18,North India,Sports,1,1378.78,1,0
2025-03-19,North India,Sports,4,6871.88,5,0
2025-03-20,North India,Sports,6,11853.91,10,0
2025-03-21,North India,Sports,7,14661.41,10,0
2025-03-22,North India,Sports,6,11599.8,9,0
2025-03-23,North India,Sports,3,4292.76,4,0
2025-03-24,North India,Sports,2,3765.08,3,0
2025-03-25,North India,Sports,3,4372.23,5,0
2025-03-26,North India,Sports,7,9425.94,13,0
2025-03-27,North India,Sports,4,7260.9,7,0
2025-03-28,North India,Sports,8,13428.73,11,0
2025-03-29,North India,Sports,14,22061.25,24,0
2025-03-30,North India,Sports,8,12939.99,13,0
2025-03-31,North India,Sports,2,2382.41,3,0
2025-04-01,North India,Sports,6,9579.06,11,0
2025-04-02,North India,Sports,2,4158.79,3,0
2025-04-03,North India,Sports,7,12516.36,10,0
2025-04-04,North India,Sports,5,7659.06,9,0
2025-04-05,North India,Sports,10,19168.89,18,0
2025-04-06,North India,Sports,4,5271.93,7,0
2025-04-07,North India,Sports,5,10529.58,7,0
2025-04-08,North India,Sports,3,4539.22,4,0
2025-04-09,North India,Sports,2,3847.4,3,0
2025-04-10,North India,Sports,1,1413.41,1,0
2025-04-11,North India,Sports,6,9872.43,10,0
2025-04-12,North India,Sports,5,8891.3,9,0
2025-04-13,North India,Sports,10,14032.75,17,0
2025-04-14,North India,Sports,8,9591.94,13,0
2025-04-15,North India,Sports,4,7255.78,5,0
2025-04-16,North India,Sports,1,1326.49,1,0
2025-04-17,North India,Sports,9,13011.98,16,0
2025-04-18,North India,Sports,3,3295.13,5,0
2025-04-19,North India,Sports,8,14539.14,11,0
2025-04-20,North India,Sports,6,12718.34,10,0
2025-04-21,North India,Sports,3,5384.22,5,0
2025-04-22,North India,Sports,2,4190.44,3,0
2025-04-23,North India,Sports,9,12960.73,14,0
2025-04-24,North India,Sports,2,3516.16,2,0
2025-04-25,North India,Sports,6,7695.28,9,0
2025-04-26,North India,Sports,8,14926.21,11,0
2025-04-27,North India,Sports,7,12688.78,9,0
2025-04-28,North India,Sports,5,5633.89,9,0
2025-04-29,North India,Sports,6,9278.39,9,0
2025-04-30,North India,Sports,4,10174.9,6,0
2025-05-01,North India,Sports,3,5260.4,4,0
2025-05-02,North India,Sports,3,4919.89,5,0
2025-05-03,North India,Sports,10,16914.99,15,0
2025-05-04,North India,Sports,13,23825.32,21,0
2025-05-05,North India,Sports,3,5594.2,5,0
2025-05-06,North India,Sports,4,2991.7,6,0
2025-05-07,North India,Sports,3,4911.43,5,0
2025-05-08,North India,Sports,4,6242.78,6,0
2025-05-09,North India,Sports,3,5613.0,5,0
2025-05-10,North India,Sports,3,4485.26,4,0
2025-05-11,North India,Sports,6,8588.9,11,0
2025-05-12,North India,Sports,4,4195.3,5,0
2025-05-13,North India,Sports,4,6141.78,7,0
2025-05-14,North India,Sports,9,13379.88,16,0
2025-05-15,North India,Sports,2,2368.83,3,0
2025-05-16,North India,Sports,6,4999.8,9,0
2025-05-17,North India,Sports,4,6903.52,5,0
2025-05-18,North India,Sports,8,17320.19,13,0
2025-05-19,North India,Sports,4,5575.24,6,0
2025-05-20,North India,Sports,4,5187.93,6,0
2025-05-21,North India,Sports,4,3583.01,7,0
2025-05-22,North India,Sports,2,3228.28,3,0
2025-05-23,North India,Sports,3,5549.22,5,0
2025-05-24,North India,Sports,4,9397.88,5,0
2025-05-25,North India,Sports,7,11201.7,11,0
2025-05-26,North India,Sports,6,7932.89,10,0
2025-05-27,North India,Sports,7,10180.09,12,0
2025-05-28,North India,Sports,2,1867.83,3,0
2025-05-29,North India,Sports,1,1557.08,1,0
2025-05-30,North India,Sports,7,9768.93,13,0
2025-05-31,North India,Sports,10,16742.23,14,0
2025-06-01,North India,Sports,5,5665.24,8,0
2025-06-02,North India,Sports,4,5976.76,6,0
2025-06-03,North India,Sports,5,6363.03,7,0
2025-06-04,North India,Sports,1,1753.5,1,0
2025-06-05,North India,Sports,6,5175.73,8,0
2025-06-06,North India,Sports,3,4342.53,4,0
2025-06-07,North India,Sports,7,12941.04,9,0
2025-06-08,North India,Sports,5,7060.33,8,0
2025-06-09,North India,Sports,4,5778.15,6,0
2025-06-10,North India,Sports,4,5011.85,6,0
2025-06-11,North India,Sports,6,8235.28,8,0
2025-06-12,North India,Sports,2,1799.63,3,0
2025-06-13,North India,Sports,3,5888.78,4,0
2025-06-14,North India,Sports,4,5803.83,5,0
2025-06-15,North India,Sports,5,7489.93,8,0
2025-06-16,North India,Sports,4,5676.28,7,0
2025-06-17,North India,Sports,3,3881.74,5,0
2025-06-18,North India,Sports,2,3542.98,3,0
2025-06-19,North India,Sports,4,6818.98,5,0
2025-06-20,North India,Sports,6,11524.86,9,0
2025-06-21,North India,Sports,6,13634.88,8,0
2025-06-22,North India,Sports,8,11463.7,15,0
2025-06-23,North India,Sports,8,17602.49,12,0
2025-06-24,North India,Sports,2,2630.09,3,0
2025-06-25,North India,Sports,1,1557.7,1,0
2025-06-26,North India,Sports,5,8089.42,8,0
2025-06-27,North India,Sports,6,9293.09,9,0
2025-06-28,North India,Sports,5,4477.77,8,0
2025-06-29,North India,Sports,10,16909.41,16,0
2025-06-30,North India,Sports,8,10029.88,11,0
2025-07-01,North India,Sports,5,7743.52,7,0
2025-07-02,North India,Sports,4,6280.65,6,0
2025-07-03,North India,Sports,2,2726.37,3,0
2025-07-04,North India,Sports,9,14242.0,15,0
2025-07-05,North India,Sports,6,10886.78,9,0
2025-07-06,North India,Sports,6,11137.47,9,0
2025-07-07,North India,Sports,1,1846.78,1,0
2025-07-08,North India,Sports,2,3300.83,3,0
2025-07-09,North India,Sports,2,4292.42,3,0
2025-07-10,North India,Sports,3,6186.81,5,0
2025-07-11,North India,Sports,2,3339.24,3,0
2025-07-12,North India,Sports,8,12780.26,11,0
2025-07-13,North India,Sports,7,9590.56,11,0
2025-07-14,North India,Sports,3,5459.21,4,0
2025-07-15,North India,Sports,6,11287.09,9,0
2025-07-16,North India,Sports,4,5529.25,7,0
2025-07-17,North India,Sports,5,8688.1,9,0
2025-07-18,North India,Sports,1,1769.33,1,0
2025-07-19,North India,Sports,10,23014.63,18,0
2025-07-20,North India,Sports,6,6130.97,10,0
2025-07-21,North India,Sports,4,8551.12,7,0
2025-07-22,North India,Sports,1,1147.6,1,0
2025-07-23,North India,Sports,3,5143.88,5,0
2025-07-24,North India,Sports,5,8810.96,8,0
2025-07-25,North India,Sports,4,4674.14,5,0
2025-07-26,North India,Sports,8,9577.47,12,0
2025-07-27,North India,Sports,6,8352.1,9,0
2025-07-28,North India,Sports,4,7332.34,5,0
2025-07-29,North India,Sports,5,8969.86,7,0
2025-07-30,North India,Sports,3,5553.25,4,0
2025-07-31,North India,Sports,6,10872.76,8,0
2025-08-02,North India,Sports,5,7233.95,8,0
2025-08-03,North India,Sports,4,7400.32,6,0
2025-08-04,North India,Sports,5,7540.13,7,0
2025-08-05,North India,Sports,4,7024.34,7,0
2025-08-06,North India,Sports,1,1885.33,1,0
2025-08-07,North India,Sports,3,4850.27,4,0
2025-08-08,North India,Sports,5,8772.93,7,0
2025-08-09,North India,Sports,10,19984.73,16,0
2025-08-10,North India,Sports,13,17274.57,20,0
2025-08-11,North India,Sports,3,5767.41,5,0
2025-08-12,North India,Sports,5,7166.02,7,0
2025-08-13,North India,Sports,3,4210.31,5,0
2025-08-14,North India,Sports,4,7117.51,5,0
2025-08-15,North India,Sports,2,2847.23,3,0
2025-08-16,North India,Sports,4,8181.42,5,0
2025-08-17,North India,Sports,7,10630.97,11,0
2025-08-18,North India,Sports,1,1652.38,1,0
2025-08-19,North India,Sports,6,8616.29,9,0
2025-08-20,North India,Sports,1,1274.8,1,0
2025-08-21,North India,Sports,1,1281.84,1,0
2025-08-22,North India,Sports,6,9543.05,8,0
2025-08-23,North India,Sports,6,8659.14,10,0
2025-08-24,North India,Sports,5,5904.25,7,0
2025-08-25,North India,Sports,3,4781.74,4,0
2025-08-26,North India,Sports,6,8647.9,10,0
2025-08-27,North India,Sports,6,10305.22,11,0
2025-08-28,North India,Sports,5,9344.95,8,0
2025-08-29,North India,Sports,3,7330.13,5,0
2025-08-30,North India,Sports,7,12657.9,12,0
2025-08-31,North India,Sports,7,11239.66,11,0
2025-09-01,North India,Sports,3,5362.58,5,0
2025-09-02,North India,Sports,3,5393.92,5,0
2025-09-03,North India,Sports,3,4089.79,5,0
2025-09-04,North India,Sports,6,7968.25,9,0
2025-09-05,North India,Sports,6,9118.24,10,0
2025-09-06,North India,Sports,8,12921.39,11,0
2025-09-07,North India,Sports,7,13637.12,11,0
2025-09-08,North India,Sports,4,2413.0,5,0
2025-09-09,North India,Sports,5,6590.88,7,0
2025-09-10,North India,Sports,8,15554.71,13,0
2025-09-11,North India,Sports,5,11038.05,8,0
2025-09-13,North India,Sports,7,10068.66,11,0
2025-09-14,North India,Sports,7,7861.62,11,0
2025-09-15,North India,Sports,3,5324.02,5,0
2025-09-16,North India,Sports,2,3462.67,2,0
2025-09-17,North India,Sports,6,7687.92,11,0
2025-09-18,North India,Sports,4,6509.05,6,0
2025-09-19,North India,Sports,8,12997.88,11,0
2025-09-20,North India,Sports,4,8024.39,6,0
2025-09-21,North India,Sports,7,12601.85,10,0
2025-09-22,North India,Sports,5,6286.46,8,0
2025-09-23,North India,Sports,4,5724.43,6,0
2025-09-24,North India,Sports,3,4660.5,4,0
2025-09-25,North India,Sports,5,9582.69,8,0
2025-09-27,North India,Sports,11,19396.88,16,0
2025-09-28,North India,Sports,11,17964.25,16,0
2025-09-29,North India,Sports,7,9682.48,11,0
2025-09-30,North India,Sports,6,10074.34,10,0
2025-10-01,North India,Sports,7,8483.97,11,0
2025-10-02,North India,Sports,7,14992.58,11,0
2025-10-03,North India,Sports,4,7493.37,6,0
2025-10-04,North India,Sports,7,12724.18,9,0
2025-10-05,North India,Sports,8,10502.01,13,0
2025-10-06,North India,Sports,6,11157.92,11,0
2025-10-07,North India,Sports,8,11297.57,13,0
2025-10-08,North India,Sports,4,5762.79,6,0
2025-10-09,North India,Sports,6,12935.22,10,0
2025-10-10,North India,Sports,10,14280.95,16,0
2025-10-11,North India,Sports,6,9174.97,11,0
2025-10-12,North India,Sports,14,20332.61,19,0
2025-10-13,North India,Sports,6,8712.68,10,0
2025-10-14,North India,Sports,6,7610.57,9,0
2025-10-15,North India,Sports,6,8861.47,9,0
2025-10-16,North India,Sports,7,11394.68,9,0
2025-10-17,North India,Sports,7,9980.09,12,0
2025-10-18,North India,Sports,12,17941.75,17,0
2025-10-19,North India,Sports,11,16311.71,15,0
2025-10-20,North India,Sports,4,7455.47,7,0
2025-10-21,North India,Sports,8,11690.65,13,0
2025-10-22,North India,Sports,8,14407.97,11,0
2025-10-23,North India,Sports,4,4078.37,6,0
2025-10-24,North India,Sports,11,10940.06,19,1
2025-10-25,North India,Sports,7,15668.56,12,0
2025-10-26,North India,Sports,14,22586.78,22,0
2025-10-27,North India,Sports,8,13250.48,12,0
2025-10-28,North India,Sports,12,24165.31,18,0
2025-10-29,North India,Sports,7,15254.86,11,0
2025-10-30,North India,Sports,3,4420.31,4,0
2025-10-31,North India,Sports,5,8398.95,8,0
2025-11-01,North India,Sports,9,10475.26,14,0
2025-11-02,North India,Sports,7,14748.51,11,0
2025-11-03,North India,Sports,6,7998.27,10,0
2025-11-04,North India,Sports,3,5400.08,4,0
2025-11-05,North India,Sports,6,8751.84,11,0
2025-11-06,North India,Sports,4,7091.61,7,0
2025-11-07,North India,Sports,6,13936.22,8,0
2025-11-08,North India,Sports,14,29456.21,21,1
2025-11-09,North India,Sports,6,10037.74,8,0
2025-11-10,North India,Sports,4,6843.42,6,0
2025-11-11,North India,Sports,10,15131.04,15,0
2025-11-12,North India,Sports,10,11519.8,17,0
2025-11-13,North India,Sports,9,12030.26,15,0
2025-11-14,North India,Sports,8,14477.52,12,0
2025-11-15,North India,Sports,12,20974.17,21,1
2025-11-16,North India,Sports,6,9660.3,9,0
2025-11-17,North India,Sports,4,5926.46,6,0
2025-11-18,North India,Sports,8,15815.92,13,0
2025-11-19,North India,Sports,10,15632.98,14,0
2025-11-20,North India,Sports,4,7676.4,7,0
2025-11-21,North India,Sports,3,5851.3,4,0
2025-11-22,North India,Sports,9,18652.93,16,0
2025-11-23,North India,Sports,12,16802.8,21,0
2025-11-24,North India,Sports,10,13152.52,14,0
2025-11-25,North India,Sports,5,9340.04,9,0
2025-11-26,North India,Sports,8,8544.27,11,0
2025-11-27,North India,Sports,7,10502.1,12,0
2025-11-28,North India,Sports,5,6324.52,7,0
2025-11-29,North India,Sports,10,13682.79,16,0
2025-11-30,North India,Sports,11,25917.86,16,0
2025-12-01,North India,Sports,7,9223.93,10,0
2025-12-02,North India,Sports,9,12912.54,13,0
2025-12-03,North India,Sports,1,1509.67,1,0
2025-12-04,North India,Sports,4,6564.97,7,0
2025-12-05,North India,Sports,3,4864.26,4,0
2025-12-06,North India,Sports,8,9018.85,12,0
2025-12-07,North India,Sports,6,11320.86,8,0
2025-12-08,North India,Sports,4,5701.52,6,0
2025-12-09,North India,Sports,4,6206.99,5,0
2025-12-10,North India,Sports,8,16092.54,12,0
2025-12-11,North India,Sports,2,4129.0,3,0
2025-12-12,North India,Sports,1,1520.5,1,0
2025-12-13,North India,Sports,3,4998.25,4,0
2025-12-14,North India,Sports,5,7676.22,9,0
2025-12-15,North India,Sports,6,9571.66,9,0
2025-12-16,North India,Sports,4,8712.15,7,0
2025-12-17,North India,Sports,2,3715.8,3,0
2025-12-18,North India,Sports,4,6378.1,6,0
2025-12-19,North India,Sports,3,4314.41,5,0
2025-12-20,North India,Sports,10,14450.71,16,0
2025-12-21,North India,Sports,7,9626.81,13,0
2025-12-22,North India,Sports,1,896.66,1,0
2025-12-23,North India,Sports,4,5750.98,6,0
2025-12-24,North India,Sports,7,10019.66,12,0
2025-12-25,North India,Sports,3,4153.04,5,0
2025-12-26,North India,Sports,3,3519.53,4,0
2025-12-27,North India,Sports,12,18568.34,19,0
2025-12-28,North India,Sports,6,10953.37,9,0
2025-12-29,North India,Sports,4,6192.46,7,0
2025-12-30,North India,Sports,6,11949.87,9,0
2025-12-31,North India,Sports,5,7704.59,8,0
2024-01-01,South India,Electronics,10,29022.79,18,0
2024-01-02,South India,Electronics,5,17950.27,8,0
2024-01-03,South India,Electronics,7,23773.5,13,0
2024-01-04,South India,Electronics,3,8117.8,4,0
2024-01-05,South India,Electronics,5,15827.32,8,0
2024-01-06,South India,Electronics,11,36791.63,16,0
2024-01-07,South India,Electronics,11,38193.22,17,0
2024-01-08,South India,Electronics,6,16530.98,9,0
2024-01-09,South India,Electronics,2,6142.76,3,0
2024-01-10,South India,Electronics,5,13359.25,9,0
2024-01-11,South India,Electronics,8,18753.35,11,0
2024-01-12,South India,Electronics,8,24532.12,11,0
2024-01-13,South India,Electronics,9,26187.03,12,0
2024-01-14,South India,Electronics,11,37072.45,16,0
2024-01-15,South India,Electronics,11,44208.92,18,0
2024-01-16,South India,Electronics,2,7074.82,3,0
2024-01-17,South India,Electronics,9,33700.44,14,0
2024-01-18,South India,Electronics,9,26586.17,15,0
2024-01-19,South India,Electronics,7,22712.9,10,0
2024-01-20,South India,Electronics,5,19069.05,7,0
2024-01-21,South India,Electronics,11,35005.14,16,0
2024-01-22,South India,Electronics,7,22877.34,13,0
2024-01-23,South India,Electronics,12,45466.71,19,0
2024-01-24,South India,Electronics,3,10546.96,4,0
2024-01-25,South India,Electronics,5,14873.75,7,0
2024-01-26,South India,Electronics,8,28107.49,12,0
2024-01-27,South India,Electronics,10,31728.02,16,0
2024-01-28,South India,Electronics,18,57667.93,31,0
2024-01-29,South India,Electronics,6,20434.3,9,0
2024-01-30,South India,Electronics,13,45049.99,23,0
2024-01-31,South India,Electronics,9,21447.51,14,0
2024-02-01,South India,Electronics,4,11599.96,6,0
2024-02-02,South India,Electronics,5,14594.61,9,0
2024-02-03,South India,Electronics,8,22495.76,14,0
2024-02-04,South India,Electronics,8,26992.56,12,0
2024-02-05,South India,Electronics,7,22092.13,10,0
2024-02-06,South India,Electronics,3,9927.03,5,0
2024-02-07,South India,Electronics,6,15950.13,10,0
2024-02-08,South India,Electronics,5,12816.08,7,0
2024-02-09,South India,Electronics,7,20742.36,10,0
2024-02-10,South India,Electronics,9,26081.81,13,0
2024-02-11,South India,Electronics,11,37006.82,16,0
2024-02-12,South India,Electronics,10,34288.39,18,0
2024-02-13,South India,Electronics,5,14216.73,8,0
2024-02-14,South India,Electronics,5,15970.74,8,0
2024-02-15,South India,Electronics,8,28050.98,11,0
2024-02-16,South India,Electronics,4,11459.55,6,0
2024-02-17,South India,Electronics,8,26946.46,13,0
2024-02-18,South India,Electronics,4,10428.41,6,0
2024-02-19,South India,Electronics,8,22807.48,14,0
2024-02-20,South India,Electronics,9,32369.3,16,0
2024-02-21,South India,Electronics,6,21929.09,10,0
2024-02-22,South India,Electronics,2,5646.64,3,0
2024-02-23,South India,Electronics,7,22768.06,10,0
2024-02-24,South India,Electronics,7,24997.11,10,0
2024-02-25,South India,Electronics,5,16010.99,8,0
2024-02-26,South India,Electronics,5,15394.19,7,0
2024-02-27,South India,Electronics,5,11001.42,7,0
2024-02-28,South India,Electronics,7,26307.41,12,0
2024-02-29,South India,Electronics,2,7591.41,3,0
2024-03-01,South India,Electronics,6,20194.86,11,0
2024-03-02,South India,Electronics,8,25180.58,14,0
2024-03-03,South India,Electronics,11,30563.28,16,0
2024-03-04,South India,Electronics,7,19819.75,12,0
2024-03-05,South India,Electronics,4,12920.63,6,0
2024-03-06,South India,Electronics,9,23597.42,16,0
2024-03-07,South India,Electronics,5,13315.83,8,0
2024-03-08,South India,Electronics,3,12027.83,4,0
2024-03-09,South India,Electronics,8,26209.42,11,0
2024-03-10,South India,Electronics,4,14233.7,6,0
2024-03-11,South India,Electronics,8,19801.27,14,0
2024-03-12,South India,Electronics,12,37929.33,21,0
2024-03-13,South India,Electronics,9,25794.89,15,0
2024-03-14,South India,Electronics,10,39249.35,16,0
2024-03-15,South India,Electronics,5,13985.73,9,0
2024-03-16,South India,Electronics,10,23777.95,14,0
2024-03-17,South India,Electronics,5,15017.18,8,0
2024-03-18,South India,Electronics,10,39396.56,14,0
2024-03-19,South India,Electronics,4,12922.39,6,0
2024-03-20,South India,Electronics,7,18687.27,10,0
2024-03-21,South India,Electronics,7,22680.18,12,0
2024-03-22,South India,Electronics,4,10343.76,6,0
2024-03-23,South India,Electronics,10,35073.03,17,0
2024-03-24,South India,Electronics,7,23986.66,10,0
2024-03-25,South India,Electronics,6,21100.78,9,0
2024-03-26,South India,Electronics,6,22816.47,9,0
2024-03-27,South India,Electronics,5,15516.85,8,0
2024-03-28,South India,Electronics,6,15088.12,9,0
2024-03-29,South India,Electronics,8,25486.86,13,0
2024-03-30,South India,Electronics,8,21986.0,14,0
2024-03-31,South India,Electronics,9,28167.8,17,0
2024-04-01,South India,Electronics,11,38716.83,15,0
2024-04-02,South India,Electronics,9,26853.68,12,0
2024-04-03,South India,Electronics,11,37824.7,15,0
2024-04-04,South India,Electronics,8,34304.48,11,0
2024-04-05,South India,Electronics,12,40955.73,20,0
2024-04-06,South India,Electronics,11,38422.32,20,0
2024-04-07,South India,Electronics,10,35288.02,18,0
2024-04-08,South India,Electronics,4,12566.45,6,0
2024-04-09,South India,Electronics,5,12136.71,7,0
2024-04-10,South India,Electronics,3,8907.89,5,0
2024-04-11,South India,Electronics,2,6216.1,3,0
2024-04-12,South India,Electronics,9,26884.51,16,0
2024-04-13,South India,Electronics,5,16225.99,7,0
2024-04-14,South India,Electronics,11,31066.06,19,0
2024-04-15,South India,Electronics,5,14310.72,8,0
2024-04-16,South India,Electronics,11,39790.23,16,0
2024-04-17,South India,Electronics,6,18560.71,10,0
2024-04-18,South India,Electronics,6,19339.67,11,0
2024-04-19,South India,Electronics,4,13796.69,6,0
2024-04-20,South India,Electronics,5,17124.73,7,0
2024-04-21,South India,Electronics,8,18368.95,14,0
2024-04-22,South India,Electronics,7,20628.97,10,0
2024-04-23,South India,Electronics,7,21102.14,12,0
2024-04-24,South India,Electronics,4,14424.41,7,0
2024-04-25,South India,Electronics,8,26271.09,14,0
2024-04-26,South India,Electronics,9,31770.88,14,0
2024-04-27,South India,Electronics,9,21450.39,13,0
2024-04-28,South India,Electronics,11,38297.23,20,0
2024-04-29,South India,Electronics,7,24041.57,11,0
2024-04-30,South India,Electronics,8,23894.2,12,0
2024-05-01,South India,Electronics,6,15501.07,10,0
2024-05-02,South India,Electronics,9,27233.51,13,0
2024-05-03,South India,Electronics,12,34399.78,18,0
2024-05-04,South India,Electronics,10,32177.52,15,0
2024-05-05,South India,Electronics,11,32453.82,19,0
2024-05-06,South India,Electronics,7,18882.46,11,0
2024-05-07,South India,Electronics,7,19180.59,10,0
2024-05-08,South India,Electronics,4,10631.01,5,0
2024-05-09,South India,Electronics,7,18428.52,10,0
2024-05-10,South India,Electronics,2,6697.33,3,0
2024-05-11,South India,Electronics,8,25380.01,12,0
2024-05-12,South India,Electronics,8,23684.72,15,0
2024-05-13,South India,Electronics,4,11973.46,6,0
2024-05-14,South India,Electronics,2,7384.4,3,0
2024-05-15,South India,Electronics,8,20822.11,11,0
2024-05-16,South India,Electronics,4,13340.57,7,0
2024-05-17,South India,Electronics,14,47820.46,25,0
2024-05-18,South India,Electronics,10,33579.58,15,0
2024-05-19,South India,Electronics,9,29251.19,16,0
2024-05-20,South India,Electronics,6,17351.96,10,0
2024-05-21,South India,Electronics,7,22409.6,12,0
2024-05-22,South India,Electronics,7,13202.85,10,0
2024-05-23,South India,Electronics,4,13125.44,6,0
2024-05-24,South India,Electronics,5,14644.78,8,0
2024-05-25,South India,Electronics,16,48754.24,28,1
2024-05-26,South India,Electronics,11,31392.2,16,0
2024-05-27,South India,Electronics,6,19156.5,10,0
2024-05-28,South India,Electronics,13,40142.92,19,1
2024-05-29,South India,Electronics,8,24532.89,11,0
2024-05-30,South India,Electronics,9,24801.64,14,0
2024-05-31,South India,Electronics,13,35933.25,19,0
2024-06-01,South India,Electronics,12,33596.48,18,0
2024-06-02,South India,Electronics,6,18617.75,11,0
2024-06-03,South India,Electronics,16,54149.33,26,0
2024-06-04,South India,Electronics,6,18593.44,10,0
2024-06-05,South India,Electronics,5,14889.67,7,0
2024-06-06,South India,Electronics,4,11568.56,6,0
2024-06-07,South India,Electronics,5,11785.15,8,0
2024-06-08,South India,Electronics,9,29220.46,16,0
2024-06-09,South India,Electronics,5,17111.23,8,0
2024-06-10,South India,Electronics,6,21080.88,9,0
2024-06-11,South India,Electronics,11,32005.22,17,0
2024-06-12,South India,Electronics,9,27096.06,14,0
2024-06-13,South India,Electronics,4,13823.56,5,0
2024-06-14,South India,Electronics,6,19589.09,11,0
2024-06-15,South India,Electronics,14,39262.36,25,1
2024-06-16,South India,Electronics,14,40542.6,23,0
2024-06-17,South India,Electronics,3,9646.7,5,0
2024-06-18,South India,Electronics,3,11327.01,5,0
2024-06-19,South India,Electronics,7,30990.91,11,0
2024-06-20,South India,Electronics,7,23853.57,10,0
2024-06-21,South India,Electronics,6,16769.83,9,0
2024-06-22,South India,Electronics,8,29118.07,14,0
2024-06-23,South India,Electronics,7,23880.09,10,0
2024-06-24,South India,Electronics,8,19857.34,11,0
2024-06-25,South India,Electronics,6,19529.21,11,0
2024-06-26,South India,Electronics,5,18167.84,7,0
2024-06-27,South India,Electronics,7,24414.26,11,0
2024-06-28,South India,Electronics,12,33660.63,20,0
2024-06-29,South India,Electronics,13,44906.3,20,0
2024-06-30,South India,Electronics,15,59022.99,28,1
2024-07-01,South India,Electronics,4,12609.89,5,0
2024-07-02,South India,Electronics,5,15178.3,7,0
2024-07-03,South India,Electronics,7,26254.06,12,0
2024-07-04,South India,Electronics,2,4993.46,3,0
2024-07-05,South India,Electronics,8,31241.54,13,0
2024-07-06,South India,Electronics,4,12825.94,5,0
2024-07-07,South India,Electronics,10,27281.05,17,0
2024-07-08,South India,Electronics,7,23601.91,10,0
2024-07-09,South India,Electronics,6,20798.84,10,0
2024-07-10,South India,Electronics,8,28473.58,14,0
2024-07-11,South India,Electronics,3,9887.1,4,0
2024-07-12,South India,Electronics,13,42657.61,22,1
2024-07-13,South India,Electronics,15,46687.25,28,0
2024-07-14,South India,Electronics,10,31480.78,15,0
2024-07-15,South India,Electronics,6,21442.59,11,0
2024-07-16,South India,Electronics,9,32991.71,15,0
2024-07-17,South India,Electronics,6,20991.76,10,0
2024-07-18,South India,Electronics,7,20148.01,12,0
2024-07-19,South India,Electronics,7,20311.34,11,0
2024-07-20,South India,Electronics,5,14152.68,7,0
2024-07-21,South India,Electronics,5,16264.23,8,0
2024-07-22,South India,Electronics,6,21844.76,9,0
2024-07-23,South India,Electronics,7,25732.01,10,0
2024-07-24,South India,Electronics,3,9797.68,4,0
2024-07-25,South India,Electronics,7,29282.75,10,0
2024-07-26,South India,Electronics,9,22550.11,16,0
2024-07-27,South India,Electronics,12,49479.36,21,0
2024-07-28,South India,Electronics,6,19742.8,9,0
2024-07-29,South India,Electronics,11,40261.58,18,0
2024-07-30,South India,Electronics,8,17160.94,12,0
2024-07-31,South India,Electronics,9,29472.51,15,0
2024-08-01,South India,Electronics,7,26840.47,12,0
2024-08-02,South India,Electronics,7,26306.75,10,0
2024-08-03,South India,Electronics,14,45038.42,24,0
2024-08-04,South India,Electronics,6,16559.2,8,0
2024-08-05,South India,Electronics,5,15532.09,9,0
2024-08-06,South India,Electronics,5,18811.29,7,0
2024-08-07,South India,Electronics,8,23567.02,11,0
2024-08-08,South India,Electronics,2,6456.0,3,0
2024-08-09,South India,Electronics,4,9230.04,6,0
2024-08-10,South India,Electronics,14,43034.28,24,1
2024-08-11,South India,Electronics,10,26030.45,17,0
2024-08-12,South India,Electronics,7,22228.07,10,0
2024-08-13,South India,Electronics,8,19323.17,12,0
2024-08-14,South India,Electronics,13,42918.4,18,0
2024-08-15,South India,Electronics,6,17793.2,11,0
2024-08-16,South India,Electronics,5,18081.73,8,0
2024-08-17,South India,Electronics,9,20350.81,16,0
2024-08-18,South India,Electronics,4,12716.57,6,0
2024-08-19,South India,Electronics,7,25340.51,10,0
2024-08-20,South India,Electronics,7,28851.27,12,0
2024-08-21,South India,Electronics,7,15223.06,11,0
2024-08-22,South India,Electronics,6,23298.41,10,0
2024-08-23,South India,Electronics,4,13807.99,6,0
2024-08-24,South India,Electronics,10,29267.04,18,0
2024-08-25,South India,Electronics,8,22224.56,14,0
2024-08-26,South India,Electronics,6,20644.8,10,0
2024-08-27,South India,Electronics,8,21504.98,13,0
2024-08-28,South India,Electronics,6,23582.28,8,0
2024-08-29,South India,Electronics,10,31468.82,15,0
2024-08-30,South India,Electronics,7,23508.77,12,0
2024-08-31,South India,Electronics,10,24733.7,15,0
2024-09-01,South India,Electronics,6,17883.74,10,0
2024-09-02,South India,Electronics,5,16725.48,9,0
2024-09-03,South India,Electronics,9,24692.42,13,0
2024-09-04,South India,Electronics,6,21315.18,11,0
2024-09-05,South India,Electronics,11,27059.06,19,0
2024-09-06,South India,Electronics,3,11045.95,4,0
2024-09-07,South India,Electronics,7,24911.95,10,0
2024-09-08,South India,Electronics,8,28060.74,11,0
2024-09-09,South India,Electronics,9,32293.1,15,0
2024-09-10,South India,Electronics,4,12366.94,7,0
2024-09-11,South India,Electronics,6,19103.08,9,0
2024-09-12,South India,Electronics,8,19302.32,14,0
2024-09-13,South India,Electronics,4,11182.05,6,0
2024-09-14,South India,Electronics,10,28233.67,15,0
2024-09-15,South India,Electronics,10,34595.8,18,0
2024-09-16,South India,Electronics,8,25403.0,11,0
2024-09-17,South India,Electronics,11,33310.57,18,0
2024-09-18,South India,Electronics,9,25176.04,13,0
2024-09-19,South India,Electronics,5,16917.69,7,0
2024-09-20,South India,Electronics,6,17473.0,10,0
2024-09-21,South India,Electronics,10,36629.34,14,0
2024-09-22,South India,Electronics,9,26449.03,14,0
2024-09-23,South India,Electronics,4,13515.29,6,0
2024-09-24,South India,Electronics,6,21696.8,9,0
2024-09-25,South India,Electronics,5,18732.73,8,0
2024-09-26,South India,Electronics,4,12708.02,7,0
2024-09-27,South India,Electronics,5,18168.78,9,0
2024-09-28,South India,Electronics,13,47458.22,20,0
2024-09-29,South India,Electronics,16,56227.24,25,1
2024-09-30,South India,Electronics,4,10497.4,6,0
2024-10-01,South India,Electronics,14,39246.29,21,1
2024-10-02,South India,Electronics,13,41887.02,18,0
2024-10-03,South India,Electronics,11,33186.22,16,0
2024-10-04,South India,Electronics,11,31347.06,15,0
2024-10-05,South India,Electronics,19,51179.0,33,1
2024-10-06,South India,Electronics,9,31738.33,14,0
2024-10-07,South India,Electronics,12,39694.41,18,0
2024-10-08,South India,Electronics,10,28226.21,16,0
2024-10-09,South India,Electronics,10,33001.9,15,0
2024-10-10,South India,Electronics,11,30637.53,19,0
2024-10-11,South India,Electronics,6,15950.47,10,0
2024-10-12,South India,Electronics,12,33872.47,19,1
2024-10-13,South India,Electronics,14,37855.74,26,1
2024-10-14,South India,Electronics,7,19778.61,13,0
2024-10-15,South India,Electronics,11,30899.82,16,0
2024-10-16,South India,Electronics,7,29766.14,9,0
2024-10-17,South India,Electronics,8,31126.2,14,0
2024-10-18,South India,Electronics,7,22316.15,11,0
2024-10-19,South India,Electronics,20,82878.31,35,0
2024-10-20,South India,Electronics,11,40315.82,20,0
2024-10-21,South India,Electronics,8,20112.4,14,0
2024-10-22,South India,Electronics,8,27026.12,13,0
2024-10-23,South India,Electronics,7,19468.98,12,0
2024-10-24,South India,Electronics,11,34484.54,17,0
2024-10-25,South India,Electronics,12,28770.28,20,1
2024-10-26,South India,Electronics,13,43597.46,21,1
2024-10-27,South India,Electronics,16,52605.59,25,0
2024-10-28,South India,Electronics,12,30771.01,20,0
2024-10-29,South India,Electronics,13,39046.73,19,0
2024-10-30,South India,Electronics,11,31018.4,19,1
2024-10-31,South India,Electronics,21,94145.79,35,1
2024-11-01,South India,Electronics,8,23241.87,13,0
2024-11-02,South India,Electronics,16,51026.72,29,1
2024-11-03,South India,Electronics,23,65775.88,39,1
2024-11-04,South India,Electronics,13,42214.49,24,0
2024-11-05,South India,Electronics,11,33394.46,16,0
2024-11-06,South India,Electronics,10,21751.77,15,0
2024-11-07,South India,Electronics,7,25264.62,9,0
2024-11-08,South India,Electronics,11,31713.72,20,0
2024-11-09,South India,Electronics,6,17912.24,10,0
2024-11-10,South India,Electronics,14,39329.85,20,1
2024-11-11,South India,Electronics,16,48194.69,26,0
2024-11-12,South India,Electronics,7,24669.61,10,0
2024-11-13,South India,Electronics,13,40158.68,22,0
2024-11-14,South India,Electronics,9,30241.58,13,0
2024-11-15,South India,Electronics,6,20911.63,8,0
2024-11-16,South India,Electronics,19,61383.88,32,1
2024-11-17,South India,Electronics,16,50760.35,22,0
2024-11-18,South India,Electronics,7,23116.21,12,0
2024-11-19,South India,Electronics,8,22570.27,11,0
2024-11-20,South India,Electronics,16,55184.01,29,0
2024-11-21,South India,Electronics,12,36988.91,22,1
2024-11-22,South India,Electronics,11,35341.74,20,1
2024-11-23,South India,Electronics,18,57432.48,27,0
2024-11-24,South India,Electronics,18,50924.25,32,0
2024-11-25,South India,Electronics,9,39923.3,15,0
2024-11-26,South India,Electronics,6,15592.93,9,0
2024-11-27,South India,Electronics,16,43408.26,25,0
2024-11-28,South India,Electronics,14,59958.87,24,1
2024-11-29,South India,Electronics,11,33405.16,17,0
2024-11-30,South India,Electronics,18,46449.57,26,0
2024-12-01,South India,Electronics,14,42926.09,21,0
2024-12-02,South India,Electronics,4,14089.77,6,0
2024-12-03,South India,Electronics,4,11157.04,7,0
2024-12-04,South India,Electronics,4,14188.27,6,0
2024-12-05,South India,Electronics,7,24793.61,12,0
2024-12-06,South India,Electronics,10,37311.76,18,0
2024-12-07,South India,Electronics,15,45755.17,23,0
2024-12-08,South India,Electronics,13,49534.01,19,0
2024-12-09,South India,Electronics,6,17208.85,9,0
2024-12-10,South India,Electronics,11,39262.45,19,0
2024-12-11,South India,Electronics,5,14508.51,7,0
2024-12-12,South India,Electronics,5,16577.16,9,0
2024-12-13,South India,Electronics,4,13905.59,7,0
2024-12-14,South India,Electronics,8,35653.55,13,0
2024-12-15,South India,Electronics,12,36616.67,22,0
2024-12-16,South India,Electronics,8,25921.0,11,0
2024-12-17,South India,Electronics,4,14497.69,6,0
2024-12-18,South India,Electronics,11,30074.94,18,0
2024-12-19,South India,Electronics,8,21597.66,11,0
2024-12-20,South India,Electronics,3,8949.26,5,0
2024-12-21,South India,Electronics,10,28981.4,16,0
2024-12-22,South India,Electronics,8,32112.48,11,0
2024-12-23,South India,Electronics,4,14746.85,6,0
2024-12-24,South India,Electronics,5,14314.07,7,0
2024-12-25,South India,Electronics,6,18985.6,8,0
2024-12-26,South India,Electronics,10,29044.07,14,0
2024-12-27,South India,Electronics,8,25761.76,11,0
2024-12-28,South India,Electronics,14,40422.83,24,0
2024-12-29,South India,Electronics,11,30643.35,19,0
2024-12-30,South India,Electronics,9,26309.65,13,0
2024-12-31,South India,Electronics,9,36180.58,16,0
2025-01-01,South India,Electronics,5,14280.37,7,0
2025-01-02,South India,Electronics,6,22564.07,9,0
2025-01-03,South India,Electronics,9,31041.44,14,0
2025-01-04,South India,Electronics,10,27073.73,18,0
2025-01-05,South India,Electronics,9,29922.66,15,0
2025-01-06,South India,Electronics,5,15357.89,9,0
2025-01-07,South India,Electronics,5,16158.52,7,0
2025-01-08,South India,Electronics,9,37472.93,14,0
2025-01-09,South India,Electronics,3,9241.37,5,0
2025-01-10,South India,Electronics,9,27234.09,12,0
2025-01-11,South India,Electronics,11,35370.77,18,0
2025-01-12,South India,Electronics,8,21048.03,13,0
2025-01-13,South India,Electronics,7,23869.7,12,0
2025-01-14,South India,Electronics,7,19772.66,10,0
2025-01-15,South India,Electronics,9,25018.37,15,0
2025-01-16,South India,Electronics,7,17781.4,10,0
2025-01-17,South India,Electronics,5,17226.31,8,0
2025-01-18,South India,Electronics,14,54356.06,21,0
2025-01-19,South India,Electronics,12,37765.91,20,0
2025-01-20,South India,Electronics,1,3463.31,1,0
2025-01-21,South India,Electronics,11,37871.18,18,0
2025-01-22,South India,Electronics,6,18018.31,9,0
2025-01-23,South India,Electronics,7,20918.01,12,0
2025-01-24,South India,Electronics,9,21698.06,16,0
2025-01-25,South India,Electronics,6,11452.38,10,0
2025-01-26,South India,Electronics,13,44199.44,22,1
2025-01-27,South India,Electronics,6,23036.95,9,0
2025-01-28,South India,Electronics,11,33686.04,16,0
2025-01-29,South India,Electronics,7,16753.3,12,0
2025-01-30,South India,Electronics,9,28642.19,14,0
2025-01-31,South India,Electronics,9,26975.51,16,0
2025-02-01,South India,Electronics,10,29368.93,15,0
2025-02-02,South India,Electronics,11,25763.95,17,0
2025-02-03,South India,Electronics,7,25868.32,11,0
2025-02-04,South India,Electronics,12,43526.8,17,0
2025-02-05,South India,Electronics,4,15714.17,6,0
2025-02-06,South India,Electronics,8,24607.85,13,0
2025-02-07,South India,Electronics,5,15290.93,8,0
2025-02-08,South India,Electronics,15,51477.73,27,0
2025-02-09,South India,Electronics,8,26801.29,11,0
2025-02-10,South India,Electronics,7,23324.0,12,0
2025-02-11,South India,Electronics,5,18985.99,8,0
2025-02-12,South India,Electronics,10,34326.09,15,0
2025-02-13,South India,Electronics,3,7616.18,4,0
2025-02-14,South India,Electronics,8,26135.04,11,0
2025-02-15,South India,Electronics,11,32485.5,19,0
2025-02-16,South India,Electronics,7,22600.78,11,0
2025-02-17,South India,Electronics,11,43557.24,17,0
2025-02-18,South India,Electronics,5,12975.34,7,0
2025-02-19,South India,Electronics,6,14334.87,8,0
2025-02-20,South India,Electronics,5,19392.31,8,0
2025-02-21,South India,Electronics,8,25209.05,12,0
2025-02-22,South India,Electronics,9,30926.46,15,0
2025-02-23,South India,Electronics,19,58719.0,29,0
2025-02-24,South India,Electronics,5,12656.51,8,0
2025-02-25,South India,Electronics,7,21821.87,10,0
2025-02-26,South India,Electronics,12,49143.27,19,0
2025-02-27,South India,Electronics,5,13949.12,7,0
2025-02-28,South India,Electronics,8,27090.01,14,0
2025-03-01,South India,Electronics,13,45370.52,18,0
2025-03-02,South India,Electronics,9,35904.19,13,0
2025-03-03,South India,Electronics,9,28507.49,13,0
2025-03-04,South India,Electronics,10,27205.88,14,0
2025-03-05,South India,Electronics,5,18067.71,7,0
2025-03-06,South India,Electronics,7,21476.23,10,0
2025-03-07,South India,Electronics,10,39402.3,14,0
2025-03-08,South India,Electronics,12,34682.67,21,0
2025-03-09,South India,Electronics,10,35171.98,15,0
2025-03-10,South India,Electronics,10,35822.47,17,0
2025-03-11,South India,Electronics,9,32989.21,16,0
2025-03-12,South India,Electronics,8,21189.16,13,0
2025-03-13,South India,Electronics,5,21826.48,9,0
2025-03-14,South India,Electronics,7,16392.83,12,0
2025-03-15,South India,Electronics,9,30155.52,13,0
2025-03-16,South India,Electronics,14,48801.78,25,0
2025-03-17,South India,Electronics,1,3815.1,1,0
2025-03-18,South India,Electronics,15,37853.2,26,0
2025-03-19,South India,Electronics,6,18697.21,8,0
2025-03-20,South India,Electronics,7,23714.62,11,0
2025-03-21,South India,Electronics,3,10834.54,5,0
2025-03-22,South India,Electronics,13,45934.94,20,0
2025-03-23,South India,Electronics,12,41818.37,20,0
2025-03-24,South India,Electronics,5,19529.42,8,0
2025-03-25,South India,Electronics,7,21041.82,11,0
2025-03-26,South India,Electronics,6,18034.87,10,0
2025-03-27,South India,Electronics,3,9590.52,4,0
2025-03-28,South India,Electronics,6,23085.09,9,0
2025-03-29,South India,Electronics,11,31348.13,18,0
2025-03-30,South India,Electronics,13,40775.91,24,0
2025-03-31,South India,Electronics,6,17488.6,11,0
2025-04-01,South India,Electronics,6,19164.29,8,0
2025-04-02,South India,Electronics,8,21341.68,15,0
2025-04-03,South India,Electronics,6,21215.56,8,0
2025-04-04,South India,Electronics,7,21225.44,13,0
2025-04-05,South India,Electronics,15,59720.24,24,0
2025-04-06,South India,Electronics,13,40603.72,20,0
2025-04-07,South India,Electronics,8,28174.63,14,0
2025-04-08,South India,Electronics,8,25039.45,13,0
2025-04-09,South India,Electronics,3,9459.4,4,0
2025-04-10,South India,Electronics,6,22355.63,10,0
2025-04-11,South India,Electronics,4,13711.51,6,0
2025-04-12,South India,Electronics,11,34573.63,15,0
2025-04-13,South India,Electronics,12,33962.8,17,0
2025-04-14,South India,Electronics,12,27593.8,18,0
2025-04-15,South India,Electronics,7,29309.09,12,0
2025-04-16,South India,Electronics,8,26727.7,12,0
2025-04-17,South India,Electronics,10,38287.81,14,0
2025-04-18,South India,Electronics,7,22367.94,11,0
2025-04-19,South India,Electronics,10,36053.08,17,0
2025-04-20,South India,Electronics,13,48054.85,21,0
2025-04-21,South India,Electronics,9,29362.4,14,0
2025-04-22,South India,Electronics,10,33159.38,14,0
2025-04-23,South India,Electronics,7,19782.62,13,0
2025-04-24,South India,Electronics,6,17686.48,10,0
2025-04-25,South India,Electronics,8,21544.52,12,0
2025-04-26,South India,Electronics,12,35026.56,17,0
2025-04-27,South India,Electronics,1,2849.6,1,0
2025-04-28,South India,Electronics,11,39627.05,17,0
2025-04-29,South India,Electronics,14,44867.01,21,0
2025-04-30,South India,Electronics,8,28887.63,13,0
2025-05-01,South India,Electronics,12,27784.2,17,0
2025-05-02,South India,Electronics,9,31485.76,14,0
2025-05-03,South India,Electronics,8,27581.39,13,0
2025-05-04,South India,Electronics,4,13361.04,6,0
2025-05-05,South India,Electronics,5,16250.97,7,0
2025-05-06,South India,Electronics,10,27076.43,16,0
2025-05-07,South India,Electronics,6,21706.66,8,0
2025-05-08,South India,Electronics,6,25591.08,8,0
2025-05-09,South India,Electronics,5,15945.46,8,0
2025-05-10,South India,Electronics,7,16084.86,11,0
2025-05-11,South India,Electronics,10,34382.52,17,0
2025-05-12,South India,Electronics,6,24462.49,11,0
2025-05-13,South India,Electronics,8,23013.53,13,0
2025-05-14,South India,Electronics,4,11131.69,7,0
2025-05-15,South India,Electronics,6,17443.73,8,0
2025-05-16,South India,Electronics,4,14607.41,7,0
2025-05-17,South India,Electronics,14,39015.09,26,1
2025-05-18,South India,Electronics,12,51121.44,18,0
2025-05-19,South India,Electronics,6,20176.41,10,0
2025-05-20,South India,Electronics,13,39812.1,18,0
2025-05-21,South India,Electronics,3,9800.84,4,0
2025-05-22,South India,Electronics,7,22070.89,10,0
2025-05-23,South India,Electronics,11,33117.29,16,0
2025-05-24,South India,Electronics,9,27984.21,17,0
2025-05-25,South India,Electronics,13,39081.24,20,0
2025-05-26,South India,Electronics,6,16701.19,8,0
2025-05-27,South India,Electronics,5,14568.5,9,0
2025-05-28,South India,Electronics,2,6220.5,3,0
2025-05-29,South India,Electronics,12,25057.67,17,0
2025-05-30,South India,Electronics,4,12380.01,7,0
2025-05-31,South India,Electronics,12,41591.42,16,0
2025-06-01,South India,Electronics,9,31775.13,17,0
2025-06-02,South India,Electronics,6,18427.01,10,0
2025-06-03,South India,Electronics,10,27403.26,17,0
2025-06-04,South India,Electronics,7,22577.86,12,0
2025-06-05,South India,Electronics,14,31719.97,24,0
2025-06-06,South India,Electronics,2,5631.78,3,0
2025-06-07,South India,Electronics,15,59533.2,21,1
2025-06-08,South India,Electronics,13,43370.06,18,1
2025-06-09,South India,Electronics,7,19141.49,9,0
2025-06-10,South India,Electronics,12,35114.91,18,0
2025-06-11,South India,Electronics,10,28599.21,15,0
2025-06-12,South India,Electronics,6,16196.91,10,0
2025-06-13,South India,Electronics,11,29695.55,19,1
2025-06-14,South India,Electronics,10,27083.91,14,0
2025-06-15,South India,Electronics,12,54755.33,19,0
2025-06-16,South India,Electronics,4,12840.01,6,0
2025-06-17,South India,Electronics,8,24050.53,11,0
2025-06-18,South India,Electronics,6,18946.39,9,0
2025-06-19,South India,Electronics,9,23191.63,14,0
2025-06-20,South India,Electronics,9,27444.2,15,0
2025-06-21,South India,Electronics,11,37665.38,20,0
2025-06-22,South India,Electronics,16,49985.28,26,1
2025-06-23,South India,Electronics,9,27580.98,16,0
2025-06-24,South India,Electronics,9,22352.21,16,0
2025-06-25,South India,Electronics,5,14567.61,8,0
2025-06-26,South India,Electronics,9,22333.16,15,0
2025-06-27,South India,Electronics,4,13213.73,5,0
2025-06-28,South India,Electronics,23,87857.06,35,1
2025-06-29,South India,Electronics,12,43441.49,17,0
2025-06-30,South India,Electronics,8,29374.2,12,0
2025-07-01,South India,Electronics,11,35309.7,20,0
2025-07-02,South India,Electronics,9,26940.99,15,0
2025-07-03,South India,Electronics,10,29342.75,15,0
2025-07-04,South India,Electronics,6,18471.68,8,0
2025-07-05,South India,Electronics,8,30161.31,13,0
2025-07-06,South India,Electronics,13,43647.69,23,1
2025-07-07,South India,Electronics,3,7701.52,5,0
2025-07-08,South India,Electronics,3,7222.63,5,0
2025-07-09,South India,Electronics,6,22168.07,9,0
2025-07-10,South India,Electronics,5,13379.47,9,0
2025-07-11,South India,Electronics,3,8156.09,4,0
2025-07-12,South India,Electronics,18,63743.61,26,0
2025-07-13,South India,Electronics,17,62622.46,27,0
2025-07-14,South India,Electronics,9,29731.81,15,0
2025-07-15,South India,Electronics,12,38158.9,19,0
2025-07-16,South India,Electronics,4,13697.71,6,0
2025-07-17,South India,Electronics,9,23488.14,16,0
2025-07-18,South India,Electronics,7,18732.6,12,0
2025-07-19,South India,Electronics,7,26632.09,12,0
2025-07-20,South India,Electronics,2,5946.61,3,0
2025-07-21,South India,Electronics,3,8783.71,5,0
2025-07-22,South India,Electronics,5,15809.11,9,0
2025-07-23,South India,Electronics,10,35733.65,15,0
2025-07-24,South India,Electronics,1,3547.41,1,0
2025-07-25,South India,Electronics,8,26662.08,14,0
2025-07-26,South India,Electronics,11,41867.74,20,1
2025-07-27,South India,Electronics,7,24789.25,10,0
2025-07-28,South India,Electronics,7,20723.97,13,0
2025-07-29,South India,Electronics,13,39833.5,19,0
2025-07-30,South India,Electronics,8,27582.77,11,0
2025-07-31,South India,Electronics,10,35326.29,14,0
2025-08-01,South India,Electronics,5,18993.11,8,0
2025-08-02,South India,Electronics,13,34926.59,18,0
2025-08-03,South India,Electronics,12,31161.06,18,0
2025-08-04,South India,Electronics,8,26745.94,14,0
2025-08-05,South India,Electronics,6,13864.16,10,0
2025-08-06,South India,Electronics,8,28089.29,12,0
2025-08-07,South India,Electronics,7,22401.26,10,0
2025-08-08,South India,Electronics,7,24494.59,12,0
2025-08-09,South India,Electronics,16,58981.75,26,0
2025-08-10,South India,Electronics,12,36147.43,17,0
2025-08-11,South India,Electronics,11,33832.9,19,0
2025-08-12,South India,Electronics,9,23541.52,14,0
2025-08-13,South India,Electronics,7,22473.6,11,0
2025-08-14,South India,Electronics,6,22954.37,9,0
2025-08-15,South India,Electronics,8,28198.49,13,0
2025-08-16,South India,Electronics,11,42565.56,18,0
2025-08-17,South India,Electronics,13,33307.66,19,1
2025-08-18,South India,Electronics,8,23337.97,14,0
2025-08-19,South India,Electronics,9,27526.27,13,0
2025-08-20,South India,Electronics,3,11087.45,4,0
2025-08-21,South India,Electronics,6,22493.19,9,0
2025-08-22,South India,Electronics,9,22576.13,13,0
2025-08-23,South India,Electronics,13,47106.35,23,0
2025-08-24,South India,Electronics,12,29090.47,19,0
2025-08-25,South India,Electronics,7,17595.91,12,0
2025-08-26,South India,Electronics,11,32741.72,19,0
2025-08-27,South India,Electronics,5,16348.58,8,0
2025-08-28,South India,Electronics,5,16669.16,7,0
2025-08-29,South India,Electronics,11,25828.27,19,0
2025-08-30,South India,Electronics,16,52612.87,22,0
2025-08-31,South India,Electronics,17,56250.79,29,0
2025-09-01,South India,Electronics,7,21653.24,12,0
2025-09-02,South India,Electronics,3,9443.26,4,0
2025-09-03,South India,Electronics,9,27846.07,15,0
2025-09-04,South India,Electronics,9,21625.51,17,0
2025-09-05,South India,Electronics,6,14828.39,9,0
2025-09-06,South India,Electronics,4,11837.55,6,0
2025-09-07,South India,Electronics,12,44642.6,19,0
2025-09-08,South India,Electronics,9,28307.78,13,0
2025-09-09,South India,Electronics,1,3468.82,1,0
2025-09-10,South India,Electronics,4,13354.21,6,0
2025-09-11,South India,Electronics,10,25682.39,16,0
2025-09-12,South India,Electronics,6,15072.89,9,0
2025-09-13,South India,Electronics,13,49815.19,24,1
2025-09-14,South India,Electronics,14,44823.15,26,0
2025-09-15,South India,Electronics,7,17966.96,13,0
2025-09-16,South India,Electronics,12,33957.48,22,0
2025-09-17,South India,Electronics,6,18442.36,10,0
2025-09-18,South India,Electronics,12,53600.54,22,1
2025-09-19,South India,Electronics,5,15263.41,7,0
2025-09-20,South India,Electronics,12,35156.56,17,0
2025-09-21,South India,Electronics,14,50550.16,23,0
2025-09-22,South India,Electronics,6,18500.59,9,0
2025-09-23,South India,Electronics,5,15611.89,7,0
2025-09-24,South India,Electronics,8,25821.2,12,0
2025-09-25,South India,Electronics,5,17645.14,9,0
2025-09-26,South India,Electronics,9,24972.56,17,0
2025-09-27,South India,Electronics,7,22491.9,11,0
2025-09-28,South India,Electronics,22,71858.85,40,0
2025-09-29,South India,Electronics,8,27165.34,12,0
2025-09-30,South India,Electronics,7,23421.11,11,0
2025-10-01,South India,Electronics,10,25703.82,16,0
2025-10-02,South India,Electronics,6,18498.75,8,0
2025-10-03,South India,Electronics,12,34539.65,18,0
2025-10-04,South India,Electronics,23,68343.42,32,0
2025-10-05,South India,Electronics,20,82765.25,29,1
2025-10-06,South India,Electronics,17,42541.48,29,0
2025-10-07,South India,Electronics,7,17725.91,11,0
2025-10-08,South India,Electronics,17,56297.99,24,0
2025-10-09,South India,Electronics,7,26655.63,11,0
2025-10-10,South India,Electronics,8,29659.41,14,0
2025-10-11,South India,Electronics,15,36065.25,26,1
2025-10-12,South India,Electronics,10,36382.96,17,0
2025-10-13,South India,Electronics,10,31985.0,14,0
2025-10-14,South India,Electronics,10,32201.17,14,0
2025-10-15,South India,Electronics,15,56194.3,22,1
2025-10-16,South India,Electronics,9,28242.28,13,0
2025-10-17,South India,Electronics,8,28625.93,13,0
2025-10-18,South India,Electronics,20,69218.25,31,0
2025-10-19,South India,Electronics,16,54227.47,27,1
2025-10-20,South India,Electronics,17,44480.4,30,1
2025-10-21,South India,Electronics,9,20905.78,15,0
2025-10-22,South India,Electronics,15,52381.29,23,0
2025-10-23,South India,Electronics,8,24867.19,11,0
2025-10-24,South India,Electronics,6,17510.84,10,0
2025-10-25,South India,Electronics,16,56574.88,28,1
2025-10-26,South India,Electronics,14,39430.17,21,1
2025-10-27,South India,Electronics,9,33315.23,12,0
2025-10-28,South India,Electronics,17,46308.08,30,1
2025-10-29,South India,Electronics,20,54536.81,36,0
2025-10-30,South India,Electronics,14,37618.67,21,1
2025-10-31,South India,Electronics,24,73937.5,35,1
2025-11-01,South India,Electronics,16,58298.64,28,1
2025-11-02,South India,Electronics,14,49951.91,20,0
2025-11-03,South India,Electronics,15,44435.03,28,0
2025-11-04,South India,Electronics,8,29419.52,12,0
2025-11-05,South India,Electronics,16,67944.66,25,0
2025-11-06,South India,Electronics,10,44351.48,16,0
2025-11-07,South India,Electronics,12,42052.75,19,0
2025-11-08,South India,Electronics,26,61377.4,37,1
2025-11-09,South India,Electronics,17,45548.04,28,1
2025-11-10,South India,Electronics,9,31788.51,15,0
2025-11-11,South India,Electronics,12,44496.76,19,1
2025-11-12,South India,Electronics,12,38962.71,21,0
2025-11-13,South India,Electronics,16,47536.63,25,1
2025-11-14,South India,Electronics,8,28804.33,13,0
2025-11-15,South India,Electronics,16,53947.75,30,1
2025-11-16,South India,Electronics,17,48517.38,31,1
2025-11-17,South India,Electronics,16,60799.9,23,0
2025-11-18,South India,Electronics,12,40194.65,18,1
2025-11-19,South India,Electronics,10,36762.96,18,0
2025-11-20,South India,Electronics,8,31062.11,12,0
2025-11-21,South India,Electronics,14,42585.79,20,0
2025-11-22,South India,Electronics,31,98809.18,57,1
2025-11-23,South India,Electronics,19,69729.85,27,1
2025-11-24,South India,Electronics,11,32543.28,19,0
2025-11-25,South India,Electronics,9,27174.82,16,0
2025-11-26,South India,Electronics,12,38926.99,21,0
2025-11-27,South India,Electronics,18,59209.35,28,1
2025-11-28,South India,Electronics,14,44511.4,23,0
2025-11-29,South India,Electronics,27,69872.72,38,1
2025-11-30,South India,Electronics,36,114299.17,55,1
2025-12-01,South India,Electronics,7,19300.98,10,0
2025-12-02,South India,Electronics,6,13721.92,10,0
2025-12-03,South India,Electronics,15,63994.35,21,1
2025-12-04,South India,Electronics,2,7132.77,2,0
2025-12-05,South India,Electronics,9,25068.41,14,0
2025-12-06,South India,Electronics,14,42740.5,23,0
2025-12-07,South India,Electronics,9,26438.16,15,0
2025-12-08,South India,Electronics,10,28730.65,17,0
2025-12-09,South India,Electronics,4,9508.34,5,0
2025-12-10,South India,Electronics,7,22907.92,10,0
2025-12-11,South India,Electronics,10,31796.93,17,0
2025-12-12,South India,Electronics,6,20196.01,8,0
2025-12-13,South India,Electronics,11,30735.84,17,0
2025-12-14,South India,Electronics,10,30238.37,14,0
2025-12-15,South India,Electronics,7,22418.19,12,0
2025-12-16,South India,Electronics,10,29128.79,15,0
2025-12-17,South India,Electronics,9,41463.67,16,0
2025-12-18,South India,Electronics,3,6902.93,5,0
2025-12-19,South India,Electronics,3,7460.53,4,0
2025-12-20,South India,Electronics,5,15890.58,7,0
2025-12-21,South India,Electronics,11,26651.61,17,0
2025-12-22,South India,Electronics,7,18513.08,10,0
2025-12-23,South India,Electronics,1,2206.77,1,0
2025-12-24,South India,Electronics,2,6563.25,2,0
2025-12-25,South India,Electronics,2,5525.85,3,0
2025-12-26,South India,Electronics,7,24933.62,12,0
2025-12-27,South India,Electronics,16,57829.31,28,0
2025-12-28,South India,Electronics,16,48765.47,28,1
2025-12-29,South India,Electronics,11,33299.81,19,0
2025-12-30,South India,Electronics,10,33591.71,16,0
2025-12-31,South India,Electronics,10,29558.92,15,0
2024-01-01,South India,Fashion,5,6563.4,7,0
2024-01-02,South India,Fashion,2,2912.66,3,0
2024-01-03,South India,Fashion,1,1428.23,1,0
2024-01-04,South India,Fashion,6,9452.25,11,0
2024-01-05,South India,Fashion,4,4898.65,7,0
2024-01-06,South India,Fashion,6,6379.27,9,0
2024-01-07,South India,Fashion,9,11166.35,12,0
2024-01-08,South India,Fashion,5,5025.87,7,0
2024-01-09,South India,Fashion,6,9332.0,9,0
2024-01-10,South India,Fashion,6,7599.05,10,0
2024-01-11,South India,Fashion,5,5346.4,9,0
2024-01-12,South India,Fashion,2,2418.46,3,0
2024-01-13,South India,Fashion,3,4634.06,4,0
2024-01-14,South India,Fashion,8,8710.63,15,0
2024-01-15,South India,Fashion,3,2966.19,5,0
2024-01-16,South India,Fashion,3,4522.7,4,0
2024-01-17,South India,Fashion,10,14441.01,15,0
2024-01-18,South India,Fashion,3,4355.51,4,0
2024-01-19,South India,Fashion,6,8348.09,10,0
2024-01-20,South India,Fashion,11,17675.42,16,0
2024-01-21,South India,Fashion,8,11454.43,12,0
2024-01-22,South India,Fashion,5,4787.27,8,0
2024-01-23,South India,Fashion,7,11204.22,10,0
2024-01-24,South India,Fashion,5,6959.31,7,0
2024-01-25,South India,Fashion,5,10739.98,8,0
2024-01-26,South India,Fashion,7,11186.25,12,0
2024-01-27,South India,Fashion,6,8798.31,9,0
2024-01-28,South India,Fashion,15,19039.63,28,1
2024-01-29,South India,Fashion,2,1712.2,3,0
2024-01-30,South India,Fashion,4,5897.82,7,0
2024-01-31,South India,Fashion,7,13762.28,10,0
2024-02-01,South India,Fashion,2,2490.81,3,0
2024-02-02,South India,Fashion,3,4813.05,4,0
2024-02-03,South India,Fashion,7,10160.13,12,0
2024-02-04,South India,Fashion,14,25527.01,22,0
2024-02-05,South India,Fashion,5,8798.78,9,0
2024-02-06,South India,Fashion,2,2971.1,3,0
2024-02-08,South India,Fashion,6,9017.23,11,0
2024-02-09,South India,Fashion,4,4564.17,7,0
2024-02-10,South India,Fashion,9,11115.77,15,0
2024-02-11,South India,Fashion,11,15724.06,20,0
2024-02-12,South India,Fashion,5,7787.07,9,0
2024-02-13,South India,Fashion,7,8015.36,12,0
2024-02-14,South India,Fashion,5,7880.65,8,0
2024-02-15,South India,Fashion,7,9921.91,12,0
2024-02-16,South India,Fashion,7,9643.59,11,0
2024-02-17,South India,Fashion,11,13227.58,16,0
2024-02-18,South India,Fashion,3,4783.13,4,0
2024-02-19,South India,Fashion,10,8627.2,18,0
2024-02-20,South India,Fashion,2,3186.34,3,0
2024-02-21,South India,Fashion,3,3597.6,5,0
2024-02-22,South India,Fashion,5,8120.22,8,0
2024-02-23,South India,Fashion,7,12155.83,10,0
2024-02-24,South India,Fashion,6,12147.03,9,0
2024-02-25,South India,Fashion,7,7171.89,10,0
2024-02-26,South India,Fashion,5,5767.84,7,0
2024-02-27,South India,Fashion,4,3611.88,6,0
2024-02-28,South India,Fashion,5,7638.83,8,0
2024-02-29,South India,Fashion,6,6095.04,8,0
2024-03-01,South India,Fashion,8,16234.48,13,0
2024-03-02,South India,Fashion,6,11648.32,10,0
2024-03-03,South India,Fashion,11,9825.94,20,0
2024-03-04,South India,Fashion,3,3680.81,5,0
2024-03-05,South India,Fashion,4,4678.49,5,0
2024-03-06,South India,Fashion,6,8358.48,9,0
2024-03-07,South India,Fashion,6,8764.77,10,0
2024-03-08,South India,Fashion,2,3147.79,3,0
2024-03-09,South India,Fashion,10,13620.06,17,0
2024-03-10,South India,Fashion,11,15030.91,18,0
2024-03-11,South India,Fashion,2,3258.95,3,0
2024-03-12,South India,Fashion,5,7135.6,8,0
2024-03-13,South India,Fashion,8,9505.32,13,0
2024-03-14,South India,Fashion,4,5345.45,6,0
2024-03-15,South India,Fashion,4,2494.55,6,0
2024-03-16,South India,Fashion,9,16504.03,14,0
2024-03-17,South India,Fashion,6,6494.82,10,0
2024-03-18,South India,Fashion,9,13858.99,15,0
2024-03-19,South India,Fashion,3,3437.06,4,0
2024-03-21,South India,Fashion,6,7115.63,8,0
2024-03-22,South India,Fashion,9,14314.37,16,0
2024-03-23,South India,Fashion,7,10739.16,10,0
2024-03-24,South India,Fashion,6,7906.45,8,0
2024-03-25,South India,Fashion,4,5316.22,6,0
2024-03-26,South India,Fashion,4,5855.93,6,0
2024-03-27,South India,Fashion,3,4802.58,4,0
2024-03-28,South India,Fashion,10,14006.37,14,0
2024-03-29,South India,Fashion,8,14558.27,12,0
2024-03-30,South India,Fashion,10,8032.66,16,0
2024-03-31,South India,Fashion,14,23670.75,21,1
2024-04-01,South India,Fashion,7,8549.49,12,0
2024-04-02,South India,Fashion,7,12200.71,12,0
2024-04-03,South India,Fashion,2,3406.86,3,0
2024-04-04,South India,Fashion,4,4651.38,7,0
2024-04-05,South India,Fashion,6,7541.5,9,0
2024-04-06,South India,Fashion,9,12006.52,17,0
2024-04-07,South India,Fashion,10,17280.03,17,0
2024-04-08,South India,Fashion,5,6293.57,8,0
2024-04-09,South India,Fashion,4,6315.15,6,0
2024-04-10,South India,Fashion,2,2204.32,3,0
2024-04-11,South India,Fashion,5,10877.07,7,0
2024-04-12,South India,Fashion,6,9254.97,8,0
2024-04-13,South India,Fashion,11,17460.7,19,0
2024-04-14,South India,Fashion,5,7081.4,7,0
2024-04-15,South India,Fashion,5,4607.85,7,0
2024-04-16,South India,Fashion,7,9140.13,12,0
2024-04-17,South India,Fashion,6,8169.77,10,0
2024-04-18,South India,Fashion,3,5229.45,5,0
2024-04-19,South India,Fashion,7,10121.15,13,0
2024-04-20,South India,Fashion,8,9178.97,12,0
2024-04-21,South India,Fashion,9,15596.19,15,0
2024-04-22,South India,Fashion,9,13888.44,16,0
2024-04-23,South India,Fashion,8,14924.74,12,0
2024-04-24,South India,Fashion,5,6308.68,7,0
2024-04-25,South India,Fashion,5,6862.51,7,0
2024-04-26,South India,Fashion,5,9057.43,7,0
2024-04-27,South India,Fashion,11,16090.36,18,1
2024-04-28,South India,Fashion,7,5537.6,9,0
2024-04-29,South India,Fashion,8,13180.6,15,0
2024-04-30,South India,Fashion,5,8095.62,9,0
2024-05-01,South India,Fashion,5,6977.5,9,0
2024-05-02,South India,Fashion,5,6110.47,8,0
2024-05-03,South India,Fashion,5,6545.41,8,0
2024-05-04,South India,Fashion,6,7480.27,10,0
2024-05-05,South India,Fashion,11,12438.32,20,0
2024-05-06,South India,Fashion,2,2891.47,3,0
2024-05-07,South India,Fashion,4,7025.05,6,0
2024-05-08,South India,Fashion,6,6165.44,10,0
2024-05-09,South India,Fashion,7,9036.53,10,0
2024-05-10,South India,Fashion,1,1911.88,1,0
2024-05-11,South India,Fashion,8,10282.87,14,0
2024-05-12,South India,Fashion,8,13084.78,11,0
2024-05-13,South India,Fashion,3,4322.18,4,0
2024-05-14,South India,Fashion,4,4229.63,7,0
2024-05-15,South India,Fashion,12,14503.09,21,1
2024-05-16,South India,Fashion,8,9309.44,12,0
2024-05-17,South India,Fashion,5,7487.18,8,0
2024-05-18,South India,Fashion,4,7208.36,6,0
2024-05-19,South India,Fashion,8,14520.29,11,0
2024-05-20,South India,Fashion,3,3701.01,5,0
2024-05-21,South India,Fashion,9,11802.21,13,0
2024-05-22,South India,Fashion,4,7966.36,6,0
2024-05-23,South India,Fashion,5,11069.22,7,0
2024-05-24,South India,Fashion,6,5544.34,10,0
2024-05-25,South India,Fashion,7,7517.4,13,0
2024-05-26,South India,Fashion,8,8267.29,13,0
2024-05-27,South India,Fashion,3,5573.56,5,0
2024-05-28,South India,Fashion,10,9801.44,14,0
2024-05-29,South India,Fashion,7,7450.79,10,0
2024-05-30,South India,Fashion,6,11554.51,9,0
2024-05-31,South India,Fashion,7,10214.14,9,0
2024-06-01,South India,Fashion,8,14411.59,11,0
2024-06-02,South India,Fashion,10,15155.48,17,0
2024-06-03,South India,Fashion,7,7482.28,11,0
2024-06-04,South India,Fashion,6,10342.76,10,0
2024-06-05,South India,Fashion,8,11070.62,14,0
2024-06-06,South India,Fashion,7,9503.33,11,0
2024-06-07,South India,Fashion,4,6454.87,6,0
2024-06-08,South India,Fashion,10,18205.09,15,0
2024-06-09,South India,Fashion,7,10285.59,10,0
2024-06-10,South India,Fashion,11,17860.41,18,0
2024-06-11,South India,Fashion,3,4446.08,5,0
2024-06-12,South India,Fashion,4,7441.96,6,0
2024-06-13,South India,Fashion,3,5001.3,5,0
2024-06-14,South India,Fashion,7,6146.12,9,0
2024-06-15,South India,Fashion,11,13776.8,15,0
2024-06-16,South India,Fashion,4,4400.75,5,0
2024-06-17,South India,Fashion,8,8991.61,11,0
2024-06-18,South India,Fashion,7,8902.53,10,0
2024-06-19,South India,Fashion,5,8714.34,8,0
2024-06-20,South India,Fashion,2,2783.95,3,0
2024-06-21,South India,Fashion,6,6454.22,9,0
2024-06-22,South India,Fashion,10,14841.6,17,0
2024-06-23,South India,Fashion,8,12845.69,12,0
2024-06-24,South India,Fashion,9,17408.79,14,0
2024-06-25,South India,Fashion,4,2491.28,6,0
2024-06-26,South India,Fashion,8,13401.74,14,0
2024-06-27,South India,Fashion,10,14855.42,18,0
2024-06-28,South India,Fashion,5,6132.6,8,0
2024-06-29,South India,Fashion,8,11521.71,12,0
2024-06-30,South India,Fashion,6,6879.87,10,0
2024-07-01,South India,Fashion,5,6004.75,8,0
2024-07-02,South India,Fashion,8,8990.95,12,0
2024-07-03,South India,Fashion,6,8060.69,9,0
2024-07-04,South India,Fashion,7,7416.54,11,0
2024-07-05,South India,Fashion,1,1360.74,1,0
2024-07-06,South India,Fashion,4,4900.85,5,0
2024-07-07,South India,Fashion,8,10174.86,12,0
2024-07-08,South India,Fashion,5,8061.3,8,0
2024-07-09,South India,Fashion,1,1067.73,1,0
2024-07-10,South India,Fashion,6,8145.76,10,0
2024-07-11,South India,Fashion,4,5951.59,6,0
2024-07-12,South India,Fashion,4,5937.26,6,0
2024-07-13,South India,Fashion,6,12665.54,10,0
2024-07-14,South India,Fashion,15,20785.12,21,0
2024-07-15,South India,Fashion,5,7858.26,9,0
2024-07-16,South India,Fashion,4,4308.75,5,0
2024-07-17,South India,Fashion,6,10331.19,9,0
2024-07-18,South India,Fashion,10,13294.61,17,0
2024-07-19,South India,Fashion,3,3163.79,4,0
2024-07-20,South India,Fashion,12,17601.19,20,0
2024-07-21,South India,Fashion,11,14775.32,17,0
2024-07-22,South India,Fashion,4,7425.19,5,0
2024-07-23,South India,Fashion,6,7099.78,10,0
2024-07-24,South India,Fashion,8,10133.11,12,0
2024-07-25,South India,Fashion,8,8360.62,14,0
2024-07-26,South India,Fashion,4,6054.13,6,0
2024-07-27,South India,Fashion,8,11771.79,12,0
2024-07-28,South India,Fashion,12,19884.84,20,0
2024-07-29,South India,Fashion,8,8616.8,13,0
2024-07-30,South India,Fashion,5,8566.78,7,0
2024-07-31,South India,Fashion,7,9038.35,12,0
2024-08-01,South India,Fashion,3,4680.7,4,0
2024-08-02,South India,Fashion,6,13298.88,9,0
2024-08-03,South India,Fashion,6,5222.75,10,0
2024-08-04,South India,Fashion,10,13841.29,15,0
2024-08-05,South India,Fashion,17,29593.5,30,0
2024-08-06,South India,Fashion,4,2350.34,6,0
2024-08-07,South India,Fashion,9,14128.74,14,0
2024-08-08,South India,Fashion,6,6359.55,10,0
2024-08-09,South India,Fashion,3,3866.74,4,0
2024-08-10,South India,Fashion,12,14238.18,17,0
2024-08-11,South India,Fashion,12,18873.72,16,0
2024-08-12,South India,Fashion,3,4323.33,5,0
2024-08-13,South India,Fashion,5,7714.5,8,0
2024-08-14,South India,Fashion,3,4940.67,4,0
2024-08-15,South India,Fashion,6,11779.68,8,0
2024-08-16,South India,Fashion,4,5853.15,6,0
2024-08-17,South India,Fashion,2,3060.81,3,0
2024-08-18,South India,Fashion,9,14828.16,16,0
2024-08-19,South India,Fashion,6,10136.63,8,0
2024-08-20,South India,Fashion,8,7262.52,14,0
2024-08-21,South India,Fashion,6,9597.34,11,0
2024-08-22,South India,Fashion,7,8354.57,10,0
2024-08-23,South India,Fashion,5,6108.76,8,0
2024-08-24,South India,Fashion,6,8856.2,9,0
2024-08-25,South India,Fashion,7,12998.04,11,0
2024-08-26,South India,Fashion,7,10458.9,12,0
2024-08-27,South India,Fashion,6,6507.91,10,0
2024-08-28,South India,Fashion,8,19079.07,14,0
2024-08-29,South India,Fashion,9,13091.92,12,0
2024-08-30,South India,Fashion,5,5933.0,9,0
2024-08-31,South India,Fashion,13,17714.21,18,0
2024-09-01,South India,Fashion,13,13541.88,21,1
2024-09-02,South India,Fashion,2,2297.59,3,0
2024-09-03,South India,Fashion,5,5319.69,8,0
2024-09-04,South India,Fashion,8,9648.07,11,0
2024-09-05,South India,Fashion,7,11770.55,9,0
2024-09-06,South India,Fashion,4,4054.35,6,0
2024-09-07,South India,Fashion,10,13279.89,18,0
2024-09-08,South India,Fashion,12,12904.25,20,0
2024-09-09,South India,Fashion,8,15846.86,13,0
2024-09-10,South India,Fashion,6,9980.42,8,0
2024-09-11,South India,Fashion,5,8152.49,8,0
2024-09-12,South India,Fashion,7,13621.73,10,0
2024-09-13,South India,Fashion,5,7747.12,7,0
2024-09-14,South India,Fashion,10,13165.71,18,0
2024-09-15,South India,Fashion,10,10990.44,14,0
2024-09-16,South India,Fashion,9,11163.72,14,0
2024-09-17,South India,Fashion,5,7052.64,7,0
2024-09-18,South India,Fashion,14,15695.53,25,1
2024-09-19,South India,Fashion,3,2617.78,5,0
2024-09-20,South India,Fashion,5,8588.41,8,0
2024-09-21,South India,Fashion,6,5830.57,10,0
2024-09-22,South India,Fashion,3,4098.59,5,0
2024-09-23,South India,Fashion,3,3877.45,4,0
2024-09-24,South India,Fashion,5,7244.03,7,0
2024-09-25,South India,Fashion,6,7940.03,8,0
2024-09-26,South India,Fashion,8,13047.16,12,0
2024-09-27,South India,Fashion,6,7160.9,10,0
2024-09-28,South India,Fashion,9,12773.2,13,0
2024-09-29,South India,Fashion,11,10601.79,19,0
2024-09-30,South India,Fashion,15,19751.18,23,0
2024-10-01,South India,Fashion,14,23854.13,24,0
2024-10-02,South India,Fashion,3,4977.73,5,0
2024-10-03,South India,Fashion,16,22337.34,23,1
2024-10-04,South India,Fashion,8,13629.36,12,0
2024-10-05,South India,Fashion,17,33333.25,29,1
2024-10-06,South India,Fashion,22,31979.49,41,1
2024-10-07,South India,Fashion,9,12721.23,16,0
2024-10-08,South India,Fashion,11,13621.63,20,0
2024-10-09,South India,Fashion,11,11092.79,20,0
2024-10-10,South India,Fashion,4,5341.68,6,0
2024-10-11,South India,Fashion,4,7516.48,6,0
2024-10-12,South India,Fashion,15,24596.33,27,0
2024-10-13,South India,Fashion,5,8863.52,7,0
2024-10-14,South India,Fashion,8,15008.94,14,0
2024-10-15,South India,Fashion,11,18086.13,18,0
2024-10-16,South India,Fashion,7,10126.42,12,0
2024-10-17,South India,Fashion,9,10461.98,14,0
2024-10-18,South India,Fashion,5,6075.38,7,0
2024-10-19,South India,Fashion,19,27780.65,35,1
2024-10-20,South India,Fashion,13,22463.06,22,1
2024-10-21,South India,Fashion,7,9784.41,11,0
2024-10-22,South India,Fashion,11,20868.97,18,0
2024-10-23,South India,Fashion,12,19720.76,17,0
2024-10-24,South India,Fashion,13,20425.46,19,0
2024-10-25,South India,Fashion,4,6601.4,6,0
2024-10-26,South India,Fashion,11,16423.84,15,0
2024-10-27,South India,Fashion,10,9673.2,18,1
2024-10-28,South India,Fashion,10,15063.89,15,0
2024-10-29,South India,Fashion,11,22616.56,19,0
2024-10-30,South India,Fashion,14,22582.51,25,1
2024-10-31,South India,Fashion,15,25291.11,21,0
2024-11-01,South India,Fashion,4,5083.89,7,0
2024-11-02,South India,Fashion,18,23486.8,30,0
2024-11-03,South India,Fashion,10,15258.74,14,0
2024-11-04,South India,Fashion,5,6276.67,7,0
2024-11-05,South India,Fashion,11,19933.63,16,0
2024-11-06,South India,Fashion,15,12104.05,23,0
2024-11-07,South India,Fashion,6,10593.27,9,0
2024-11-08,South India,Fashion,5,8578.74,7,0
2024-11-09,South India,Fashion,9,9272.75,14,0
2024-11-10,South India,Fashion,16,15622.35,23,0
2024-11-11,South India,Fashion,8,12408.56,13,0
2024-11-12,South India,Fashion,11,18202.67,17,0
2024-11-13,South India,Fashion,14,15755.99,24,0
2024-11-14,South India,Fashion,15,24044.25,21,0
2024-11-15,South India,Fashion,9,17133.88,12,0
2024-11-16,South India,Fashion,16,17104.43,24,0
2024-11-17,South India,Fashion,12,15482.3,20,0
2024-11-18,South India,Fashion,6,8181.28,9,0
2024-11-19,South India,Fashion,9,16177.55,16,0
2024-11-20,South India,Fashion,8,10502.77,11,0
2024-11-21,South India,Fashion,9,10917.32,14,0
2024-11-22,South India,Fashion,5,9728.89,9,0
2024-11-23,South India,Fashion,15,26718.65,25,1
2024-11-24,South India,Fashion,13,13855.47,19,0
2024-11-25,South India,Fashion,14,19226.54,24,0
2024-11-26,South India,Fashion,14,14490.46,22,0
2024-11-27,South India,Fashion,9,14705.76,14,0
2024-11-28,South India,Fashion,15,20423.89,26,0
2024-11-29,South India,Fashion,12,21803.94,18,0
2024-11-30,South India,Fashion,24,42265.22,34,1
2024-12-01,South India,Fashion,10,11981.07,14,0
2024-12-02,South India,Fashion,1,1229.53,1,0
2024-12-03,South India,Fashion,1,1818.65,1,0
2024-12-04,South India,Fashion,4,4620.87,6,0
2024-12-05,South India,Fashion,3,3540.4,5,0
2024-12-06,South India,Fashion,5,5889.27,7,0
2024-12-07,South India,Fashion,10,13803.52,16,0
2024-12-08,South India,Fashion,9,15023.61,13,0
2024-12-09,South India,Fashion,9,10685.03,15,0
2024-12-10,South India,Fashion,5,10316.15,7,0
2024-12-11,South India,Fashion,3,4148.89,4,0
2024-12-12,South India,Fashion,3,6333.9,4,0
2024-12-13,South India,Fashion,7,8499.43,12,0
2024-12-14,South India,Fashion,14,20774.87,22,0
2024-12-15,South India,Fashion,9,10599.53,13,0
2024-12-16,South India,Fashion,5,8176.11,7,0
2024-12-17,South India,Fashion,6,8660.03,9,0
2024-12-18,South India,Fashion,3,4468.36,5,0
2024-12-19,South India,Fashion,9,10412.29,16,0
2024-12-20,South India,Fashion,7,12166.0,11,0
2024-12-21,South India,Fashion,13,21786.23,18,0
2024-12-22,South India,Fashion,5,5917.23,9,0
2024-12-23,South India,Fashion,4,6988.35,7,0
2024-12-24,South India,Fashion,10,14652.48,18,0
2024-12-25,South India,Fashion,6,9239.24,9,0
2024-12-26,South India,Fashion,3,3845.87,5,0
2024-12-27,South India,Fashion,6,8623.23,9,0
2024-12-28,South India,Fashion,10,15591.59,14,0
2024-12-29,South India,Fashion,12,14206.09,20,0
2024-12-30,South India,Fashion,5,4988.34,7,0
2024-12-31,South India,Fashion,5,8640.53,8,0
2025-01-01,South India,Fashion,3,5311.94,4,0
2025-01-02,South India,Fashion,9,15646.02,13,0
2025-01-03,South India,Fashion,6,12553.73,9,0
2025-01-04,South India,Fashion,7,10576.59,11,0
2025-01-05,South India,Fashion,8,14567.46,15,0
2025-01-06,South India,Fashion,8,7258.21,13,0
2025-01-07,South India,Fashion,6,9522.66,10,0
2025-01-08,South India,Fashion,4,6050.95,7,0
2025-01-09,South India,Fashion,7,6923.5,11,0
2025-01-10,South India,Fashion,11,12707.79,19,0
2025-01-11,South India,Fashion,6,6421.7,9,0
2025-01-12,South India,Fashion,14,17479.68,25,0
2025-01-13,South India,Fashion,8,11569.31,12,0
2025-01-14,South India,Fashion,5,9041.82,7,0
2025-01-15,South India,Fashion,7,8598.37,12,0
2025-01-16,South India,Fashion,9,15058.14,12,0
2025-01-17,South India,Fashion,8,7398.21,14,0
2025-01-18,South India,Fashion,7,9251.79,11,0
2025-01-19,South India,Fashion,15,13279.9,22,0
2025-01-20,South India,Fashion,6,8352.65,10,0
2025-01-21,South India,Fashion,8,11215.54,13,0
2025-01-22,South India,Fashion,9,12032.71,14,0
2025-01-23,South India,Fashion,4,5506.17,6,0
2025-01-24,South India,Fashion,5,6820.14,7,0
2025-01-25,South India,Fashion,13,18406.9,23,1
2025-01-26,South India,Fashion,9,12478.79,16,0
2025-01-27,South India,Fashion,6,10332.75,11,0
2025-01-28,South India,Fashion,6,14314.63,11,0
2025-01-29,South India,Fashion,4,4646.0,6,0
2025-01-30,South India,Fashion,9,15841.37,13,0
2025-01-31,South India,Fashion,4,4083.56,6,0
2025-02-01,South India,Fashion,12,22100.9,17,0
2025-02-02,South India,Fashion,4,5153.91,7,0
2025-02-03,South India,Fashion,3,4061.25,4,0
2025-02-04,South India,Fashion,8,11499.96,13,0
2025-02-05,South India,Fashion,1,1620.82,1,0
2025-02-06,South India,Fashion,2,2505.61,3,0
2025-02-07,South India,Fashion,4,4602.06,7,0
2025-02-08,South India,Fashion,11,18522.82,18,0
2025-02-09,South India,Fashion,8,9047.67,11,0
2025-02-10,South India,Fashion,3,4182.52,5,0
2025-02-11,South India,Fashion,7,10197.26,11,0
2025-02-12,South India,Fashion,4,4035.21,6,0
2025-02-13,South India,Fashion,9,14968.09,16,0
2025-02-14,South India,Fashion,8,9042.36,14,0
2025-02-15,South India,Fashion,8,14681.71,14,0
2025-02-16,South India,Fashion,10,13874.85,16,0
2025-02-17,South India,Fashion,6,7290.13,11,0
2025-02-18,South India,Fashion,4,4996.49,7,0
2025-02-19,South India,Fashion,11,20202.09,17,0
2025-02-20,South India,Fashion,10,10516.49,14,0
2025-02-21,South India,Fashion,4,6211.33,6,0
2025-02-22,South India,Fashion,9,14960.63,14,0
2025-02-23,South India,Fashion,18,25311.44,32,1
2025-02-24,South India,Fashion,6,8010.7,10,0
2025-02-25,South India,Fashion,7,8571.93,10,0
2025-02-26,South India,Fashion,6,10113.0,10,0
2025-02-27,South India,Fashion,6,6281.17,11,0
2025-02-28,South India,Fashion,8,10029.64,11,0
2025-03-01,South India,Fashion,11,13206.26,18,0
2025-03-02,South India,Fashion,8,10077.26,14,0
2025-03-03,South India,Fashion,7,10117.5,10,0
2025-03-04,South India,Fashion,7,10183.41,10,0
2025-03-05,South India,Fashion,9,12808.18,14,0
2025-03-06,South India,Fashion,7,9557.36,12,0
2025-03-07,South India,Fashion,7,11920.93,12,0
2025-03-08,South India,Fashion,12,15086.89,18,0
2025-03-09,South India,Fashion,8,9068.46,13,0
2025-03-10,South India,Fashion,2,3110.64,3,0
2025-03-11,South India,Fashion,5,7426.01,7,0
2025-03-12,South India,Fashion,10,10836.02,17,0
2025-03-13,South India,Fashion,5,7670.27,8,0
2025-03-14,South India,Fashion,4,6590.88,7,0
2025-03-15,South India,Fashion,3,5935.74,5,0
2025-03-16,South India,Fashion,11,22321.31,18,0
2025-03-17,South India,Fashion,3,3646.21,5,0
2025-03-18,South India,Fashion,8,9996.61,13,0
2025-03-19,South India,Fashion,5,11340.35,8,0
2025-03-20,South India,Fashion,9,14503.8,15,0
2025-03-21,South India,Fashion,11,22216.31,20,0
2025-03-22,South India,Fashion,11,15080.44,17,0
2025-03-23,South India,Fashion,11,13951.24,17,0
2025-03-24,South India,Fashion,4,4394.71,6,0
2025-03-25,South India,Fashion,7,8226.55,10,0
2025-03-26,South India,Fashion,6,10282.74,9,0
2025-03-27,South India,Fashion,2,2682.49,3,0
2025-03-28,South India,Fashion,11,13298.51,17,0
2025-03-29,South India,Fashion,14,15913.47,19,0
2025-03-30,South India,Fashion,10,16686.73,18,0
2025-03-31,South India,Fashion,11,17167.02,17,0
2025-04-01,South India,Fashion,3,3932.62,4,0
2025-04-02,South India,Fashion,5,5998.9,8,0
2025-04-03,South India,Fashion,5,5646.01,8,0
2025-04-04,South India,Fashion,7,6827.07,11,0
2025-04-05,South India,Fashion,2,3121.57,2,0
2025-04-06,South India,Fashion,8,13333.37,14,0
2025-04-07,South India,Fashion,7,7149.14,10,0
2025-04-08,South India,Fashion,6,13951.81,10,0
2025-04-09,South India,Fashion,9,9757.06,12,0
2025-04-10,South India,Fashion,7,15947.15,12,0
2025-04-11,South India,Fashion,4,6007.96,6,0
2025-04-12,South India,Fashion,13,21936.63,23,0
2025-04-13,South India,Fashion,6,10308.13,9,0
2025-04-14,South India,Fashion,4,6906.17,7,0
2025-04-15,South India,Fashion,5,6735.45,9,0
2025-04-16,South India,Fashion,8,8764.89,12,0
2025-04-17,South India,Fashion,4,5558.87,6,0
2025-04-18,South India,Fashion,5,5905.96,7,0
2025-04-19,South India,Fashion,18,22534.31,26,1
2025-04-20,South India,Fashion,9,11065.37,16,0
2025-04-21,South India,Fashion,7,9430.88,12,0
2025-04-22,South India,Fashion,7,11490.11,12,0
2025-04-23,South India,Fashion,5,8269.11,9,0
2025-04-24,South India,Fashion,2,2625.3,2,0
2025-04-25,South India,Fashion,5,8164.15,9,0
2025-04-26,South India,Fashion,10,11736.37,16,0
2025-04-27,South India,Fashion,6,8551.06,9,0
2025-04-28,South India,Fashion,14,19497.08,26,0
2025-04-29,South India,Fashion,3,3804.79,4,0
2025-04-30,South India,Fashion,6,9231.61,9,0
2025-05-01,South India,Fashion,4,4048.88,7,0
2025-05-02,South India,Fashion,8,11827.33,12,0
2025-05-03,South India,Fashion,13,24709.58,20,1
2025-05-04,South India,Fashion,11,14083.88,17,0
2025-05-05,South India,Fashion,9,15108.36,16,0
2025-05-06,South India,Fashion,12,18980.97,19,0
2025-05-07,South India,Fashion,5,8721.86,9,0
2025-05-08,South India,Fashion,10,20446.58,15,0
2025-05-09,South India,Fashion,5,10436.36,7,0
2025-05-10,South India,Fashion,13,18799.24,24,0
2025-05-11,South India,Fashion,12,19597.31,17,0
2025-05-12,South India,Fashion,4,4724.8,6,0
2025-05-13,South India,Fashion,1,1228.51,1,0
2025-05-14,South India,Fashion,3,3418.68,5,0
2025-05-15,South India,Fashion,4,4322.32,6,0
2025-05-16,South India,Fashion,4,6717.39,7,0
2025-05-17,South India,Fashion,11,12675.73,17,0
2025-05-18,South India,Fashion,12,22094.78,18,0
2025-05-19,South India,Fashion,6,10084.19,9,0
2025-05-20,South India,Fashion,6,9660.63,8,0
2025-05-21,South India,Fashion,11,24051.39,16,0
2025-05-22,South India,Fashion,8,9199.98,14,0
2025-05-23,South India,Fashion,5,6203.79,9,0
2025-05-24,South India,Fashion,8,11078.26,12,0
2025-05-25,South India,Fashion,7,8952.41,13,0
2025-05-26,South India,Fashion,3,4747.1,5,0
2025-05-27,South India,Fashion,7,7618.21,12,0
2025-05-28,South India,Fashion,4,8456.76,7,0
2025-05-29,South India,Fashion,9,15597.27,15,0
2025-05-30,South India,Fashion,11,8612.81,18,0
2025-05-31,South India,Fashion,13,19428.4,23,1
2025-06-01,South India,Fashion,9,14984.51,12,0
2025-06-02,South India,Fashion,13,20058.15,21,0
2025-06-03,South India,Fashion,8,9517.37,12,0
2025-06-04,South India,Fashion,7,11651.81,12,0
2025-06-05,South India,Fashion,7,9393.69,10,0
2025-06-06,South India,Fashion,5,4365.56,8,0
2025-06-07,South India,Fashion,11,20941.88,18,0
2025-06-08,South India,Fashion,7,10953.16,9,0
2025-06-09,South India,Fashion,3,4373.01,5,0
2025-06-10,South India,Fashion,7,8999.57,11,0
2025-06-11,South India,Fashion,9,13091.81,16,0
2025-06-12,South India,Fashion,2,4228.76,3,0
2025-06-13,South India,Fashion,3,6327.02,4,0
2025-06-14,South India,Fashion,9,9458.22,14,0
2025-06-15,South India,Fashion,11,13483.97,16,0
2025-06-16,South India,Fashion,8,12422.08,12,0
2025-06-17,South India,Fashion,6,12704.67,9,0
2025-06-18,South India,Fashion,2,3487.39,3,0
2025-06-19,South India,Fashion,9,12774.34,15,0
2025-06-20,South India,Fashion,8,10478.71,12,0
2025-06-21,South India,Fashion,13,20417.82,21,1
2025-06-22,South India,Fashion,9,13398.87,13,0
2025-06-23,South India,Fashion,7,8855.74,12,0
2025-06-24,South India,Fashion,8,12588.42,14,0
2025-06-25,South India,Fashion,5,7452.03,7,0
2025-06-26,South India,Fashion,5,6358.85,8,0
2025-06-27,South India,Fashion,6,6585.19,9,0
2025-06-28,South India,Fashion,13,16953.34,20,0
2025-06-29,South India,Fashion,8,6381.68,12,0
2025-06-30,South India,Fashion,9,21229.75,15,0
2025-07-01,South India,Fashion,4,4928.75,7,0
2025-07-02,South India,Fashion,5,8072.91,7,0
2025-07-03,South India,Fashion,7,12303.34,12,0
2025-07-04,South India,Fashion,7,9143.3,9,0
2025-07-05,South India,Fashion,9,15385.65,14,0
2025-07-06,South India,Fashion,7,6176.81,10,0
2025-07-07,South India,Fashion,4,4094.22,5,0
2025-07-08,South India,Fashion,3,4116.74,4,0
2025-07-09,South India,Fashion,11,19446.56,16,0
2025-07-10,South India,Fashion,6,9451.27,10,0
2025-07-11,South India,Fashion,2,2951.43,3,0
2025-07-12,South India,Fashion,10,10654.12,17,0
2025-07-13,South India,Fashion,15,22089.26,26,1
2025-07-14,South India,Fashion,10,15565.89,15,0
2025-07-15,South India,Fashion,4,5695.19,6,0
2025-07-16,South India,Fashion,4,4744.88,6,0
2025-07-17,South India,Fashion,10,12079.57,17,0
2025-07-18,South India,Fashion,15,21796.91,21,1
2025-07-19,South India,Fashion,12,15815.03,19,0
2025-07-20,South India,Fashion,12,13600.38,17,0
2025-07-21,South India,Fashion,3,2517.72,4,0
2025-07-22,South India,Fashion,11,10183.38,18,0
2025-07-23,South India,Fashion,2,3253.72,3,0
2025-07-24,South India,Fashion,11,15562.53,19,0
2025-07-25,South India,Fashion,7,10918.98,12,0
2025-07-26,South India,Fashion,8,10821.7,11,0
2025-07-27,South India,Fashion,11,11445.57,17,0
2025-07-28,South India,Fashion,11,16866.39,17,0
2025-07-29,South India,Fashion,16,20301.73,26,0
2025-07-30,South India,Fashion,7,10777.06,11,0
2025-07-31,South India,Fashion,8,10462.06,12,0
2025-08-01,South India,Fashion,8,10998.0,11,0
2025-08-02,South India,Fashion,12,14452.21,22,1
2025-08-03,South India,Fashion,7,7059.2,12,0
2025-08-04,South India,Fashion,10,18726.57,16,0
2025-08-05,South India,Fashion,8,11364.41,12,0
2025-08-06,South India,Fashion,4,7760.95,6,0
2025-08-07,South India,Fashion,9,13180.65,13,0
2025-08-08,South India,Fashion,8,8446.82,14,0
2025-08-09,South India,Fashion,12,15561.86,18,0
2025-08-10,South India,Fashion,9,14273.95,12,0
2025-08-11,South India,Fashion,6,10655.41,8,0
2025-08-12,South India,Fashion,10,13092.56,15,0
2025-08-13,South India,Fashion,12,17558.86,18,0
2025-08-14,South India,Fashion,7,9253.6,10,0
2025-08-15,South India,Fashion,6,9886.22,8,0
2025-08-16,South India,Fashion,14,20612.03,22,1
2025-08-17,South India,Fashion,11,11890.71,17,0
2025-08-18,South India,Fashion,11,13717.87,17,0
2025-08-19,South India,Fashion,6,8270.4,11,0
2025-08-20,South India,Fashion,5,8418.3,7,0
2025-08-21,South India,Fashion,5,9296.13,8,0
2025-08-22,South India,Fashion,6,7695.41,8,0
2025-08-23,South India,Fashion,9,14096.19,16,0
2025-08-24,South India,Fashion,9,19177.81,15,0
2025-08-25,South India,Fashion,5,7059.94,8,0
2025-08-26,South India,Fashion,12,15208.16,19,0
2025-08-27,South India,Fashion,9,13361.57,16,0
2025-08-28,South India,Fashion,9,14156.64,12,0
2025-08-29,South India,Fashion,8,13231.08,14,0
2025-08-30,South India,Fashion,10,10217.68,14,0
2025-08-31,South India,Fashion,16,21984.44,29,0
2025-09-01,South India,Fashion,5,9366.56,8,0
2025-09-02,South India,Fashion,5,7798.49,7,0
2025-09-03,South India,Fashion,4,6552.86,7,0
2025-09-04,South India,Fashion,7,6759.53,10,0
2025-09-05,South India,Fashion,1,1525.99,1,0
2025-09-06,South India,Fashion,7,10997.96,10,0
2025-09-07,South India,Fashion,11,13100.26,16,0
2025-09-08,South India,Fashion,7,8982.47,11,0
2025-09-09,South India,Fashion,12,10438.52,19,0
2025-09-10,South India,Fashion,4,6042.13,6,0
2025-09-11,South India,Fashion,7,10971.55,11,0
2025-09-12,South India,Fashion,8,7482.18,11,0
2025-09-13,South India,Fashion,9,15091.68,14,0
2025-09-14,South India,Fashion,11,17368.65,16,0
2025-09-15,South India,Fashion,5,8593.86,7,0
2025-09-16,South India,Fashion,7,6929.86,9,0
2025-09-17,South India,Fashion,7,7440.98,9,0
2025-09-18,South India,Fashion,7,9508.78,11,0
2025-09-19,South India,Fashion,5,5947.56,8,0
2025-09-20,South India,Fashion,10,12487.49,16,0
2025-09-21,South India,Fashion,14,19698.72,25,1
2025-09-22,South India,Fashion,7,11939.69,10,0
2025-09-23,South India,Fashion,13,13954.18,20,0
2025-09-24,South India,Fashion,4,8008.1,5,0
2025-09-25,South India,Fashion,5,6085.53,9,0
2025-09-26,South India,Fashion,5,5869.41,9,0
2025-09-27,South India,Fashion,5,7622.61,7,0
2025-09-28,South India,Fashion,16,11981.21,23,0
2025-09-29,South India,Fashion,7,11997.57,11,0
2025-09-30,South India,Fashion,16,28385.4,27,0
2025-10-01,South India,Fashion,6,12532.08,9,0
2025-10-02,South India,Fashion,13,11679.0,24,0
2025-10-03,South India,Fashion,13,18289.95,24,1
2025-10-04,South India,Fashion,22,24456.33,37,1
2025-10-05,South India,Fashion,15,32012.81,27,1
2025-10-06,South India,Fashion,14,23928.89,24,0
2025-10-07,South India,Fashion,7,6577.09,11,0
2025-10-08,South India,Fashion,14,21862.73,20,0
2025-10-09,South India,Fashion,5,9365.34,8,0
2025-10-10,South India,Fashion,11,18463.62,15,0
2025-10-11,South India,Fashion,20,23956.56,34,1
2025-10-12,South India,Fashion,12,22112.33,18,0
2025-10-13,South India,Fashion,12,18204.33,21,0
2025-10-14,South India,Fashion,7,11432.81,13,0
2025-10-15,South India,Fashion,9,10568.5,13,0
2025-10-16,South India,Fashion,12,11893.81,18,0
2025-10-17,South India,Fashion,11,17834.83,19,0
2025-10-18,South India,Fashion,14,18873.72,20,0
2025-10-19,South India,Fashion,27,34567.37,39,1
2025-10-20,South India,Fashion,10,10404.09,14,0
2025-10-21,South India,Fashion,11,5140.29,19,0
2025-10-22,South India,Fashion,6,11480.95,8,0
2025-10-23,South India,Fashion,8,11585.55,14,0
2025-10-24,South India,Fashion,9,14058.21,16,0
2025-10-25,South India,Fashion,17,28899.97,29,0
2025-10-26,South India,Fashion,16,18621.9,27,0
2025-10-27,South India,Fashion,15,25801.26,26,1
2025-10-28,South India,Fashion,13,14687.86,23,0
2025-10-29,South India,Fashion,17,33702.0,29,0
2025-10-30,South India,Fashion,7,11155.0,11,0
2025-10-31,South India,Fashion,13,16163.19,21,0
2025-11-01,South India,Fashion,13,13955.84,24,1
2025-11-02,South India,Fashion,19,27477.49,33,0
2025-11-03,South India,Fashion,14,15417.95,21,0
2025-11-04,South India,Fashion,8,10824.29,12,0
2025-11-05,South India,Fashion,11,15236.61,16,0
2025-11-06,South India,Fashion,15,30095.5,24,1
2025-11-07,South India,Fashion,10,12917.54,14,0
2025-11-08,South India,Fashion,14,23877.64,22,0
2025-11-09,South India,Fashion,25,46730.56,43,0
2025-11-10,South India,Fashion,4,4225.26,6,0
2025-11-11,South India,Fashion,13,22776.53,24,1
2025-11-12,South India,Fashion,12,14196.74,19,0
2025-11-13,South India,Fashion,9,14223.42,16,0
2025-11-14,South India,Fashion,7,10564.19,10,0
2025-11-15,South India,Fashion,12,14552.2,21,1
2025-11-16,South India,Fashion,13,25136.31,20,0
2025-11-17,South India,Fashion,8,12118.7,15,0
2025-11-18,South India,Fashion,14,14811.76,25,0
2025-11-19,South India,Fashion,14,18458.96,24,0
2025-11-20,South India,Fashion,7,7744.85,11,0
2025-11-21,South India,Fashion,9,15096.9,13,0
2025-11-22,South India,Fashion,15,24254.5,26,1
2025-11-23,South India,Fashion,15,10359.84,25,1
2025-11-24,South India,Fashion,5,9148.56,9,0
2025-11-25,South India,Fashion,5,7421.01,9,0
2025-11-26,South India,Fashion,10,20672.64,14,0
2025-11-27,South India,Fashion,16,17408.8,27,1
2025-11-28,South India,Fashion,13,25424.04,20,0
2025-11-29,South India,Fashion,28,41206.57,45,2
2025-11-30,South India,Fashion,20,29753.6,28,1
2025-12-01,South India,Fashion,4,6856.3,7,0
2025-12-02,South India,Fashion,11,22565.24,18,0
2025-12-03,South India,Fashion,10,11180.68,18,0
2025-12-04,South India,Fashion,6,7271.19,8,0
2025-12-05,South India,Fashion,4,6743.69,7,0
2025-12-06,South India,Fashion,8,13517.96,12,0
2025-12-07,South India,Fashion,10,19513.7,16,0
2025-12-08,South India,Fashion,6,9427.97,8,0
2025-12-09,South India,Fashion,7,10027.24,11,0
2025-12-10,South India,Fashion,8,15385.25,14,0
2025-12-11,South India,Fashion,4,2836.67,5,0
2025-12-12,South India,Fashion,7,11015.1,10,0
2025-12-13,South India,Fashion,12,25040.81,20,0
2025-12-14,South India,Fashion,8,15954.66,14,0
2025-12-15,South India,Fashion,4,6330.83,6,0
2025-12-16,South India,Fashion,6,7491.54,10,0
2025-12-17,South India,Fashion,10,10512.02,17,0
2025-12-18,South India,Fashion,7,12686.76,10,0
2025-12-19,South India,Fashion,3,3193.76,4,0
2025-12-20,South India,Fashion,6,10480.69,10,0
2025-12-21,South India,Fashion,7,11905.93,10,0
2025-12-22,South India,Fashion,7,8412.59,11,0
2025-12-23,South India,Fashion,7,9430.26,11,0
2025-12-24,South India,Fashion,4,5950.01,6,0
2025-12-25,South India,Fashion,10,11522.25,17,0
2025-12-26,South India,Fashion,8,14350.93,14,0
2025-12-27,South India,Fashion,9,12269.99,16,0
2025-12-28,South India,Fashion,17,26392.75,25,0
2025-12-29,South India,Fashion,10,13640.74,16,0
2025-12-30,South India,Fashion,7,14603.46,11,0
2025-12-31,South India,Fashion,11,23472.57,18,0
2024-01-01,South India,Home & Living,5,8017.4,8,0
2024-01-02,South India,Home & Living,2,2896.74,3,0
2024-01-03,South India,Home & Living,5,8586.19,7,0
2024-01-04,South India,Home & Living,11,22662.64,18,0
2024-01-05,South India,Home & Living,2,3658.16,3,0
2024-01-06,South India,Home & Living,10,24897.06,15,0
2024-01-07,South India,Home & Living,3,5914.1,5,0
2024-01-08,South India,Home & Living,2,2668.78,3,0
2024-01-09,South India,Home & Living,2,3008.1,2,0
2024-01-10,South India,Home & Living,3,4046.2,5,0
2024-01-11,South India,Home & Living,1,1377.2,1,0
2024-01-12,South India,Home & Living,1,1569.54,1,0
2024-01-13,South India,Home & Living,8,16025.6,11,0
2024-01-14,South India,Home & Living,4,7600.68,7,0
2024-01-15,South India,Home & Living,5,8884.43,8,0
2024-01-16,South India,Home & Living,1,2246.96,1,0
2024-01-17,South India,Home & Living,1,1616.33,1,0
2024-01-18,South India,Home & Living,2,4016.71,3,0
2024-01-19,South India,Home & Living,7,14669.53,11,0
2024-01-20,South India,Home & Living,4,5941.76,6,0
2024-01-21,South India,Home & Living,2,3346.62,3,0
2024-01-22,South India,Home & Living,5,9981.7,9,0
2024-01-23,South India,Home & Living,4,3707.4,5,0
2024-01-24,South India,Home & Living,2,4203.19,3,0
2024-01-25,South India,Home & Living,2,3810.89,3,0
2024-01-26,South India,Home & Living,3,6509.01,5,0
2024-01-27,South India,Home & Living,9,12274.61,13,0
2024-01-28,South India,Home & Living,5,7573.9,7,0
2024-01-29,South India,Home & Living,8,10543.55,13,0
2024-01-30,South India,Home & Living,8,11011.43,14,0
2024-01-31,South India,Home & Living,5,8426.34,8,0
2024-02-01,South India,Home & Living,4,7439.8,7,0
2024-02-02,South India,Home & Living,4,8451.95,6,0
2024-02-03,South India,Home & Living,6,7648.32,9,0
2024-02-04,South India,Home & Living,7,17431.63,11,0
2024-02-05,South India,Home & Living,3,6346.74,5,0
2024-02-06,South India,Home & Living,1,1847.67,1,0
2024-02-07,South India,Home & Living,2,2861.79,3,0
2024-02-08,South India,Home & Living,7,14172.15,10,0
2024-02-09,South India,Home & Living,5,7539.52,9,0
2024-02-10,South India,Home & Living,7,12094.27,11,0
2024-02-11,South India,Home & Living,5,9395.33,9,0
2024-02-12,South India,Home & Living,3,4316.04,5,0
2024-02-13,South India,Home & Living,1,1732.99,1,0
2024-02-14,South India,Home & Living,2,3128.88,3,0
2024-02-15,South India,Home & Living,8,17376.72,13,0
2024-02-16,South India,Home & Living,5,8348.27,8,0
2024-02-17,South India,Home & Living,6,10147.7,8,0
2024-02-18,South India,Home & Living,5,8460.61,9,0
2024-02-19,South India,Home & Living,2,3648.42,3,0
2024-02-20,South India,Home & Living,2,4003.42,3,0
2024-02-21,South India,Home & Living,4,8096.59,6,0
2024-02-22,South India,Home & Living,5,8663.71,7,0
2024-02-23,South India,Home & Living,3,6559.6,4,0
2024-02-24,South India,Home & Living,11,18560.31,15,0
2024-02-25,South India,Home & Living,5,8407.64,8,0
2024-02-26,South India,Home & Living,1,1788.19,1,0
2024-02-27,South India,Home & Living,8,12574.27,12,0
2024-02-28,South India,Home & Living,7,12207.28,11,0
2024-02-29,South India,Home & Living,5,10387.24,7,0
2024-03-01,South India,Home & Living,4,9453.3,6,0
2024-03-02,South India,Home & Living,6,13691.91,9,0
2024-03-03,South India,Home & Living,4,9050.11,6,0
2024-03-04,South India,Home & Living,9,13731.55,14,0
2024-03-05,South India,Home & Living,9,14801.88,16,0
2024-03-06,South India,Home & Living,9,17473.49,16,0
2024-03-07,South India,Home & Living,7,13454.35,11,0
2024-03-08,South India,Home & Living,4,6861.35,6,0
2024-03-09,South India,Home & Living,4,5928.14,6,0
2024-03-10,South India,Home & Living,5,6788.16,9,0
2024-03-11,South India,Home & Living,4,7693.32,6,0
2024-03-12,South India,Home & Living,3,6835.9,5,0
2024-03-13,South India,Home & Living,4,7299.33,6,0
2024-03-14,South India,Home & Living,3,4942.93,4,0
2024-03-15,South India,Home & Living,5,9642.42,8,0
2024-03-16,South India,Home & Living,7,12574.42,11,0
2024-03-17,South India,Home & Living,5,10878.94,7,0
2024-03-18,South India,Home & Living,2,3153.03,2,0
2024-03-19,South India,Home & Living,1,1180.12,1,0
2024-03-20,South India,Home & Living,3,4594.05,5,0
2024-03-21,South India,Home & Living,7,13574.31,11,0
2024-03-22,South India,Home & Living,5,9195.65,9,0
2024-03-23,South India,Home & Living,3,6938.82,4,0
2024-03-24,South India,Home & Living,5,9364.25,8,0
2024-03-25,South India,Home & Living,7,13526.12,10,0
2024-03-26,South India,Home & Living,7,8926.53,12,0
2024-03-27,South India,Home & Living,7,16275.63,10,0
2024-03-28,South India,Home & Living,7,15537.13,10,0
2024-03-29,South India,Home & Living,4,9449.37,6,0
2024-03-30,South India,Home & Living,9,13325.81,16,0
2024-03-31,South India,Home & Living,6,12428.61,10,0
2024-04-01,South India,Home & Living,2,2762.76,3,0
2024-04-02,South India,Home & Living,1,2000.04,1,0
2024-04-03,South India,Home & Living,5,8614.3,7,0
2024-04-04,South India,Home & Living,2,4201.1,3,0
2024-04-05,South India,Home & Living,6,10838.94,8,0
2024-04-06,South India,Home & Living,10,20907.05,16,0
2024-04-07,South India,Home & Living,9,12346.49,14,0
2024-04-08,South India,Home & Living,9,16282.21,14,0
2024-04-09,South India,Home & Living,6,7902.95,8,0
2024-04-10,South India,Home & Living,5,9689.1,7,0
2024-04-11,South India,Home & Living,8,14870.46,13,0
2024-04-12,South India,Home & Living,4,10299.19,5,0
2024-04-13,South India,Home & Living,5,7846.88,8,0
2024-04-14,South India,Home & Living,6,9584.53,10,0
2024-04-15,South India,Home & Living,5,8461.39,9,0
2024-04-16,South India,Home & Living,4,6936.63,6,0
2024-04-17,South India,Home & Living,2,4826.66,3,0
2024-04-18,South India,Home & Living,6,9879.17,9,0
2024-04-19,South India,Home & Living,3,4387.33,4,0
2024-04-20,South India,Home & Living,4,7660.92,7,0
2024-04-21,South India,Home & Living,7,12415.91,11,0
2024-04-22,South India,Home & Living,3,5756.29,4,0
2024-04-23,South India,Home & Living,8,14366.43,14,0
2024-04-24,South India,Home & Living,6,9131.94,9,0
2024-04-25,South India,Home & Living,2,3148.74,3,0
2024-04-26,South India,Home & Living,4,6551.47,7,0
2024-04-27,South India,Home & Living,9,19086.26,14,0
2024-04-28,South India,Home & Living,6,15272.75,9,0
2024-04-29,South India,Home & Living,10,21498.07,17,0
2024-04-30,South India,Home & Living,5,12639.96,7,0
2024-05-01,South India,Home & Living,2,4016.19,2,0
2024-05-02,South India,Home & Living,3,5540.64,5,0
2024-05-03,South India,Home & Living,5,10933.33,9,0
2024-05-04,South India,Home & Living,12,17889.21,22,0
2024-05-05,South India,Home & Living,9,17363.57,12,0
2024-05-06,South India,Home & Living,4,4287.98,5,0
2024-05-07,South India,Home & Living,2,4467.83,2,0
2024-05-08,South India,Home & Living,4,8936.2,6,0
2024-05-09,South India,Home & Living,4,8213.61,6,0
2024-05-10,South India,Home & Living,2,3340.91,2,0
2024-05-11,South India,Home & Living,7,14503.71,10,0
2024-05-12,South India,Home & Living,4,7050.58,5,0
2024-05-13,South India,Home & Living,2,3314.3,3,0
2024-05-14,South India,Home & Living,6,11226.35,10,0
2024-05-15,South India,Home & Living,6,9888.62,9,0
2024-05-16,South India,Home & Living,3,5980.07,4,0
2024-05-17,South India,Home & Living,5,7752.91,8,0
2024-05-18,South India,Home & Living,8,19297.39,14,0
2024-05-19,South India,Home & Living,3,6150.25,4,0
2024-05-20,South India,Home & Living,4,5921.64,6,0
2024-05-21,South India,Home & Living,4,8429.86,6,0
2024-05-22,South India,Home & Living,7,15351.52,9,0
2024-05-23,South India,Home & Living,9,13475.33,16,0
2024-05-24,South India,Home & Living,6,11502.61,8,0
2024-05-25,South India,Home & Living,4,6422.73,6,0
2024-05-26,South India,Home & Living,7,14688.49,11,0
2024-05-27,South India,Home & Living,5,6169.04,8,0
2024-05-28,South India,Home & Living,6,11446.83,9,0
2024-05-29,South India,Home & Living,10,21841.83,15,0
2024-05-30,South India,Home & Living,9,18848.26,13,0
2024-05-31,South India,Home & Living,6,11004.49,10,0
2024-06-01,South India,Home & Living,10,17334.67,14,0
2024-06-02,South India,Home & Living,11,18086.71,19,1
2024-06-03,South India,Home & Living,2,3272.32,2,0
2024-06-04,South India,Home & Living,3,5074.68,4,0
2024-06-05,South India,Home & Living,4,6830.72,6,0
2024-06-06,South India,Home & Living,1,2228.08,1,0
2024-06-07,South India,Home & Living,3,5620.15,4,0
2024-06-08,South India,Home & Living,3,4759.97,4,0
2024-06-09,South India,Home & Living,5,8285.39,7,0
2024-06-10,South India,Home & Living,3,5768.02,4,0
2024-06-11,South India,Home & Living,5,8742.94,7,0
2024-06-12,South India,Home & Living,2,2013.33,3,0
2024-06-13,South India,Home & Living,4,7416.04,7,0
2024-06-14,South India,Home & Living,3,5321.07,5,0
2024-06-15,South India,Home & Living,6,13520.53,11,0
2024-06-16,South India,Home & Living,8,12564.31,13,0
2024-06-17,South India,Home & Living,1,1322.54,1,0
2024-06-18,South India,Home & Living,5,8858.95,8,0
2024-06-19,South India,Home & Living,4,9041.69,7,0
2024-06-20,South India,Home & Living,7,10782.89,10,0
2024-06-21,South India,Home & Living,5,10453.74,7,0
2024-06-22,South India,Home & Living,6,11365.08,8,0
2024-06-23,South India,Home & Living,5,11461.33,7,0
2024-06-24,South India,Home & Living,4,7194.88,6,0
2024-06-25,South India,Home & Living,3,6734.02,4,0
2024-06-26,South India,Home & Living,7,10093.59,12,0
2024-06-27,South India,Home & Living,4,4437.74,6,0
2024-06-28,South India,Home & Living,4,6042.19,7,0
2024-06-29,South India,Home & Living,8,15663.66,11,0
2024-06-30,South India,Home & Living,5,10661.26,8,0
2024-07-01,South India,Home & Living,6,9933.95,10,0
2024-07-02,South India,Home & Living,5,12421.68,7,0
2024-07-03,South India,Home & Living,7,11021.73,13,0
2024-07-04,South India,Home & Living,3,6439.76,4,0
2024-07-05,South India,Home & Living,11,18460.54,20,0
2024-07-06,South India,Home & Living,7,10643.54,11,0
2024-07-07,South India,Home & Living,4,7323.24,6,0
2024-07-08,South India,Home & Living,3,5192.98,5,0
2024-07-09,South India,Home & Living,6,12934.7,9,0
2024-07-10,South India,Home & Living,3,5674.0,4,0
2024-07-11,South India,Home & Living,5,10525.05,8,0
2024-07-12,South India,Home & Living,5,8174.09,7,0
2024-07-13,South India,Home & Living,8,17644.73,13,0
2024-07-14,South India,Home & Living,10,14802.21,15,0
2024-07-15,South India,Home & Living,4,7113.46,5,0
2024-07-16,South India,Home & Living,3,7201.59,5,0
2024-07-17,South India,Home & Living,3,5642.85,4,0
2024-07-18,South India,Home & Living,3,5132.41,4,0
2024-07-19,South India,Home & Living,4,6932.57,7,0
2024-07-20,South India,Home & Living,7,11984.77,12,0
2024-07-21,South India,Home & Living,8,15136.91,11,0
2024-07-22,South India,Home & Living,7,11389.72,10,0
2024-07-23,South India,Home & Living,5,8894.09,7,0
2024-07-24,South India,Home & Living,4,4889.81,6,0
2024-07-25,South India,Home & Living,1,1970.45,1,0
2024-07-26,South India,Home & Living,4,7861.75,7,0
2024-07-27,South India,Home & Living,5,8353.73,7,0
2024-07-28,South India,Home & Living,10,16426.93,16,0
2024-07-29,South India,Home & Living,4,8282.57,6,0
2024-07-30,South India,Home & Living,10,16940.08,15,0
2024-07-31,South India,Home & Living,8,12430.06,13,0
2024-08-01,South India,Home & Living,3,4414.55,5,0
2024-08-02,South India,Home & Living,4,7567.05,5,0
2024-08-03,South India,Home & Living,7,12547.34,11,0
2024-08-04,South India,Home & Living,5,8372.93,8,0
2024-08-05,South India,Home & Living,3,5483.4,5,0
2024-08-06,South India,Home & Living,13,22749.77,18,0
2024-08-07,South India,Home & Living,4,8927.31,6,0
2024-08-08,South India,Home & Living,3,5679.93,5,0
2024-08-09,South India,Home & Living,4,7075.08,7,0
2024-08-10,South India,Home & Living,12,17417.2,16,0
2024-08-11,South India,Home & Living,8,18051.32,12,0
2024-08-12,South India,Home & Living,8,16709.3,13,0
2024-08-13,South India,Home & Living,5,7070.98,8,0
2024-08-14,South India,Home & Living,4,8007.42,7,0
2024-08-15,South India,Home & Living,2,3506.04,3,0
2024-08-16,South India,Home & Living,3,6301.38,5,0
2024-08-17,South India,Home & Living,6,12380.19,10,0
2024-08-18,South India,Home & Living,5,13283.99,7,0
2024-08-19,South India,Home & Living,4,4523.0,7,0
2024-08-20,South India,Home & Living,6,13289.54,9,0
2024-08-21,South India,Home & Living,6,6835.8,10,0
2024-08-22,South India,Home & Living,3,6643.6,5,0
2024-08-23,South India,Home & Living,6,8463.08,10,0
2024-08-24,South India,Home & Living,5,10216.62,8,0
2024-08-25,South India,Home & Living,7,10232.83,12,0
2024-08-26,South India,Home & Living,7,13009.02,10,0
2024-08-27,South India,Home & Living,2,3018.17,3,0
2024-08-28,South India,Home & Living,6,9104.46,8,0
2024-08-29,South India,Home & Living,7,9840.14,11,0
2024-08-30,South India,Home & Living,4,7551.49,7,0
2024-08-31,South India,Home & Living,9,16800.06,14,0
2024-09-01,South India,Home & Living,11,19404.02,17,0
2024-09-02,South India,Home & Living,5,9271.67,8,0
2024-09-03,South India,Home & Living,5,7840.05,7,0
2024-09-04,South India,Home & Living,4,5718.53,6,0
2024-09-05,South India,Home & Living,6,10385.54,10,0
2024-09-06,South India,Home & Living,6,11394.34,8,0
2024-09-07,South India,Home & Living,5,7885.97,7,0
2024-09-08,South India,Home & Living,6,11887.44,10,0
2024-09-09,South India,Home & Living,2,3318.69,3,0
2024-09-10,South India,Home & Living,7,10696.46,9,0
2024-09-11,South India,Home & Living,4,5119.11,6,0
2024-09-12,South India,Home & Living,4,6354.63,7,0
2024-09-13,South India,Home & Living,4,9058.52,6,0
2024-09-14,South India,Home & Living,3,5154.53,4,0
2024-09-15,South India,Home & Living,12,27067.58,21,0
2024-09-16,South India,Home & Living,4,7910.02,7,0
2024-09-17,South India,Home & Living,5,9358.11,9,0
2024-09-18,South India,Home & Living,3,5371.48,4,0
2024-09-19,South India,Home & Living,5,11827.12,8,0
2024-09-20,South India,Home & Living,5,9056.27,8,0
2024-09-21,South India,Home & Living,6,11156.54,11,0
2024-09-22,South India,Home & Living,6,12045.12,9,0
2024-09-23,South India,Home & Living,4,7487.38,7,0
2024-09-24,South India,Home & Living,4,4455.82,6,0
2024-09-25,South India,Home & Living,3,6521.68,4,0
2024-09-26,South India,Home & Living,4,10001.19,6,0
2024-09-27,South India,Home & Living,8,15273.66,14,0
2024-09-28,South India,Home & Living,7,12338.25,13,0
2024-09-29,South India,Home & Living,8,18586.31,11,0
2024-09-30,South India,Home & Living,5,6163.7,8,0
2024-10-01,South India,Home & Living,8,13160.35,12,0
2024-10-02,South India,Home & Living,5,9998.88,7,0
2024-10-03,South India,Home & Living,6,14471.2,10,0
2024-10-04,South India,Home & Living,7,15960.77,12,0
2024-10-05,South India,Home & Living,14,22791.56,21,0
2024-10-06,South India,Home & Living,14,31560.45,19,0
2024-10-07,South India,Home & Living,5,8775.09,8,0
2024-10-08,South India,Home & Living,5,9719.1,9,0
2024-10-09,South India,Home & Living,8,14716.2,13,0
2024-10-10,South India,Home & Living,5,6611.9,7,0
2024-10-11,South India,Home & Living,5,7523.66,8,0
2024-10-12,South India,Home & Living,9,14568.02,15,0
2024-10-13,South India,Home & Living,9,13818.4,14,0
2024-10-14,South India,Home & Living,4,7107.58,6,0
2024-10-15,South India,Home & Living,9,21278.97,16,0
2024-10-16,South India,Home & Living,6,9639.96,9,0
2024-10-17,South India,Home & Living,8,16666.21,14,0
2024-10-18,South India,Home & Living,7,12849.41,10,0
2024-10-19,South India,Home & Living,9,17901.14,14,0
2024-10-20,South India,Home & Living,14,22704.0,25,0
2024-10-21,South India,Home & Living,6,12046.07,10,0
2024-10-22,South India,Home & Living,8,13573.45,13,0
2024-10-23,South India,Home & Living,6,7754.54,11,0
2024-10-24,South India,Home & Living,8,13200.53,13,0
2024-10-25,South India,Home & Living,8,18843.19,12,0
2024-10-26,South India,Home & Living,8,8272.86,12,0
2024-10-27,South India,Home & Living,9,14380.5,16,0
2024-10-28,South India,Home & Living,13,19916.47,22,0
2024-10-29,South India,Home & Living,9,13279.93,13,0
2024-10-30,South India,Home & Living,8,11957.46,11,0
2024-10-31,South India,Home & Living,11,27142.85,20,0
2024-11-01,South India,Home & Living,10,15295.52,16,0
2024-11-02,South India,Home & Living,7,9175.41,10,0
2024-11-03,South India,Home & Living,6,8132.12,10,0
2024-11-04,South India,Home & Living,5,7061.18,7,0
2024-11-05,South India,Home & Living,8,18487.17,12,0
2024-11-06,South India,Home & Living,8,8502.0,14,0
2024-11-07,South India,Home & Living,5,8003.83,7,0
2024-11-08,South India,Home & Living,8,14878.91,13,0
2024-11-09,South India,Home & Living,12,17173.58,21,0
2024-11-10,South India,Home & Living,14,20426.44,26,1
2024-11-11,South India,Home & Living,7,13884.56,10,0
2024-11-12,South India,Home & Living,10,22778.26,14,0
2024-11-13,South India,Home & Living,11,18877.15,20,0
2024-11-14,South India,Home & Living,7,10761.8,9,0
2024-11-15,South India,Home & Living,5,9011.59,9,0
2024-11-16,South India,Home & Living,13,12759.91,21,1
2024-11-17,South India,Home & Living,10,17788.64,14,0
2024-11-18,South India,Home & Living,9,22930.31,13,0
2024-11-19,South India,Home & Living,8,11951.31,11,0
2024-11-20,South India,Home & Living,7,12067.04,10,0
2024-11-21,South India,Home & Living,7,13617.32,9,0
2024-11-22,South India,Home & Living,10,22535.37,14,0
2024-11-23,South India,Home & Living,15,30407.93,26,0
2024-11-24,South India,Home & Living,6,9486.79,11,0
2024-11-25,South India,Home & Living,6,11563.03,9,0
2024-11-26,South India,Home & Living,7,13484.7,11,0
2024-11-27,South India,Home & Living,7,13406.48,11,0
2024-11-28,South India,Home & Living,5,7300.56,7,0
2024-11-29,South India,Home & Living,13,30157.29,21,0
2024-11-30,South India,Home & Living,18,29867.05,26,1
2024-12-01,South India,Home & Living,9,17011.84,14,0
2024-12-02,South India,Home & Living,5,9058.22,7,0
2024-12-03,South India,Home & Living,1,2384.7,1,0
2024-12-04,South India,Home & Living,5,8636.84,8,0
2024-12-05,South India,Home & Living,3,5677.68,4,0
2024-12-06,South India,Home & Living,5,12824.54,8,0
2024-12-07,South India,Home & Living,4,9033.07,6,0
2024-12-08,South India,Home & Living,3,5153.34,5,0
2024-12-09,South India,Home & Living,4,6792.22,5,0
2024-12-10,South India,Home & Living,8,14918.18,13,0
2024-12-11,South India,Home & Living,6,10873.61,9,0
2024-12-12,South India,Home & Living,6,9935.0,11,0
2024-12-13,South India,Home & Living,11,16116.72,20,0
2024-12-14,South India,Home & Living,7,16987.08,13,0
2024-12-15,South India,Home & Living,6,8874.71,11,0
2024-12-16,South India,Home & Living,3,5022.88,4,0
2024-12-17,South India,Home & Living,7,13142.42,11,0
2024-12-18,South India,Home & Living,3,6639.79,4,0
2024-12-19,South India,Home & Living,5,8401.08,8,0
2024-12-20,South India,Home & Living,2,5195.95,3,0
2024-12-21,South India,Home & Living,7,15634.54,11,0
2024-12-22,South India,Home & Living,10,17397.05,16,0
2024-12-23,South India,Home & Living,3,6057.44,4,0
2024-12-24,South India,Home & Living,3,3578.61,4,0
2024-12-25,South India,Home & Living,6,9365.41,10,0
2024-12-27,South India,Home & Living,2,5374.06,3,0
2024-12-28,South India,Home & Living,8,16252.19,11,0
2024-12-29,South India,Home & Living,8,14189.14,13,0
2024-12-30,South India,Home & Living,4,8083.56,5,0
2024-12-31,South India,Home & Living,6,8794.18,9,0
2025-01-01,South India,Home & Living,5,10558.98,8,0
2025-01-02,South India,Home & Living,2,4582.1,3,0
2025-01-03,South India,Home & Living,3,5088.25,5,0
2025-01-04,South India,Home & Living,8,15956.07,13,0
2025-01-05,South India,Home & Living,6,13054.17,9,0
2025-01-06,South India,Home & Living,2,3456.35,3,0
2025-01-07,South India,Home & Living,5,8087.11,8,0
2025-01-08,South India,Home & Living,5,9142.42,7,0
2025-01-09,South India,Home & Living,7,14641.29,11,0
2025-01-10,South India,Home & Living,8,18102.63,13,0
2025-01-11,South India,Home & Living,18,37101.98,28,0
2025-01-12,South India,Home & Living,12,17511.24,17,0
2025-01-13,South India,Home & Living,6,12318.11,9,0
2025-01-14,South India,Home & Living,1,2097.74,1,0
2025-01-15,South India,Home & Living,7,14955.6,11,0
2025-01-16,South India,Home & Living,5,6485.31,7,0
2025-01-17,South India,Home & Living,4,5977.62,6,0
2025-01-18,South India,Home & Living,8,12224.07,15,0
2025-01-19,South India,Home & Living,6,12699.53,9,0
2025-01-20,South India,Home & Living,6,10862.01,9,0
2025-01-21,South India,Home & Living,5,7256.03,7,0
2025-01-22,South India,Home & Living,3,5984.93,4,0
2025-01-23,South India,Home & Living,5,9168.13,9,0
2025-01-24,South India,Home & Living,6,11458.25,8,0
2025-01-25,South India,Home & Living,9,13937.45,14,0
2025-01-26,South India,Home & Living,10,14961.66,17,1
2025-01-27,South India,Home & Living,8,11237.63,14,0
2025-01-28,South India,Home & Living,4,5701.73,7,0
2025-01-29,South India,Home & Living,5,5488.37,7,0
2025-01-30,South India,Home & Living,6,9608.44,9,0
2025-01-31,South India,Home & Living,9,16233.08,14,0
2025-02-01,South India,Home & Living,18,37605.48,26,1
2025-02-02,South India,Home & Living,7,12290.94,12,0
2025-02-03,South India,Home & Living,1,2049.42,1,0
2025-02-04,South India,Home & Living,4,7381.19,6,0
2025-02-05,South India,Home & Living,9,14880.17,14,0
2025-02-06,South India,Home & Living,4,8530.08,7,0
2025-02-07,South India,Home & Living,8,14146.54,14,0
2025-02-08,South India,Home & Living,4,7249.07,6,0
2025-02-09,South India,Home & Living,7,10083.23,9,0
2025-02-10,South India,Home & Living,5,9874.99,8,0
2025-02-11,South India,Home & Living,9,18713.65,15,0
2025-02-12,South India,Home & Living,7,10431.61,11,0
2025-02-13,South India,Home & Living,2,2742.43,2,0
2025-02-14,South India,Home & Living,4,8669.79,5,0
2025-02-15,South India,Home & Living,6,8913.35,10,0
2025-02-16,South India,Home & Living,10,13902.21,18,0
2025-02-17,South India,Home & Living,1,1378.43,1,0
2025-02-18,South India,Home & Living,9,18420.06,14,0
2025-02-19,South India,Home & Living,7,10441.37,13,0
2025-02-20,South India,Home & Living,2,2835.18,2,0
2025-02-21,South India,Home & Living,5,8011.39,7,0
2025-02-22,South India,Home & Living,6,11485.65,9,0
2025-02-23,South India,Home & Living,7,12144.76,11,0
2025-02-24,South India,Home & Living,4,9139.88,6,0
2025-02-25,South India,Home & Living,8,17785.58,13,0
2025-02-26,South India,Home & Living,4,6784.18,6,0
2025-02-27,South India,Home & Living,6,10828.22,9,0
2025-02-28,South India,Home & Living,2,2941.39,3,0
2025-03-01,South India,Home & Living,6,6911.14,9,0
2025-03-02,South India,Home & Living,7,10446.57,12,0
2025-03-03,South India,Home & Living,7,15489.1,10,0
2025-03-04,South India,Home & Living,3,3780.63,5,0
2025-03-05,South India,Home & Living,2,2405.54,3,0
2025-03-06,South India,Home & Living,4,6089.29,6,0
2025-03-07,South India,Home & Living,5,10362.79,8,0
2025-03-08,South India,Home & Living,5,9818.69,8,0
2025-03-09,South India,Home & Living,4,9016.19,6,0
2025-03-10,South India,Home & Living,4,8385.26,5,0
2025-03-11,South India,Home & Living,3,5350.93,4,0
2025-03-12,South India,Home & Living,8,14704.53,12,0
2025-03-13,South India,Home & Living,5,9666.62,8,0
2025-03-14,South India,Home & Living,5,7173.51,9,0
2025-03-15,South India,Home & Living,8,16921.09,11,0
2025-03-16,South India,Home & Living,8,13944.31,14,0
2025-03-17,South India,Home & Living,2,2781.52,3,0
2025-03-18,South India,Home & Living,4,6339.02,6,0
2025-03-19,South India,Home & Living,4,6702.73,6,0
2025-03-20,South India,Home & Living,3,7455.29,4,0
2025-03-21,South India,Home & Living,6,10188.65,10,0
2025-03-22,South India,Home & Living,5,7825.09,7,0
2025-03-23,South India,Home & Living,11,20915.29,17,0
2025-03-24,South India,Home & Living,6,6527.07,11,0
2025-03-25,South India,Home & Living,8,15831.04,12,0
2025-03-26,South India,Home & Living,4,8085.98,7,0
2025-03-27,South India,Home & Living,7,9954.87,11,0
2025-03-28,South India,Home & Living,5,10952.58,8,0
2025-03-29,South India,Home & Living,8,14490.24,15,0
2025-03-30,South India,Home & Living,8,13144.78,13,0
2025-03-31,South India,Home & Living,7,13243.65,11,0
2025-04-01,South India,Home & Living,8,17136.91,11,0
2025-04-02,South India,Home & Living,4,8217.9,6,0
2025-04-03,South India,Home & Living,4,5897.3,7,0
2025-04-04,South India,Home & Living,4,5348.76,5,0
2025-04-05,South India,Home & Living,10,16012.98,15,0
2025-04-06,South India,Home & Living,6,10447.15,10,0
2025-04-07,South India,Home & Living,3,5352.03,5,0
2025-04-08,South India,Home & Living,3,4419.31,5,0
2025-04-09,South India,Home & Living,5,6767.05,7,0
2025-04-10,South India,Home & Living,3,6527.73,4,0
2025-04-11,South India,Home & Living,5,8199.76,8,0
2025-04-12,South India,Home & Living,5,8022.79,8,0
2025-04-13,South India,Home & Living,4,8155.9,6,0
2025-04-14,South India,Home & Living,7,11128.8,13,0
2025-04-15,South India,Home & Living,3,5516.59,4,0
2025-04-16,South India,Home & Living,4,8734.67,5,0
2025-04-17,South India,Home & Living,3,5928.97,4,0
2025-04-18,South India,Home & Living,4,5130.87,7,0
2025-04-19,South India,Home & Living,10,23527.68,17,0
2025-04-20,South India,Home & Living,6,10939.74,11,0
2025-04-21,South India,Home & Living,2,3442.09,3,0
2025-04-22,South India,Home & Living,2,4461.87,2,0
2025-04-23,South India,Home & Living,5,10999.15,9,0
2025-04-24,South India,Home & Living,6,11451.49,9,0
2025-04-25,South India,Home & Living,4,7272.49,6,0
2025-04-26,South India,Home & Living,4,5135.99,6,0
2025-04-27,South India,Home & Living,5,8343.96,9,0
2025-04-28,South India,Home & Living,6,12259.84,10,0
2025-04-29,South India,Home & Living,7,11614.27,10,0
2025-04-30,South India,Home & Living,11,21216.61,20,0
2025-05-01,South India,Home & Living,3,3820.18,5,0
2025-05-02,South India,Home & Living,5,10012.46,8,0
2025-05-03,South India,Home & Living,9,19064.96,16,0
2025-05-04,South India,Home & Living,9,15977.46,14,0
2025-05-05,South India,Home & Living,3,5310.18,4,0
2025-05-06,South India,Home & Living,7,10479.35,12,0
2025-05-07,South India,Home & Living,6,9808.85,10,0
2025-05-08,South India,Home & Living,5,7536.48,8,0
2025-05-09,South India,Home & Living,5,10977.88,7,0
2025-05-10,South India,Home & Living,4,7763.1,6,0
2025-05-11,South India,Home & Living,9,12120.79,16,0
2025-05-12,South India,Home & Living,4,7233.43,6,0
2025-05-13,South India,Home & Living,6,10597.97,8,0
2025-05-14,South India,Home & Living,6,12207.01,8,0
2025-05-15,South India,Home & Living,5,11333.29,8,0
2025-05-16,South India,Home & Living,4,6395.28,6,0
2025-05-17,South India,Home & Living,5,9043.48,8,0
2025-05-18,South India,Home & Living,3,6866.1,5,0
2025-05-19,South India,Home & Living,10,16288.65,17,0
2025-05-20,South India,Home & Living,4,5680.81,7,0
2025-05-21,South India,Home & Living,1,2151.45,1,0
2025-05-22,South India,Home & Living,9,15063.72,16,0
2025-05-23,South India,Home & Living,4,6984.2,5,0
2025-05-24,South India,Home & Living,8,8494.19,11,0
2025-05-25,South India,Home & Living,5,8560.09,8,0
2025-05-26,South India,Home & Living,7,10380.22,10,0
2025-05-27,South India,Home & Living,6,12355.33,9,0
2025-05-28,South India,Home & Living,7,13201.2,10,0
2025-05-29,South India,Home & Living,4,8224.98,7,0
2025-05-30,South India,Home & Living,5,5957.95,9,0
2025-05-31,South India,Home & Living,7,14242.72,11,0
2025-06-01,South India,Home & Living,7,12763.87,11,0
2025-06-02,South India,Home & Living,4,6687.92,5,0
2025-06-03,South India,Home & Living,10,19805.13,14,0
2025-06-04,South India,Home & Living,4,7290.21,7,0
2025-06-05,South India,Home & Living,10,16102.81,18,0
2025-06-06,South India,Home & Living,4,9546.99,6,0
2025-06-07,South India,Home & Living,8,14316.03,12,0
2025-06-08,South India,Home & Living,11,24095.24,20,1
2025-06-09,South India,Home & Living,8,13654.82,11,0
2025-06-10,South India,Home & Living,6,10730.89,9,0
2025-06-11,South India,Home & Living,1,1769.47,1,0
2025-06-12,South India,Home & Living,7,11683.02,12,0
2025-06-13,South India,Home & Living,4,8364.55,7,0
2025-06-14,South India,Home & Living,4,6908.15,5,0
2025-06-15,South India,Home & Living,8,15871.59,12,0
2025-06-16,South India,Home & Living,11,19245.52,18,0
2025-06-17,South India,Home & Living,6,12887.42,11,0
2025-06-18,South India,Home & Living,4,8024.75,5,0
2025-06-19,South India,Home & Living,7,13578.77,11,0
2025-06-20,South India,Home & Living,8,13073.46,14,0
2025-06-21,South India,Home & Living,9,14649.28,13,0
2025-06-22,South India,Home & Living,10,21280.95,18,0
2025-06-23,South India,Home & Living,3,4467.07,5,0
2025-06-24,South India,Home & Living,9,17186.69,15,0
2025-06-25,South India,Home & Living,5,11229.63,7,0
2025-06-26,South India,Home & Living,5,9300.7,7,0
2025-06-27,South India,Home & Living,3,6728.11,5,0
2025-06-28,South India,Home & Living,16,33898.77,27,1
2025-06-29,South India,Home & Living,14,30411.42,21,0
2025-06-30,South India,Home & Living,7,10257.53,10,0
2025-07-01,South India,Home & Living,6,12952.18,11,0
2025-07-02,South India,Home & Living,6,10952.73,10,0
2025-07-03,South India,Home & Living,7,11668.2,13,0
2025-07-04,South India,Home & Living,9,14418.11,15,0
2025-07-05,South India,Home & Living,5,9043.71,8,0
2025-07-06,South India,Home & Living,7,13180.58,13,0
2025-07-07,South India,Home & Living,6,10517.6,8,0
2025-07-08,South India,Home & Living,9,18679.93,13,0
2025-07-09,South India,Home & Living,1,1627.96,1,0
2025-07-10,South India,Home & Living,5,9519.02,9,0
2025-07-11,South India,Home & Living,4,8294.31,7,0
2025-07-12,South India,Home & Living,9,12468.03,14,0
2025-07-13,South India,Home & Living,6,11497.96,9,0
2025-07-14,South India,Home & Living,2,3722.69,3,0
2025-07-15,South India,Home & Living,3,5964.28,4,0
2025-07-16,South India,Home & Living,5,7802.21,8,0
2025-07-17,South India,Home & Living,5,8789.48,8,0
2025-07-18,South India,Home & Living,6,12454.23,8,0
2025-07-19,South India,Home & Living,4,6466.72,5,0
2025-07-20,South India,Home & Living,4,9745.21,6,0
2025-07-21,South India,Home & Living,6,15551.16,10,0
2025-07-22,South India,Home & Living,7,11850.24,10,0
2025-07-23,South India,Home & Living,5,9662.24,9,0
2025-07-24,South India,Home & Living,3,4043.86,4,0
2025-07-25,South India,Home & Living,9,16574.4,14,0
2025-07-26,South India,Home & Living,11,18603.27,19,0
2025-07-27,South India,Home & Living,7,12653.52,12,0
2025-07-28,South India,Home & Living,8,17146.79,12,0
2025-07-29,South India,Home & Living,5,9395.66,7,0
2025-07-30,South India,Home & Living,9,16224.24,15,0
2025-07-31,South India,Home & Living,4,7812.15,7,0
2025-08-01,South India,Home & Living,5,8392.4,7,0
2025-08-02,South India,Home & Living,10,12674.88,17,0
2025-08-03,South India,Home & Living,6,11840.61,9,0
2025-08-04,South India,Home & Living,5,8517.23,9,0
2025-08-05,South India,Home & Living,6,12467.54,9,0
2025-08-06,South India,Home & Living,4,4490.35,7,0
2025-08-07,South India,Home & Living,4,7877.77,7,0
2025-08-08,South India,Home & Living,6,12377.83,10,0
2025-08-09,South India,Home & Living,5,8907.16,8,0
2025-08-10,South India,Home & Living,7,10416.17,11,0
2025-08-11,South India,Home & Living,4,7777.63,6,0
2025-08-12,South India,Home & Living,6,8179.24,9,0
2025-08-13,South India,Home & Living,5,7238.41,9,0
2025-08-14,South India,Home & Living,6,10083.31,8,0
2025-08-15,South India,Home & Living,6,7899.79,10,0
2025-08-16,South India,Home & Living,8,12801.38,11,0
2025-08-17,South India,Home & Living,8,13466.75,12,0
2025-08-18,South India,Home & Living,7,10259.98,11,0
2025-08-19,South India,Home & Living,9,16337.49,16,0
2025-08-20,South India,Home & Living,2,2627.24,3,0
2025-08-21,South India,Home & Living,3,5518.48,4,0
2025-08-22,South India,Home & Living,2,2781.33,3,0
2025-08-23,South India,Home & Living,7,9105.96,11,0
2025-08-24,South India,Home & Living,7,10387.28,11,0
2025-08-25,South India,Home & Living,6,14183.08,9,0
2025-08-26,South India,Home & Living,3,6443.33,5,0
2025-08-27,South India,Home & Living,8,15942.91,13,0
2025-08-28,South India,Home & Living,11,27897.13,18,0
2025-08-29,South India,Home & Living,4,7999.99,6,0
2025-08-30,South India,Home & Living,8,9637.32,11,0
2025-08-31,South India,Home & Living,14,24059.07,25,0
2025-09-01,South India,Home & Living,3,4680.41,5,0
2025-09-02,South India,Home & Living,8,15436.21,15,0
2025-09-03,South India,Home & Living,8,13735.81,13,0
2025-09-04,South India,Home & Living,3,5304.95,5,0
2025-09-05,South India,Home & Living,7,12625.12,11,0
2025-09-06,South India,Home & Living,6,14077.05,11,0
2025-09-07,South India,Home & Living,3,5083.74,5,0
2025-09-08,South India,Home & Living,7,13887.03,10,0
2025-09-09,South India,Home & Living,5,8246.96,7,0
2025-09-10,South India,Home & Living,4,7740.32,5,0
2025-09-11,South India,Home & Living,1,1709.68,1,0
2025-09-12,South India,Home & Living,6,9529.32,9,0
2025-09-13,South India,Home & Living,3,5176.0,4,0
2025-09-14,South India,Home & Living,5,9074.76,7,0
2025-09-15,South India,Home & Living,2,3151.54,3,0
2025-09-16,South India,Home & Living,4,6889.64,6,0
2025-09-17,South India,Home & Living,1,1780.25,1,0
2025-09-18,South India,Home & Living,5,8662.11,9,0
2025-09-19,South India,Home & Living,2,5102.63,3,0
2025-09-20,South India,Home & Living,9,14301.71,13,0
2025-09-21,South India,Home & Living,10,17697.74,18,0
2025-09-22,South India,Home & Living,6,12596.86,11,0
2025-09-23,South India,Home & Living,6,7981.32,9,0
2025-09-24,South India,Home & Living,3,4387.21,5,0
2025-09-25,South India,Home & Living,3,5255.08,5,0
2025-09-26,South India,Home & Living,4,7124.13,6,0
2025-09-27,South India,Home & Living,8,21179.35,12,0
2025-09-28,South India,Home & Living,9,14344.86,13,0
2025-09-29,South India,Home & Living,5,9033.86,7,0
2025-09-30,South India,Home & Living,5,11809.9,8,0
2025-10-01,South India,Home & Living,10,16096.06,14,0
2025-10-02,South India,Home & Living,3,6080.98,4,0
2025-10-03,South India,Home & Living,12,17974.8,18,1
2025-10-04,South India,Home & Living,20,31109.14,30,0
2025-10-05,South India,Home & Living,13,23445.75,19,0
2025-10-06,South India,Home & Living,11,22035.93,19,0
2025-10-07,South India,Home & Living,12,13894.32,22,0
2025-10-08,South India,Home & Living,9,15524.04,13,0
2025-10-09,South India,Home & Living,6,12853.98,10,0
2025-10-10,South India,Home & Living,10,16042.26,16,0
2025-10-11,South India,Home & Living,11,20148.72,17,0
2025-10-12,South India,Home & Living,12,20466.01,20,0
2025-10-13,South India,Home & Living,9,15898.25,15,0
2025-10-14,South India,Home & Living,7,13789.71,11,0
2025-10-15,South India,Home & Living,8,16204.33,12,0
2025-10-16,South India,Home & Living,8,13826.99,13,0
2025-10-17,South India,Home & Living,7,13527.35,10,0
2025-10-18,South India,Home & Living,19,32701.38,31,0
2025-10-19,South India,Home & Living,10,15115.92,16,0
2025-10-20,South India,Home & Living,13,13959.28,19,1
2025-10-21,South India,Home & Living,7,15116.69,10,0
2025-10-22,South India,Home & Living,10,20172.92,14,0
2025-10-23,South India,Home & Living,6,10170.82,10,0
2025-10-24,South India,Home & Living,5,10091.89,8,0
2025-10-25,South India,Home & Living,15,27217.84,24,1
2025-10-26,South India,Home & Living,8,14627.28,13,0
2025-10-27,South India,Home & Living,5,8586.7,7,0
2025-10-28,South India,Home & Living,4,6966.63,7,0
2025-10-29,South India,Home & Living,13,23195.55,21,0
2025-10-30,South India,Home & Living,12,25967.77,18,0
2025-10-31,South India,Home & Living,10,17586.38,14,0
2025-11-01,South India,Home & Living,20,35985.49,37,0
2025-11-02,South India,Home & Living,16,21304.29,30,0
2025-11-03,South India,Home & Living,13,31121.3,21,1
2025-11-04,South India,Home & Living,6,10060.1,11,0
2025-11-05,South India,Home & Living,4,5768.87,7,0
2025-11-06,South India,Home & Living,10,18165.59,17,0
2025-11-07,South India,Home & Living,10,19556.63,15,0
2025-11-08,South India,Home & Living,17,24292.35,25,0
2025-11-09,South India,Home & Living,16,30533.91,25,0
2025-11-10,South India,Home & Living,7,15152.1,11,0
2025-11-11,South India,Home & Living,9,13944.56,14,0
2025-11-12,South India,Home & Living,8,17578.67,12,0
2025-11-13,South India,Home & Living,4,5459.41,7,0
2025-11-14,South India,Home & Living,12,24220.4,20,0
2025-11-15,South India,Home & Living,10,20138.85,17,0
2025-11-16,South India,Home & Living,18,28526.4,33,1
2025-11-17,South India,Home & Living,7,14786.35,11,0
2025-11-18,South India,Home & Living,9,11964.3,15,0
2025-11-19,South India,Home & Living,8,13143.42,13,0
2025-11-20,South India,Home & Living,6,11986.7,9,0
2025-11-21,South India,Home & Living,6,7976.18,10,0
2025-11-22,South India,Home & Living,21,39120.4,29,0
2025-11-23,South India,Home & Living,18,24018.14,25,1
2025-11-24,South India,Home & Living,8,13420.11,14,0
2025-11-25,South India,Home & Living,10,17420.68,15,0
2025-11-26,South India,Home & Living,5,7387.42,7,0
2025-11-27,South India,Home & Living,10,19906.13,15,0
2025-11-28,South India,Home & Living,9,18263.63,13,0
2025-11-29,South India,Home & Living,15,20059.14,27,1
2025-11-30,South India,Home & Living,17,25425.86,27,1
2025-12-01,South India,Home & Living,7,12733.04,11,0
2025-12-02,South India,Home & Living,7,16090.34,11,0
2025-12-03,South India,Home & Living,4,10385.81,5,0
2025-12-04,South India,Home & Living,6,12665.28,10,0
2025-12-05,South India,Home & Living,3,5954.21,5,0
2025-12-06,South India,Home & Living,9,18057.84,14,0
2025-12-07,South India,Home & Living,6,11635.9,10,0
2025-12-08,South India,Home & Living,5,9010.88,8,0
2025-12-09,South India,Home & Living,4,4506.96,7,0
2025-12-10,South India,Home & Living,9,18463.91,16,0
2025-12-11,South India,Home & Living,9,16880.55,16,0
2025-12-12,South India,Home & Living,4,4661.16,6,0
2025-12-13,South India,Home & Living,8,15456.54,14,0
2025-12-14,South India,Home & Living,4,6924.22,5,0
2025-12-15,South India,Home & Living,4,7005.36,5,0
2025-12-16,South India,Home & Living,7,12767.32,12,0
2025-12-17,South India,Home & Living,4,7046.38,7,0
2025-12-18,South India,Home & Living,5,10728.53,7,0
2025-12-19,South India,Home & Living,4,9732.84,6,0
2025-12-20,South India,Home & Living,5,6918.32,7,0
2025-12-21,South India,Home & Living,11,22427.64,15,0
2025-12-22,South India,Home & Living,7,16768.06,12,0
2025-12-23,South India,Home & Living,7,14788.75,11,0
2025-12-24,South India,Home & Living,8,14482.37,11,0
2025-12-25,South India,Home & Living,6,9250.05,10,0
2025-12-26,South India,Home & Living,6,9909.93,9,0
2025-12-27,South India,Home & Living,8,13749.28,11,0
2025-12-28,South India,Home & Living,6,8953.69,10,0
2025-12-29,South India,Home & Living,10,16936.58,14,0
2025-12-30,South India,Home & Living,7,14958.96,11,0
2025-12-31,South India,Home & Living,9,13827.73,12,0
2024-01-01,South India,Beauty,3,3668.33,5,0
2024-01-02,South India,Beauty,3,3045.79,4,0
2024-01-03,South India,Beauty,3,3506.55,4,0
2024-01-04,South India,Beauty,3,1102.33,4,0
2024-01-05,South India,Beauty,4,2460.43,5,0
2024-01-06,South India,Beauty,8,5445.04,11,0
2024-01-07,South India,Beauty,10,10287.64,14,0
2024-01-08,South India,Beauty,4,5148.1,7,0
2024-01-09,South India,Beauty,4,3664.58,6,0
2024-01-10,South India,Beauty,2,2162.54,3,0
2024-01-11,South India,Beauty,2,3157.8,3,0
2024-01-12,South India,Beauty,1,761.08,1,0
2024-01-13,South India,Beauty,9,7267.0,17,0
2024-01-14,South India,Beauty,7,7449.2,10,0
2024-01-15,South India,Beauty,2,1715.37,3,0
2024-01-16,South India,Beauty,7,5755.38,11,0
2024-01-17,South India,Beauty,4,4838.01,6,0
2024-01-18,South India,Beauty,1,1507.05,1,0
2024-01-19,South India,Beauty,6,4316.03,9,0
2024-01-20,South India,Beauty,4,5574.54,6,0
2024-01-21,South India,Beauty,7,6590.25,11,0
2024-01-22,South India,Beauty,3,1633.09,5,0
2024-01-23,South India,Beauty,3,2449.06,4,0
2024-01-24,South India,Beauty,5,6873.02,7,0
2024-01-25,South India,Beauty,1,964.72,1,0
2024-01-26,South India,Beauty,2,2542.51,2,0
2024-01-27,South India,Beauty,7,3636.95,10,0
2024-01-28,South India,Beauty,5,5645.32,8,0
2024-01-29,South India,Beauty,7,6935.21,12,0
2024-01-30,South India,Beauty,5,4651.24,8,0
2024-01-31,South India,Beauty,3,2136.75,4,0
2024-02-01,South India,Beauty,3,2792.14,4,0
2024-02-02,South India,Beauty,1,904.47,1,0
2024-02-03,South India,Beauty,2,2150.48,3,0
2024-02-04,South India,Beauty,11,12480.22,18,0
2024-02-05,South India,Beauty,7,4991.08,11,0
2024-02-06,South India,Beauty,5,5350.73,7,0
2024-02-07,South India,Beauty,2,1621.37,2,0
2024-02-08,South India,Beauty,4,1485.72,7,0
2024-02-09,South India,Beauty,2,1336.15,3,0
2024-02-10,South India,Beauty,3,1893.38,4,0
2024-02-11,South India,Beauty,9,8676.87,16,0
2024-02-12,South India,Beauty,5,2674.11,8,0
2024-02-13,South India,Beauty,4,4884.55,6,0
2024-02-14,South India,Beauty,2,1767.14,2,0
2024-02-15,South India,Beauty,5,5343.54,7,0
2024-02-16,South India,Beauty,3,3684.95,5,0
2024-02-17,South India,Beauty,7,8035.67,11,0
2024-02-18,South India,Beauty,2,1980.17,3,0
2024-02-19,South India,Beauty,4,4660.22,7,0
2024-02-20,South India,Beauty,3,2584.83,4,0
2024-02-21,South India,Beauty,3,4038.07,4,0
2024-02-22,South India,Beauty,3,3084.2,5,0
2024-02-23,South India,Beauty,1,1138.56,1,0
2024-02-24,South India,Beauty,6,4270.53,8,0
2024-02-25,South India,Beauty,6,2802.03,11,0
2024-02-26,South India,Beauty,6,4440.37,8,0
2024-02-27,South India,Beauty,3,2754.25,4,0
2024-02-28,South India,Beauty,3,4162.26,5,0
2024-02-29,South India,Beauty,9,8502.91,15,0
2024-03-01,South India,Beauty,3,4230.68,4,0
2024-03-02,South India,Beauty,6,4084.02,9,0
2024-03-03,South India,Beauty,1,773.43,1,0
2024-03-04,South India,Beauty,7,4871.88,9,0
2024-03-05,South India,Beauty,5,5264.07,7,0
2024-03-06,South India,Beauty,2,1594.9,3,0
2024-03-07,South India,Beauty,8,8020.92,14,0
2024-03-08,South India,Beauty,6,4220.0,10,0
2024-03-09,South India,Beauty,6,4623.89,9,0
2024-03-10,South India,Beauty,6,5617.41,9,0
2024-03-11,South India,Beauty,4,4166.87,6,0
2024-03-12,South India,Beauty,7,12020.0,11,0
2024-03-13,South India,Beauty,2,1748.74,3,0
2024-03-14,South India,Beauty,4,3202.03,5,0
2024-03-15,South India,Beauty,6,10180.04,8,0
2024-03-16,South India,Beauty,7,5720.88,12,0
2024-03-17,South India,Beauty,4,3575.43,7,0
2024-03-18,South India,Beauty,2,2408.4,3,0
2024-03-19,South India,Beauty,1,1558.71,1,0
2024-03-20,South India,Beauty,1,1192.25,1,0
2024-03-21,South India,Beauty,4,2908.36,6,0
2024-03-22,South India,Beauty,2,1467.26,2,0
2024-03-23,South India,Beauty,4,4299.31,6,0
2024-03-24,South India,Beauty,5,5376.98,7,0
2024-03-25,South India,Beauty,1,583.01,1,0
2024-03-26,South India,Beauty,5,4359.71,7,0
2024-03-27,South India,Beauty,3,1405.36,5,0
2024-03-28,South India,Beauty,6,5149.94,10,0
2024-03-29,South India,Beauty,4,4399.97,6,0
2024-03-30,South India,Beauty,8,8478.05,12,0
2024-03-31,South India,Beauty,9,9750.94,12,0
2024-04-01,South India,Beauty,3,1770.27,5,0
2024-04-02,South India,Beauty,3,2092.6,4,0
2024-04-03,South India,Beauty,4,3354.28,6,0
2024-04-04,South India,Beauty,4,5072.04,7,0
2024-04-05,South India,Beauty,1,1733.47,1,0
2024-04-06,South India,Beauty,6,4040.98,9,0
2024-04-07,South India,Beauty,9,12679.03,12,0
2024-04-08,South India,Beauty,3,2209.49,5,0
2024-04-09,South India,Beauty,1,1306.9,1,0
2024-04-10,South India,Beauty,4,5550.21,6,0
2024-04-11,South India,Beauty,3,2000.47,5,0
2024-04-12,South India,Beauty,2,1928.03,3,0
2024-04-13,South India,Beauty,4,4584.12,5,0
2024-04-14,South India,Beauty,6,6157.64,9,0
2024-04-15,South India,Beauty,3,3390.65,5,0
2024-04-16,South India,Beauty,1,984.39,1,0
2024-04-17,South India,Beauty,4,3950.4,7,0
2024-04-18,South India,Beauty,3,2372.31,5,0
2024-04-19,South India,Beauty,7,6539.89,10,0
2024-04-20,South India,Beauty,3,2271.29,5,0
2024-04-21,South India,Beauty,9,11910.85,16,0
2024-04-22,South India,Beauty,4,4793.36,5,0
2024-04-24,South India,Beauty,4,2683.16,6,0
2024-04-25,South India,Beauty,4,1067.86,5,0
2024-04-26,South India,Beauty,5,5395.12,7,0
2024-04-27,South India,Beauty,5,4964.27,8,0
2024-04-28,South India,Beauty,5,4997.75,7,0
2024-04-29,South India,Beauty,7,5642.25,11,0
2024-04-30,South India,Beauty,4,2720.58,6,0
2024-05-01,South India,Beauty,2,1533.6,3,0
2024-05-02,South India,Beauty,7,5743.2,10,0
2024-05-03,South India,Beauty,1,1317.27,1,0
2024-05-04,South India,Beauty,7,8057.77,12,0
2024-05-05,South India,Beauty,5,3122.76,7,0
2024-05-06,South India,Beauty,4,3401.4,7,0
2024-05-07,South India,Beauty,4,5271.32,6,0
2024-05-08,South India,Beauty,3,3931.22,4,0
2024-05-09,South India,Beauty,5,4107.56,8,0
2024-05-10,South India,Beauty,2,1760.09,3,0
2024-05-11,South India,Beauty,4,4656.44,6,0
2024-05-12,South India,Beauty,10,12540.42,14,0
2024-05-13,South India,Beauty,4,4136.37,7,0
2024-05-14,South India,Beauty,4,4540.81,5,0
2024-05-15,South India,Beauty,6,5147.14,10,0
2024-05-16,South India,Beauty,3,4118.16,5,0
2024-05-17,South India,Beauty,2,1929.1,3,0
2024-05-18,South India,Beauty,6,4609.7,10,0
2024-05-19,South India,Beauty,8,6988.59,14,0
2024-05-20,South India,Beauty,5,5297.28,7,0
2024-05-21,South India,Beauty,4,3507.25,6,0
2024-05-22,South India,Beauty,2,1823.02,3,0
2024-05-23,South India,Beauty,5,5624.8,8,0
2024-05-24,South India,Beauty,5,7057.93,9,0
2024-05-25,South India,Beauty,9,7041.91,16,0
2024-05-26,South India,Beauty,8,10557.94,12,0
2024-05-27,South India,Beauty,4,3371.12,7,0
2024-05-28,South India,Beauty,4,4974.17,6,0
2024-05-29,South India,Beauty,12,10129.18,18,0
2024-05-30,South India,Beauty,11,9299.05,20,0
2024-05-31,South India,Beauty,1,1158.65,1,0
2024-06-01,South India,Beauty,11,13802.73,20,0
2024-06-02,South India,Beauty,2,1746.31,2,0
2024-06-03,South India,Beauty,9,7066.38,15,0
2024-06-04,South India,Beauty,3,2925.93,5,0
2024-06-05,South India,Beauty,5,3561.05,8,0
2024-06-06,South India,Beauty,3,2429.55,4,0
2024-06-07,South India,Beauty,5,4507.67,7,0
2024-06-08,South India,Beauty,9,8332.82,15,0
2024-06-09,South India,Beauty,8,3864.08,14,0
2024-06-10,South India,Beauty,7,4684.09,12,0
2024-06-11,South India,Beauty,3,3359.01,4,0
2024-06-12,South India,Beauty,4,3256.43,7,0
2024-06-13,South India,Beauty,4,4002.99,6,0
2024-06-14,South India,Beauty,3,2809.73,5,0
2024-06-15,South India,Beauty,7,6782.28,11,0
2024-06-16,South India,Beauty,5,4861.88,8,0
2024-06-17,South India,Beauty,4,3369.8,6,0
2024-06-18,South India,Beauty,4,5195.85,6,0
2024-06-19,South India,Beauty,2,2122.97,3,0
2024-06-20,South India,Beauty,5,8761.4,8,0
2024-06-21,South India,Beauty,4,4008.94,6,0
2024-06-22,South India,Beauty,4,5016.17,5,0
2024-06-23,South India,Beauty,5,6185.95,8,0
2024-06-24,South India,Beauty,7,8649.01,12,0
2024-06-25,South India,Beauty,2,1244.44,3,0
2024-06-26,South India,Beauty,3,3176.25,5,0
2024-06-27,South India,Beauty,9,4912.53,14,0
2024-06-28,South India,Beauty,4,2874.22,7,0
2024-06-29,South India,Beauty,7,5161.95,10,0
2024-06-30,South India,Beauty,6,5074.85,8,0
2024-07-01,South India,Beauty,4,3570.3,6,0
2024-07-02,South India,Beauty,6,4713.88,8,0
2024-07-03,South India,Beauty,3,3730.26,5,0
2024-07-04,South India,Beauty,1,1146.22,1,0
2024-07-05,South India,Beauty,2,2135.83,3,0
2024-07-06,South India,Beauty,4,1899.79,5,0
2024-07-07,South India,Beauty,4,4150.13,6,0
2024-07-08,South India,Beauty,5,3659.41,8,0
2024-07-09,South India,Beauty,4,3871.5,7,0
2024-07-10,South India,Beauty,3,2630.81,5,0
2024-07-11,South India,Beauty,2,1747.45,2,0
2024-07-12,South India,Beauty,1,721.99,1,0
2024-07-13,South India,Beauty,5,3946.31,7,0
2024-07-14,South India,Beauty,8,4261.25,13,0
2024-07-15,South India,Beauty,3,3835.1,5,0
2024-07-16,South India,Beauty,5,5484.47,8,0
2024-07-17,South India,Beauty,6,6366.19,10,0
2024-07-18,South India,Beauty,6,6283.31,8,0
2024-07-19,South India,Beauty,4,1157.48,6,0
2024-07-20,South India,Beauty,2,2379.31,3,0
2024-07-21,South India,Beauty,6,5127.56,9,0
2024-07-22,South India,Beauty,1,1046.72,1,0
2024-07-23,South India,Beauty,2,1701.93,3,0
2024-07-24,South India,Beauty,3,3289.58,4,0
2024-07-25,South India,Beauty,9,8606.99,15,0
2024-07-26,South India,Beauty,5,2817.79,9,0
2024-07-27,South India,Beauty,4,2857.38,7,0
2024-07-28,South India,Beauty,5,2804.68,8,0
2024-07-29,South India,Beauty,3,2384.31,4,0
2024-07-30,South India,Beauty,2,2273.27,3,0
2024-07-31,South India,Beauty,5,5105.54,8,0
2024-08-01,South India,Beauty,7,8513.53,11,0
2024-08-02,South India,Beauty,3,2612.78,5,0
2024-08-03,South India,Beauty,8,8108.6,11,0
2024-08-04,South India,Beauty,5,4590.99,7,0
2024-08-05,South India,Beauty,4,4285.96,7,0
2024-08-06,South India,Beauty,3,3654.66,4,0
2024-08-07,South India,Beauty,4,2688.04,5,0
2024-08-08,South India,Beauty,4,5185.77,6,0
2024-08-09,South India,Beauty,4,3786.86,6,0
2024-08-10,South India,Beauty,6,5846.29,10,0
2024-08-11,South India,Beauty,3,3159.04,5,0
2024-08-12,South India,Beauty,5,5512.75,7,0
2024-08-13,South India,Beauty,6,8348.59,11,0
2024-08-14,South India,Beauty,4,5028.32,6,0
2024-08-15,South India,Beauty,5,6785.61,8,0
2024-08-16,South India,Beauty,9,7475.93,14,0
2024-08-17,South India,Beauty,4,4988.68,5,0
2024-08-18,South India,Beauty,6,3752.47,9,0
2024-08-19,South India,Beauty,5,2710.28,8,0
2024-08-20,South India,Beauty,1,1485.67,1,0
2024-08-21,South India,Beauty,1,956.7,1,0
2024-08-22,South India,Beauty,6,8690.44,9,0
2024-08-23,South India,Beauty,5,6624.07,8,0
2024-08-24,South India,Beauty,4,2266.88,6,0
2024-08-25,South India,Beauty,6,2751.32,9,0
2024-08-26,South India,Beauty,8,5544.3,11,0
2024-08-27,South India,Beauty,3,2227.7,5,0
2024-08-28,South India,Beauty,1,1215.76,1,0
2024-08-29,South India,Beauty,6,5810.71,8,0
2024-08-30,South India,Beauty,5,3874.14,8,0
2024-08-31,South India,Beauty,11,16241.26,19,0
2024-09-01,South India,Beauty,4,3671.5,6,0
2024-09-02,South India,Beauty,3,1958.11,5,0
2024-09-03,South India,Beauty,4,4391.14,7,0
2024-09-04,South India,Beauty,6,4012.01,8,0
2024-09-05,South India,Beauty,3,3017.62,5,0
2024-09-06,South India,Beauty,3,3790.09,5,0
2024-09-07,South India,Beauty,1,1173.85,1,0
2024-09-08,South India,Beauty,3,2198.54,4,0
2024-09-09,South India,Beauty,2,2672.81,3,0
2024-09-10,South India,Beauty,4,2872.16,6,0
2024-09-11,South India,Beauty,3,3595.13,4,0
2024-09-12,South India,Beauty,1,1323.95,1,0
2024-09-13,South India,Beauty,4,3902.92,7,0
2024-09-14,South India,Beauty,9,10301.45,12,0
2024-09-15,South India,Beauty,6,5162.83,8,0
2024-09-16,South India,Beauty,7,6768.3,11,0
2024-09-17,South India,Beauty,5,1209.69,7,0
2024-09-18,South India,Beauty,8,9900.1,11,0
2024-09-19,South India,Beauty,2,1998.76,3,0
2024-09-20,South India,Beauty,5,3268.03,9,0
2024-09-21,South India,Beauty,5,5120.29,9,0
2024-09-22,South India,Beauty,6,4617.68,11,0
2024-09-23,South India,Beauty,2,1235.82,3,0
2024-09-24,South India,Beauty,6,6335.37,10,0
2024-09-25,South India,Beauty,3,1639.15,4,0
2024-09-26,South India,Beauty,4,5599.39,6,0
2024-09-27,South India,Beauty,4,3587.63,7,0
2024-09-28,South India,Beauty,8,5007.39,11,0
2024-09-29,South India,Beauty,10,5736.99,14,0
2024-09-30,South India,Beauty,2,1985.69,3,0
2024-10-01,South India,Beauty,9,10293.71,15,0
2024-10-02,South India,Beauty,4,2341.84,7,0
2024-10-03,South India,Beauty,7,3136.86,11,0
2024-10-04,South India,Beauty,9,6304.2,14,0
2024-10-05,South India,Beauty,6,5470.22,8,0
2024-10-06,South India,Beauty,19,17242.42,26,1
2024-10-07,South India,Beauty,10,9747.6,14,0
2024-10-08,South India,Beauty,8,9947.81,14,0
2024-10-09,South India,Beauty,11,16791.93,16,0
2024-10-10,South India,Beauty,8,4614.64,11,0
2024-10-11,South India,Beauty,4,4368.67,6,0
2024-10-12,South India,Beauty,10,10580.67,17,0
2024-10-13,South India,Beauty,8,6151.85,11,0
2024-10-14,South India,Beauty,6,10409.72,9,0
2024-10-15,South India,Beauty,11,4859.92,17,0
2024-10-16,South India,Beauty,5,4537.02,9,0
2024-10-17,South India,Beauty,2,2381.15,3,0
2024-10-18,South India,Beauty,6,5543.24,8,0
2024-10-19,South India,Beauty,13,11141.47,24,1
2024-10-20,South India,Beauty,8,8533.72,14,0
2024-10-21,South India,Beauty,4,4426.64,7,0
2024-10-22,South India,Beauty,4,3793.0,5,0
2024-10-23,South India,Beauty,8,5624.59,11,0
2024-10-24,South India,Beauty,5,2329.9,8,0
2024-10-25,South India,Beauty,5,5779.92,7,0
2024-10-26,South India,Beauty,9,8954.7,14,0
2024-10-27,South India,Beauty,7,9381.39,11,0
2024-10-28,South India,Beauty,4,4548.6,5,0
2024-10-29,South India,Beauty,10,7586.67,18,1
2024-10-30,South India,Beauty,7,5302.14,10,0
2024-10-31,South India,Beauty,9,12398.71,14,0
2024-11-01,South India,Beauty,12,14451.62,19,0
2024-11-02,South India,Beauty,10,8230.76,16,0
2024-11-03,South India,Beauty,8,8213.09,13,0
2024-11-04,South India,Beauty,5,6052.69,8,0
2024-11-05,South India,Beauty,3,2679.7,4,0
2024-11-06,South India,Beauty,6,6628.63,9,0
2024-11-07,South India,Beauty,7,5731.72,10,0
2024-11-08,South India,Beauty,4,3069.5,7,0
2024-11-09,South India,Beauty,17,15982.55,27,1
2024-11-10,South India,Beauty,6,4501.96,10,0
2024-11-11,South India,Beauty,7,5977.86,13,0
2024-11-12,South India,Beauty,4,4545.74,7,0
2024-11-13,South India,Beauty,9,6303.56,13,0
2024-11-14,South India,Beauty,10,9642.83,15,0
2024-11-15,South India,Beauty,7,5671.89,10,0
2024-11-16,South India,Beauty,10,6531.92,18,0
2024-11-17,South India,Beauty,11,15085.02,20,1
2024-11-18,South India,Beauty,3,2603.16,4,0
2024-11-19,South India,Beauty,5,2343.33,9,0
2024-11-20,South India,Beauty,6,3288.39,8,0
2024-11-21,South India,Beauty,4,5168.81,6,0
2024-11-22,South India,Beauty,6,4282.63,9,0
2024-11-23,South India,Beauty,11,8179.91,18,0
2024-11-24,South India,Beauty,15,13645.22,25,0
2024-11-25,South India,Beauty,8,9869.29,14,0
2024-11-26,South India,Beauty,4,3103.46,6,0
2024-11-27,South India,Beauty,9,9714.76,13,0
2024-11-28,South India,Beauty,7,8171.71,10,0
2024-11-29,South India,Beauty,8,4351.88,11,0
2024-11-30,South India,Beauty,14,18597.1,19,0
2024-12-01,South India,Beauty,7,6576.36,9,0
2024-12-02,South India,Beauty,5,4414.88,9,0
2024-12-03,South India,Beauty,1,1108.64,1,0
2024-12-04,South India,Beauty,6,6786.37,10,0
2024-12-05,South India,Beauty,4,2655.85,7,0
2024-12-06,South India,Beauty,4,4159.28,5,0
2024-12-07,South India,Beauty,3,5227.97,4,0
2024-12-08,South India,Beauty,7,5696.11,12,0
2024-12-09,South India,Beauty,1,871.79,1,0
2024-12-10,South India,Beauty,4,6984.76,7,0
2024-12-11,South India,Beauty,3,3219.42,5,0
2024-12-12,South India,Beauty,1,558.44,1,0
2024-12-13,South India,Beauty,8,7780.81,12,0
2024-12-14,South India,Beauty,5,6519.9,8,0
2024-12-15,South India,Beauty,4,4742.86,7,0
2024-12-16,South India,Beauty,3,3064.77,4,0
2024-12-17,South India,Beauty,3,2414.27,5,0
2024-12-18,South India,Beauty,2,2136.17,3,0
2024-12-19,South India,Beauty,7,5926.24,12,0
2024-12-20,South India,Beauty,6,6093.76,8,0
2024-12-21,South India,Beauty,8,6729.7,14,0
2024-12-22,South India,Beauty,8,10662.04,12,0
2024-12-23,South India,Beauty,6,6218.23,10,0
2024-12-24,South India,Beauty,4,3778.37,5,0
2024-12-26,South India,Beauty,2,2731.82,3,0
2024-12-27,South India,Beauty,3,1481.15,5,0
2024-12-28,South India,Beauty,7,5947.12,12,0
2024-12-29,South India,Beauty,11,4140.08,20,0
2024-12-30,South India,Beauty,6,7847.6,11,0
2024-12-31,South India,Beauty,6,2917.62,8,0
2025-01-01,South India,Beauty,4,6092.46,5,0
2025-01-02,South India,Beauty,7,7929.4,11,0
2025-01-03,South India,Beauty,7,8242.0,11,0
2025-01-04,South India,Beauty,3,3956.66,4,0
2025-01-05,South India,Beauty,8,7430.78,14,0
2025-01-06,South India,Beauty,5,5277.95,8,0
2025-01-07,South India,Beauty,6,3815.59,11,0
2025-01-08,South India,Beauty,1,1086.16,1,0
2025-01-09,South India,Beauty,3,2511.53,5,0
2025-01-10,South India,Beauty,3,2512.23,5,0
2025-01-11,South India,Beauty,8,6590.68,13,0
2025-01-12,South India,Beauty,7,6115.23,12,0
2025-01-13,South India,Beauty,7,8086.09,13,0
2025-01-14,South India,Beauty,5,3681.89,8,0
2025-01-15,South India,Beauty,2,1421.42,3,0
2025-01-16,South India,Beauty,7,8121.46,10,0
2025-01-17,South India,Beauty,5,2969.96,7,0
2025-01-18,South India,Beauty,11,7426.62,19,1
2025-01-19,South India,Beauty,5,6390.87,7,0
2025-01-20,South India,Beauty,5,6228.29,9,0
2025-01-21,South India,Beauty,4,2314.42,7,0
2025-01-22,South India,Beauty,5,5975.73,9,0
2025-01-23,South India,Beauty,4,5020.04,7,0
2025-01-24,South India,Beauty,5,5050.04,7,0
2025-01-25,South India,Beauty,5,5855.29,7,0
2025-01-26,South India,Beauty,7,6412.52,12,0
2025-01-27,South India,Beauty,3,2941.59,4,0
2025-01-28,South India,Beauty,3,1984.84,4,0
2025-01-29,South India,Beauty,5,5127.1,7,0
2025-01-30,South India,Beauty,3,1706.25,5,0
2025-01-31,South India,Beauty,2,1507.5,3,0
2025-02-01,South India,Beauty,5,6589.93,7,0
2025-02-02,South India,Beauty,10,15115.14,17,0
2025-02-03,South India,Beauty,4,4616.9,6,0
2025-02-04,South India,Beauty,5,5924.1,7,0
2025-02-05,South India,Beauty,3,3245.77,4,0
2025-02-06,South India,Beauty,3,3693.83,5,0
2025-02-07,South India,Beauty,6,6823.84,10,0
2025-02-08,South India,Beauty,8,8925.21,13,0
2025-02-09,South India,Beauty,2,1659.09,3,0
2025-02-10,South India,Beauty,2,1642.91,2,0
2025-02-11,South India,Beauty,6,5285.86,10,0
2025-02-12,South India,Beauty,7,13172.52,10,0
2025-02-13,South India,Beauty,2,1345.85,3,0
2025-02-14,South India,Beauty,3,2128.96,5,0
2025-02-15,South India,Beauty,10,4952.48,14,0
2025-02-16,South India,Beauty,2,1198.08,3,0
2025-02-18,South India,Beauty,2,2042.72,3,0
2025-02-19,South India,Beauty,7,4315.19,10,0
2025-02-20,South India,Beauty,3,2621.43,5,0
2025-02-21,South India,Beauty,2,2077.91,3,0
2025-02-22,South India,Beauty,8,6298.24,12,0
2025-02-23,South India,Beauty,6,5593.27,10,0
2025-02-24,South India,Beauty,3,2504.3,4,0
2025-02-25,South India,Beauty,3,4031.73,4,0
2025-02-26,South India,Beauty,5,5253.34,9,0
2025-02-27,South India,Beauty,9,8593.47,13,0
2025-02-28,South India,Beauty,4,3198.75,6,0
2025-03-01,South India,Beauty,9,6254.68,12,0
2025-03-02,South India,Beauty,8,8704.8,14,0
2025-03-03,South India,Beauty,4,2284.26,7,0
2025-03-04,South India,Beauty,7,3768.44,12,0
2025-03-05,South India,Beauty,5,6970.71,9,0
2025-03-06,South India,Beauty,4,4006.19,6,0
2025-03-07,South India,Beauty,3,3251.37,5,0
2025-03-08,South India,Beauty,10,4554.77,16,0
2025-03-09,South India,Beauty,8,8238.39,14,0
2025-03-10,South India,Beauty,4,3972.03,7,0
2025-03-11,South India,Beauty,5,5221.82,9,0
2025-03-12,South India,Beauty,3,2411.35,5,0
2025-03-13,South India,Beauty,5,6734.52,9,0
2025-03-14,South India,Beauty,5,3847.9,8,0
2025-03-15,South India,Beauty,4,2940.38,6,0
2025-03-16,South India,Beauty,5,3667.24,8,0
2025-03-17,South India,Beauty,2,1045.66,2,0
2025-03-18,South India,Beauty,6,3406.21,11,0
2025-03-19,South India,Beauty,8,7725.36,12,0
2025-03-20,South India,Beauty,9,8776.7,16,0
2025-03-21,South India,Beauty,6,7779.51,8,0
2025-03-22,South India,Beauty,6,6721.1,9,0
2025-03-23,South India,Beauty,6,5936.26,9,0
2025-03-24,South India,Beauty,8,11515.1,15,0
2025-03-25,South India,Beauty,5,6349.17,7,0
2025-03-26,South India,Beauty,2,2004.56,3,0
2025-03-27,South India,Beauty,3,3691.73,4,0
2025-03-28,South India,Beauty,8,8590.8,11,0
2025-03-29,South India,Beauty,11,8186.29,19,0
2025-03-30,South India,Beauty,6,3539.03,9,0
2025-03-31,South India,Beauty,3,1253.98,5,0
2025-04-01,South India,Beauty,5,3771.83,9,0
2025-04-02,South India,Beauty,6,5835.4,10,0
2025-04-03,South India,Beauty,5,4949.37,7,0
2025-04-04,South India,Beauty,2,2291.57,3,0
2025-04-05,South India,Beauty,8,10819.69,13,0
2025-04-06,South India,Beauty,12,17508.47,21,0
2025-04-07,South India,Beauty,4,4540.61,6,0
2025-04-08,South India,Beauty,6,6998.79,10,0
2025-04-09,South India,Beauty,5,9141.62,7,0
2025-04-10,South India,Beauty,9,11851.17,16,0
2025-04-11,South India,Beauty,5,4721.57,9,0
2025-04-12,South India,Beauty,2,2478.35,2,0
2025-04-13,South India,Beauty,4,4311.77,6,0
2025-04-14,South India,Beauty,7,8872.54,12,0
2025-04-15,South India,Beauty,9,7867.45,15,0
2025-04-16,South India,Beauty,7,8212.25,9,0
2025-04-17,South India,Beauty,5,3730.42,8,0
2025-04-18,South India,Beauty,5,4897.95,9,0
2025-04-19,South India,Beauty,5,9373.34,7,0
2025-04-20,South India,Beauty,8,9851.72,13,0
2025-04-21,South India,Beauty,5,3119.73,8,0
2025-04-22,South India,Beauty,5,3014.66,7,0
2025-04-23,South India,Beauty,4,4498.5,6,0
2025-04-24,South India,Beauty,5,3316.74,8,0
2025-04-25,South India,Beauty,4,2155.95,6,0
2025-04-26,South India,Beauty,9,5814.19,16,0
2025-04-27,South India,Beauty,3,3119.19,5,0
2025-04-28,South India,Beauty,4,4965.82,5,0
2025-04-29,South India,Beauty,7,8171.21,12,0
2025-04-30,South India,Beauty,5,4234.11,8,0
2025-05-01,South India,Beauty,7,7364.79,12,0
2025-05-02,South India,Beauty,6,5204.56,9,0
2025-05-03,South India,Beauty,7,4406.0,12,0
2025-05-04,South India,Beauty,1,424.91,1,0
2025-05-05,South India,Beauty,4,2641.93,6,0
2025-05-06,South India,Beauty,7,3733.48,12,0
2025-05-07,South India,Beauty,5,1611.53,8,0
2025-05-08,South India,Beauty,5,4686.86,8,0
2025-05-09,South India,Beauty,4,3256.32,7,0
2025-05-10,South India,Beauty,7,3751.91,12,0
2025-05-11,South India,Beauty,6,4664.0,9,0
2025-05-12,South India,Beauty,3,1880.2,4,0
2025-05-13,South India,Beauty,2,1973.07,3,0
2025-05-14,South India,Beauty,6,6288.63,10,0
2025-05-15,South India,Beauty,7,6072.7,10,0
2025-05-16,South India,Beauty,2,1998.25,3,0
2025-05-17,South India,Beauty,5,5080.39,9,0
2025-05-18,South India,Beauty,8,12032.78,12,0
2025-05-19,South India,Beauty,3,892.17,5,0
2025-05-20,South India,Beauty,3,2868.75,5,0
2025-05-21,South India,Beauty,4,3291.59,6,0
2025-05-22,South India,Beauty,6,4860.52,9,0
2025-05-23,South India,Beauty,5,5901.86,7,0
2025-05-24,South India,Beauty,7,4994.34,10,0
2025-05-25,South India,Beauty,8,5571.91,14,0
2025-05-26,South India,Beauty,2,1247.61,3,0
2025-05-27,South India,Beauty,1,1374.86,1,0
2025-05-28,South India,Beauty,7,2614.53,11,0
2025-05-29,South India,Beauty,10,8357.31,16,0
2025-05-30,South India,Beauty,8,9041.59,12,0
2025-05-31,South India,Beauty,8,4331.5,11,0
2025-06-01,South India,Beauty,5,4862.92,7,0
2025-06-02,South India,Beauty,6,5126.83,11,0
2025-06-03,South India,Beauty,4,1284.26,6,0
2025-06-04,South India,Beauty,1,695.56,1,0
2025-06-05,South India,Beauty,5,5323.88,9,0
2025-06-06,South India,Beauty,6,5726.71,10,0
2025-06-07,South India,Beauty,4,3811.55,7,0
2025-06-08,South India,Beauty,14,15596.62,19,0
2025-06-09,South India,Beauty,6,5417.93,9,0
2025-06-10,South India,Beauty,4,4123.97,6,0
2025-06-11,South India,Beauty,4,3229.08,7,0
2025-06-13,South India,Beauty,3,505.41,5,0
2025-06-14,South India,Beauty,8,6772.44,11,0
2025-06-15,South India,Beauty,8,7342.62,11,0
2025-06-16,South India,Beauty,9,6198.71,15,0
2025-06-17,South India,Beauty,3,1718.86,4,0
2025-06-18,South India,Beauty,2,1884.53,2,0
2025-06-19,South India,Beauty,6,4296.43,11,0
2025-06-20,South India,Beauty,6,8260.8,9,0
2025-06-21,South India,Beauty,6,7352.18,10,0
2025-06-22,South India,Beauty,3,2471.72,5,0
2025-06-23,South India,Beauty,2,2430.37,3,0
2025-06-24,South India,Beauty,3,2090.32,5,0
2025-06-25,South India,Beauty,3,2809.56,4,0
2025-06-26,South India,Beauty,7,8518.85,12,0
2025-06-27,South India,Beauty,9,6637.68,14,0
2025-06-28,South India,Beauty,8,6591.31,13,0
2025-06-29,South India,Beauty,18,20675.35,26,0
2025-06-30,South India,Beauty,6,3589.77,11,0
2025-07-01,South India,Beauty,1,1292.1,1,0
2025-07-02,South India,Beauty,7,9814.58,10,0
2025-07-03,South India,Beauty,2,2090.98,3,0
2025-07-04,South India,Beauty,4,5506.03,7,0
2025-07-05,South India,Beauty,1,1064.52,1,0
2025-07-06,South India,Beauty,10,6378.82,18,0
2025-07-07,South India,Beauty,3,3057.76,4,0
2025-07-08,South India,Beauty,6,6192.79,10,0
2025-07-09,South India,Beauty,5,5306.33,9,0
2025-07-10,South India,Beauty,6,3683.77,10,0
2025-07-11,South India,Beauty,5,3943.64,8,0
2025-07-12,South India,Beauty,4,4266.25,6,0
2025-07-13,South India,Beauty,5,3110.55,8,0
2025-07-14,South India,Beauty,5,1559.61,7,0
2025-07-15,South India,Beauty,4,5080.75,6,0
2025-07-16,South India,Beauty,7,6742.99,12,0
2025-07-17,South India,Beauty,5,4882.17,9,0
2025-07-18,South India,Beauty,4,2539.74,6,0
2025-07-19,South India,Beauty,7,4110.78,11,0
2025-07-20,South India,Beauty,4,4542.18,7,0
2025-07-21,South India,Beauty,3,4216.37,4,0
2025-07-22,South India,Beauty,5,5895.79,9,0
2025-07-23,South India,Beauty,3,2754.39,4,0
2025-07-24,South India,Beauty,4,4205.25,6,0
2025-07-25,South India,Beauty,3,2029.3,5,0
2025-07-26,South India,Beauty,6,8165.49,10,0
2025-07-27,South India,Beauty,5,3877.96,9,0
2025-07-28,South India,Beauty,7,6030.81,10,0
2025-07-29,South India,Beauty,8,11557.81,12,0
2025-07-30,South India,Beauty,7,5008.63,11,0
2025-07-31,South India,Beauty,6,3114.9,10,0
2025-08-01,South India,Beauty,6,5105.19,9,0
2025-08-02,South India,Beauty,8,8710.63,13,0
2025-08-03,South India,Beauty,7,5303.69,13,0
2025-08-04,South India,Beauty,1,1405.89,1,0
2025-08-05,South India,Beauty,1,1340.54,1,0
2025-08-07,South India,Beauty,3,2823.55,4,0
2025-08-08,South India,Beauty,4,3539.44,5,0
2025-08-09,South India,Beauty,10,10230.31,16,0
2025-08-10,South India,Beauty,7,7050.95,12,0
2025-08-11,South India,Beauty,3,1851.29,4,0
2025-08-12,South India,Beauty,3,2828.89,5,0
2025-08-13,South India,Beauty,3,2867.85,4,0
2025-08-14,South India,Beauty,8,8615.34,14,0
2025-08-15,South India,Beauty,4,4605.47,7,0
2025-08-16,South India,Beauty,8,9300.34,11,0
2025-08-17,South India,Beauty,2,2616.15,3,0
2025-08-18,South India,Beauty,5,3179.53,7,0
2025-08-19,South India,Beauty,7,6484.5,11,0
2025-08-20,South India,Beauty,3,2035.71,4,0
2025-08-21,South India,Beauty,5,3125.67,9,0
2025-08-22,South India,Beauty,4,2432.14,6,0
2025-08-23,South India,Beauty,6,4815.97,11,0
2025-08-24,South India,Beauty,11,8753.16,19,0
2025-08-25,South India,Beauty,3,2707.34,5,0
2025-08-26,South India,Beauty,6,6250.33,11,0
2025-08-27,South India,Beauty,7,8820.11,12,0
2025-08-28,South India,Beauty,6,4378.78,11,0
2025-08-29,South India,Beauty,3,1829.47,4,0
2025-08-30,South India,Beauty,9,6769.57,14,0
2025-08-31,South India,Beauty,8,6187.26,14,0
2025-09-01,South India,Beauty,6,3708.18,8,0
2025-09-02,South India,Beauty,5,4761.44,8,0
2025-09-03,South India,Beauty,3,2208.19,4,0
2025-09-04,South India,Beauty,4,3013.01,7,0
2025-09-05,South India,Beauty,5,4693.84,7,0
2025-09-06,South India,Beauty,9,7986.33,13,0
2025-09-07,South India,Beauty,5,6398.09,7,0
2025-09-08,South India,Beauty,1,939.77,1,0
2025-09-09,South India,Beauty,4,2497.48,6,0
2025-09-10,South India,Beauty,2,1933.21,3,0
2025-09-11,South India,Beauty,5,6592.05,8,0
2025-09-12,South India,Beauty,6,1590.64,8,0
2025-09-13,South India,Beauty,8,7086.29,13,0
2025-09-14,South India,Beauty,16,13023.11,25,0
2025-09-15,South India,Beauty,5,5471.55,7,0
2025-09-16,South India,Beauty,3,2680.52,4,0
2025-09-17,South India,Beauty,3,3302.03,4,0
2025-09-18,South India,Beauty,10,7515.39,14,0
2025-09-19,South India,Beauty,6,5071.67,9,0
2025-09-20,South India,Beauty,3,3276.36,5,0
2025-09-21,South India,Beauty,5,4423.55,8,0
2025-09-22,South India,Beauty,3,2178.24,4,0
2025-09-23,South India,Beauty,4,3297.0,6,0
2025-09-24,South India,Beauty,6,7772.24,8,0
2025-09-25,South India,Beauty,5,4716.21,9,0
2025-09-26,South India,Beauty,3,2813.73,5,0
2025-09-27,South India,Beauty,11,7958.13,18,0
2025-09-28,South India,Beauty,9,6884.97,12,0
2025-09-29,South India,Beauty,7,7360.89,11,0
2025-09-30,South India,Beauty,6,8409.89,9,0
2025-10-01,South India,Beauty,6,5027.16,8,0
2025-10-02,South India,Beauty,9,4450.05,16,0
2025-10-03,South India,Beauty,10,12330.92,16,0
2025-10-04,South India,Beauty,10,11172.89,14,0
2025-10-05,South India,Beauty,15,11031.42,23,0
2025-10-06,South India,Beauty,11,11576.57,19,0
2025-10-07,South India,Beauty,7,4787.16,12,0
2025-10-08,South India,Beauty,6,7932.7,10,0
2025-10-09,South India,Beauty,4,4299.9,6,0
2025-10-10,South India,Beauty,5,2630.19,9,0
2025-10-11,South India,Beauty,11,11733.6,20,0
2025-10-12,South India,Beauty,12,8974.78,22,0
2025-10-13,South India,Beauty,5,6446.19,9,0
2025-10-14,South India,Beauty,7,7077.38,12,0
2025-10-15,South India,Beauty,8,8226.24,13,0
2025-10-16,South India,Beauty,7,9205.09,10,0
2025-10-17,South India,Beauty,7,9042.82,12,0
2025-10-18,South India,Beauty,9,9481.83,15,0
2025-10-19,South India,Beauty,12,8660.51,21,0
2025-10-20,South India,Beauty,14,13570.8,24,0
2025-10-21,South India,Beauty,3,3199.42,4,0
2025-10-22,South India,Beauty,7,8149.68,10,0
2025-10-23,South India,Beauty,6,2017.16,9,0
2025-10-24,South India,Beauty,5,2802.99,7,0
2025-10-25,South India,Beauty,15,11209.11,25,0
2025-10-26,South India,Beauty,9,6402.08,16,0
2025-10-27,South India,Beauty,7,7565.13,12,0
2025-10-28,South India,Beauty,9,11731.8,13,0
2025-10-29,South India,Beauty,9,5539.94,14,0
2025-10-30,South India,Beauty,7,9873.95,10,0
2025-10-31,South India,Beauty,13,12598.09,20,1
2025-11-01,South India,Beauty,6,6077.95,9,0
2025-11-02,South India,Beauty,10,6483.65,18,0
2025-11-03,South India,Beauty,11,11332.29,18,0
2025-11-04,South India,Beauty,4,3291.04,7,0
2025-11-05,South India,Beauty,8,8528.4,14,0
2025-11-06,South India,Beauty,10,8863.87,15,0
2025-11-07,South India,Beauty,5,4704.45,9,0
2025-11-08,South India,Beauty,8,5136.17,13,0
2025-11-09,South India,Beauty,11,12440.33,15,0
2025-11-10,South India,Beauty,10,7340.11,14,0
2025-11-11,South India,Beauty,8,9184.73,12,0
2025-11-12,South India,Beauty,5,3213.49,9,0
2025-11-13,South India,Beauty,8,8373.7,14,0
2025-11-14,South India,Beauty,9,13544.53,13,0
2025-11-15,South India,Beauty,9,3977.45,13,0
2025-11-16,South India,Beauty,10,11686.86,16,0
2025-11-17,South India,Beauty,12,17932.22,19,0
2025-11-18,South India,Beauty,8,4791.16,12,0
2025-11-19,South India,Beauty,7,6970.31,11,0
2025-11-20,South India,Beauty,9,4755.23,13,0
2025-11-21,South India,Beauty,8,5708.19,13,0
2025-11-22,South India,Beauty,6,9455.57,9,0
2025-11-23,South India,Beauty,7,6245.44,12,0
2025-11-24,South India,Beauty,8,4970.46,12,0
2025-11-25,South India,Beauty,8,11543.82,13,0
2025-11-26,South India,Beauty,6,5680.67,8,0
2025-11-27,South India,Beauty,13,12774.75,19,0
2025-11-28,South India,Beauty,10,11209.46,15,0
2025-11-29,South India,Beauty,11,11861.04,18,0
2025-11-30,South India,Beauty,12,5198.43,18,0
2025-12-01,South India,Beauty,2,3487.77,2,0
2025-12-02,South India,Beauty,3,2381.13,4,0
2025-12-03,South India,Beauty,4,3389.32,7,0
2025-12-04,South India,Beauty,7,6719.51,10,0
2025-12-05,South India,Beauty,5,1945.27,8,0
2025-12-06,South India,Beauty,10,14226.94,17,0
2025-12-07,South India,Beauty,1,987.69,1,0
2025-12-08,South India,Beauty,7,4873.64,12,0
2025-12-09,South India,Beauty,3,4508.02,5,0
2025-12-10,South India,Beauty,1,621.88,1,0
2025-12-11,South India,Beauty,8,6909.98,11,0
2025-12-12,South India,Beauty,5,5126.68,7,0
2025-12-13,South India,Beauty,15,11627.12,26,1
2025-12-14,South India,Beauty,11,12378.44,18,0
2025-12-15,South India,Beauty,6,6708.52,9,0
2025-12-16,South India,Beauty,4,6649.2,7,0
2025-12-17,South India,Beauty,3,3162.31,4,0
2025-12-18,South India,Beauty,4,4680.1,5,0
2025-12-19,South India,Beauty,2,1381.08,3,0
2025-12-20,South India,Beauty,9,9472.75,12,0
2025-12-21,South India,Beauty,5,6520.17,8,0
2025-12-22,South India,Beauty,3,3413.06,4,0
2025-12-23,South India,Beauty,6,8741.8,8,0
2025-12-24,South India,Beauty,4,4122.07,7,0
2025-12-25,South India,Beauty,1,827.39,1,0
2025-12-26,South India,Beauty,5,5147.46,7,0
2025-12-27,South India,Beauty,8,7558.84,14,0
2025-12-28,South India,Beauty,15,5405.96,24,0
2025-12-29,South India,Beauty,4,843.7,7,0
2025-12-30,South India,Beauty,5,5112.47,9,0
2025-12-31,South India,Beauty,7,5483.89,11,0
2024-01-01,South India,Sports,2,1899.58,3,0
2024-01-02,South India,Sports,5,7654.31,7,0
2024-01-03,South India,Sports,6,10768.08,8,0
2024-01-04,South India,Sports,2,3643.71,3,0
2024-01-05,South India,Sports,2,3113.04,3,0
2024-01-06,South India,Sports,4,7945.18,5,0
2024-01-07,South India,Sports,8,14653.67,11,0
2024-01-08,South India,Sports,1,1612.62,1,0
2024-01-09,South India,Sports,4,7411.67,5,0
2024-01-10,South India,Sports,1,1590.73,1,0
2024-01-11,South India,Sports,4,6013.68,6,0
2024-01-12,South India,Sports,3,2924.68,5,0
2024-01-13,South India,Sports,8,10174.92,15,0
2024-01-14,South India,Sports,4,6455.08,6,0
2024-01-15,South India,Sports,4,5540.75,7,0
2024-01-16,South India,Sports,2,3041.76,3,0
2024-01-17,South India,Sports,2,2487.3,3,0
2024-01-18,South India,Sports,5,6525.35,7,0
2024-01-19,South India,Sports,1,1855.16,1,0
2024-01-20,South India,Sports,3,5139.88,4,0
2024-01-21,South India,Sports,4,5343.31,7,0
2024-01-22,South India,Sports,4,7731.77,5,0
2024-01-23,South India,Sports,2,3309.98,3,0
2024-01-24,South India,Sports,2,3879.91,3,0
2024-01-25,South India,Sports,4,7108.66,6,0
2024-01-26,South India,Sports,3,5269.06,5,0
2024-01-27,South India,Sports,3,4361.94,5,0
2024-01-28,South India,Sports,4,8536.3,7,0
2024-01-29,South India,Sports,6,8092.5,11,0
2024-01-30,South India,Sports,8,13259.04,11,0
2024-01-31,South India,Sports,5,7861.32,9,0
2024-02-01,South India,Sports,4,6452.1,6,0
2024-02-02,South India,Sports,2,2122.63,3,0
2024-02-03,South India,Sports,2,2968.5,3,0
2024-02-04,South India,Sports,3,6260.28,4,0
2024-02-05,South India,Sports,3,3953.97,4,0
2024-02-06,South India,Sports,2,2049.91,3,0
2024-02-07,South India,Sports,4,6758.45,7,0
2024-02-08,South India,Sports,5,8584.09,7,0
2024-02-09,South India,Sports,4,7536.75,7,0
2024-02-10,South India,Sports,6,6849.0,10,0
2024-02-11,South India,Sports,3,6201.07,4,0
2024-02-12,South India,Sports,7,10821.22,10,0
2024-02-13,South India,Sports,3,5197.62,5,0
2024-02-14,South India,Sports,1,1681.8,1,0
2024-02-15,South India,Sports,3,3760.48,4,0
2024-02-16,South India,Sports,5,9051.41,9,0
2024-02-17,South India,Sports,1,1363.85,1,0
2024-02-18,South India,Sports,11,21295.28,16,0
2024-02-19,South India,Sports,5,9101.34,8,0
2024-02-20,South India,Sports,3,4570.92,4,0
2024-02-21,South India,Sports,4,5207.52,6,0
2024-02-22,South India,Sports,6,10713.29,10,0
2024-02-23,South India,Sports,2,2333.18,2,0
2024-02-24,South India,Sports,11,19158.64,17,0
2024-02-25,South India,Sports,4,5018.0,7,0
2024-02-26,South India,Sports,4,7767.62,6,0
2024-02-27,South India,Sports,4,7477.26,5,0
2024-02-28,South India,Sports,4,7512.33,5,0
2024-02-29,South India,Sports,3,4415.71,4,0
2024-03-01,South India,Sports,8,13955.4,11,0
2024-03-02,South India,Sports,6,7616.63,9,0
2024-03-03,South India,Sports,3,4858.85,5,0
2024-03-04,South India,Sports,6,8097.71,10,0
2024-03-05,South India,Sports,6,10921.85,8,0
2024-03-06,South India,Sports,1,1997.58,1,0
2024-03-07,South India,Sports,2,3104.25,2,0
2024-03-08,South India,Sports,1,1873.99,1,0
2024-03-09,South India,Sports,4,7526.18,6,0
2024-03-10,South India,Sports,10,13198.65,17,0
2024-03-11,South India,Sports,6,6908.26,11,0
2024-03-12,South India,Sports,3,5849.32,5,0
2024-03-13,South India,Sports,2,3242.88,3,0
2024-03-14,South India,Sports,2,3037.19,3,0
2024-03-15,South India,Sports,3,4528.7,5,0
2024-03-16,South India,Sports,6,11475.93,10,0
2024-03-17,South India,Sports,7,13563.93,13,0
2024-03-18,South India,Sports,1,1585.17,1,0
2024-03-19,South India,Sports,2,2002.77,3,0
2024-03-20,South India,Sports,1,1901.26,1,0
2024-03-21,South India,Sports,4,9763.2,6,0
2024-03-22,South India,Sports,1,1222.08,1,0
2024-03-23,South India,Sports,4,7989.67,5,0
2024-03-24,South India,Sports,2,2219.67,3,0
2024-03-25,South India,Sports,2,3199.05,3,0
2024-03-26,South India,Sports,4,4790.08,6,0
2024-03-27,South India,Sports,5,8724.22,7,0
2024-03-28,South India,Sports,7,9658.79,11,0
2024-03-29,South India,Sports,4,6121.0,6,0
2024-03-30,South India,Sports,6,10850.55,8,0
2024-03-31,South India,Sports,10,15158.98,17,0
2024-04-02,South India,Sports,5,9338.68,8,0
2024-04-03,South India,Sports,3,5041.95,5,0
2024-04-04,South India,Sports,5,8818.84,9,0
2024-04-05,South India,Sports,3,5841.49,4,0
2024-04-06,South India,Sports,5,8837.45,9,0
2024-04-07,South India,Sports,1,2123.71,1,0
2024-04-08,South India,Sports,3,5854.7,4,0
2024-04-09,South India,Sports,3,4582.72,4,0
2024-04-10,South India,Sports,2,3051.33,3,0
2024-04-11,South India,Sports,2,4412.32,3,0
2024-04-12,South India,Sports,7,11536.42,10,0
2024-04-13,South India,Sports,5,5596.49,8,0
2024-04-14,South India,Sports,3,2865.47,4,0
2024-04-15,South India,Sports,2,2988.23,2,0
2024-04-16,South India,Sports,4,6183.18,7,0
2024-04-17,South India,Sports,4,6119.6,6,0
2024-04-18,South India,Sports,2,2584.6,3,0
2024-04-19,South India,Sports,2,2412.53,2,0
2024-04-20,South India,Sports,5,5902.35,7,0
2024-04-21,South India,Sports,6,6203.59,9,0
2024-04-22,South India,Sports,4,3058.71,6,0
2024-04-24,South India,Sports,6,9926.3,8,0
2024-04-25,South India,Sports,3,6700.18,5,0
2024-04-26,South India,Sports,4,5297.78,6,0
2024-04-27,South India,Sports,7,11067.85,13,0
2024-04-28,South India,Sports,4,6005.22,6,0
2024-04-29,South India,Sports,5,8903.75,7,0
2024-04-30,South India,Sports,3,5516.44,4,0
2024-05-01,South India,Sports,3,5712.59,4,0
2024-05-02,South India,Sports,2,3147.09,3,0
2024-05-03,South India,Sports,4,6556.88,5,0
2024-05-04,South India,Sports,2,2826.07,3,0
2024-05-05,South India,Sports,7,10690.17,10,0
2024-05-06,South India,Sports,8,10162.75,13,0
2024-05-07,South India,Sports,3,4945.14,5,0
2024-05-08,South India,Sports,2,3232.67,3,0
2024-05-09,South India,Sports,5,7542.64,8,0
2024-05-10,South India,Sports,2,3410.17,3,0
2024-05-11,South India,Sports,3,5673.77,4,0
2024-05-12,South India,Sports,6,7737.28,11,0
2024-05-13,South India,Sports,1,1455.95,1,0
2024-05-14,South India,Sports,3,4651.67,4,0
2024-05-15,South India,Sports,3,4729.65,4,0
2024-05-16,South India,Sports,1,1768.13,1,0
2024-05-17,South India,Sports,3,5911.58,4,0
2024-05-18,South India,Sports,4,8040.55,5,0
2024-05-19,South India,Sports,9,19050.31,13,0
2024-05-20,South India,Sports,2,3207.71,3,0
2024-05-21,South India,Sports,2,3655.43,3,0
2024-05-22,South India,Sports,1,1771.82,1,0
2024-05-23,South India,Sports,2,4222.92,3,0
2024-05-24,South India,Sports,2,3922.44,3,0
2024-05-25,South India,Sports,4,7851.32,6,0
2024-05-26,South India,Sports,4,8239.56,6,0
2024-05-27,South India,Sports,1,1338.52,1,0
2024-05-28,South India,Sports,3,3731.37,5,0
2024-05-29,South India,Sports,5,8181.91,7,0
2024-05-30,South India,Sports,4,4814.5,5,0
2024-05-31,South India,Sports,8,11406.47,13,0
2024-06-01,South India,Sports,7,9324.71,12,0
2024-06-02,South India,Sports,10,16288.07,16,0
2024-06-03,South India,Sports,3,5281.61,5,0
2024-06-04,South India,Sports,1,1975.49,1,0
2024-06-05,South India,Sports,3,4187.13,5,0
2024-06-07,South India,Sports,3,4709.55,5,0
2024-06-08,South India,Sports,12,16024.91,21,1
2024-06-09,South India,Sports,1,1498.69,1,0
2024-06-10,South India,Sports,2,2803.21,2,0
2024-06-11,South India,Sports,5,8073.73,7,0
2024-06-12,South India,Sports,1,1610.02,1,0
2024-06-13,South India,Sports,8,15129.53,14,0
2024-06-14,South India,Sports,3,4134.49,4,0
2024-06-15,South India,Sports,2,3057.2,3,0
2024-06-16,South India,Sports,7,12763.3,10,0
2024-06-17,South India,Sports,6,10121.07,8,0
2024-06-18,South India,Sports,2,2838.52,3,0
2024-06-19,South India,Sports,1,1469.95,1,0
2024-06-20,South India,Sports,1,1350.18,1,0
2024-06-21,South India,Sports,5,7521.52,8,0
2024-06-22,South India,Sports,3,4314.27,5,0
2024-06-23,South India,Sports,4,6941.57,5,0
2024-06-24,South India,Sports,4,6267.87,7,0
2024-06-25,South India,Sports,3,5356.84,5,0
2024-06-26,South India,Sports,3,4532.99,5,0
2024-06-27,South India,Sports,4,5194.81,7,0
2024-06-28,South India,Sports,3,3958.82,4,0
2024-06-29,South India,Sports,12,16809.04,17,0
2024-06-30,South India,Sports,8,9755.47,14,0
2024-07-01,South India,Sports,4,5637.64,7,0
2024-07-02,South India,Sports,3,5375.84,5,0
2024-07-03,South India,Sports,4,9809.58,6,0
2024-07-04,South India,Sports,4,6914.82,6,0
2024-07-05,South India,Sports,2,2973.33,2,0
2024-07-06,South India,Sports,6,4758.42,9,0
2024-07-07,South India,Sports,4,4859.27,5,0
2024-07-08,South India,Sports,2,3420.87,3,0
2024-07-09,South India,Sports,5,10527.5,9,0
2024-07-10,South India,Sports,5,8554.43,8,0
2024-07-11,South India,Sports,3,4741.53,4,0
2024-07-12,South India,Sports,4,5328.83,6,0
2024-07-13,South India,Sports,4,5615.25,6,0
2024-07-14,South India,Sports,4,5344.86,6,0
2024-07-16,South India,Sports,4,5502.2,6,0
2024-07-17,South India,Sports,3,4850.09,4,0
2024-07-18,South India,Sports,5,8567.12,8,0
2024-07-19,South India,Sports,2,3334.33,3,0
2024-07-20,South India,Sports,5,8976.2,8,0
2024-07-21,South India,Sports,6,10983.07,10,0
2024-07-22,South India,Sports,3,6870.17,4,0
2024-07-24,South India,Sports,4,4787.2,5,0
2024-07-25,South India,Sports,2,2773.8,3,0
2024-07-26,South India,Sports,5,6361.75,8,0
2024-07-27,South India,Sports,4,5929.81,7,0
2024-07-28,South India,Sports,12,17548.22,22,0
2024-07-29,South India,Sports,3,4093.73,5,0
2024-07-30,South India,Sports,2,3526.1,3,0
2024-07-31,South India,Sports,3,7101.31,5,0
2024-08-01,South India,Sports,3,4992.77,4,0
2024-08-02,South India,Sports,3,5883.22,4,0
2024-08-03,South India,Sports,6,11119.28,10,0
2024-08-04,South India,Sports,8,13990.9,13,0
2024-08-05,South India,Sports,4,5598.24,6,0
2024-08-06,South India,Sports,4,5698.32,7,0
2024-08-07,South India,Sports,4,7011.46,5,0
2024-08-08,South India,Sports,5,5957.81,8,0
2024-08-09,South India,Sports,5,6362.08,7,0
2024-08-10,South India,Sports,4,6385.82,6,0
2024-08-11,South India,Sports,8,10944.74,12,0
2024-08-12,South India,Sports,2,3405.33,3,0
2024-08-13,South India,Sports,3,4904.59,5,0
2024-08-14,South India,Sports,5,11864.84,7,0
2024-08-15,South India,Sports,4,8484.3,6,0
2024-08-16,South India,Sports,3,5781.2,4,0
2024-08-17,South India,Sports,3,4567.97,4,0
2024-08-18,South India,Sports,6,10083.11,9,0
2024-08-19,South India,Sports,3,4682.37,5,0
2024-08-20,South India,Sports,3,3029.75,4,0
2024-08-21,South India,Sports,2,3082.93,2,0
2024-08-22,South India,Sports,5,3841.95,7,0
2024-08-23,South India,Sports,2,2982.17,3,0
2024-08-24,South India,Sports,9,13655.97,16,0
2024-08-25,South India,Sports,6,9840.81,9,0
2024-08-26,South India,Sports,3,3687.57,5,0
2024-08-28,South India,Sports,4,7045.49,6,0
2024-08-29,South India,Sports,3,4820.0,5,0
2024-08-30,South India,Sports,7,8333.99,13,0
2024-08-31,South India,Sports,6,14380.1,10,0
2024-09-01,South India,Sports,5,6814.14,8,0
2024-09-02,South India,Sports,3,6177.85,5,0
2024-09-03,South India,Sports,2,2629.4,3,0
2024-09-04,South India,Sports,5,8243.74,9,0
2024-09-05,South India,Sports,6,10657.84,9,0
2024-09-06,South India,Sports,5,5418.43,8,0
2024-09-07,South India,Sports,5,6084.02,8,0
2024-09-08,South India,Sports,6,6967.58,8,0
2024-09-09,South India,Sports,3,4482.39,4,0
2024-09-10,South India,Sports,2,2355.78,3,0
2024-09-11,South India,Sports,3,4526.88,5,0
2024-09-12,South India,Sports,4,5147.42,5,0
2024-09-13,South India,Sports,2,2296.02,3,0
2024-09-14,South India,Sports,8,14230.78,14,0
2024-09-15,South India,Sports,4,5168.85,5,0
2024-09-16,South India,Sports,1,2193.31,1,0
2024-09-17,South India,Sports,5,8856.22,7,0
2024-09-18,South India,Sports,6,6858.21,9,0
2024-09-19,South India,Sports,3,4273.29,4,0
2024-09-20,South India,Sports,7,13375.6,11,0
2024-09-21,South India,Sports,8,12591.1,14,0
2024-09-22,South India,Sports,3,5898.0,4,0
2024-09-23,South India,Sports,2,4327.29,3,0
2024-09-24,South India,Sports,3,5920.48,5,0
2024-09-25,South India,Sports,3,5568.9,5,0
2024-09-26,South India,Sports,2,3088.45,3,0
2024-09-27,South India,Sports,5,9847.06,7,0
2024-09-28,South India,Sports,6,9231.88,8,0
2024-09-29,South India,Sports,10,14182.23,14,0
2024-09-30,South India,Sports,8,17915.18,13,0
2024-10-01,South India,Sports,10,14439.71,15,0
2024-10-02,South India,Sports,5,7828.23,7,0
2024-10-03,South India,Sports,8,13089.74,14,0
2024-10-04,South India,Sports,5,7610.61,7,0
2024-10-05,South India,Sports,11,15130.75,17,0
2024-10-06,South India,Sports,9,14312.24,16,0
2024-10-07,South India,Sports,2,3922.49,2,0
2024-10-08,South India,Sports,4,5562.65,6,0
2024-10-09,South India,Sports,4,5897.68,6,0
2024-10-10,South India,Sports,10,12862.72,15,0
2024-10-11,South India,Sports,6,8948.66,9,0
2024-10-12,South India,Sports,10,10934.48,18,0
2024-10-13,South India,Sports,9,13570.56,15,0
2024-10-14,South India,Sports,6,7964.03,10,0
2024-10-15,South India,Sports,10,12816.7,16,0
2024-10-16,South India,Sports,2,3145.75,2,0
2024-10-17,South India,Sports,6,8076.29,10,0
2024-10-18,South India,Sports,4,5023.25,6,0
2024-10-19,South India,Sports,9,13977.84,12,0
2024-10-20,South India,Sports,14,26768.4,20,1
2024-10-21,South India,Sports,8,10629.02,12,0
2024-10-22,South India,Sports,3,3532.14,4,0
2024-10-23,South India,Sports,5,7607.3,7,0
2024-10-24,South India,Sports,4,7370.86,5,0
2024-10-25,South India,Sports,4,3566.13,7,0
2024-10-26,South India,Sports,12,22868.17,20,1
2024-10-27,South India,Sports,5,9918.65,8,0
2024-10-28,South India,Sports,13,12256.52,20,1
2024-10-29,South India,Sports,6,9093.49,8,0
2024-10-30,South India,Sports,5,8562.9,7,0
2024-10-31,South India,Sports,9,9744.93,15,0
2024-11-01,South India,Sports,4,5358.65,7,0
2024-11-02,South India,Sports,6,8630.04,11,0
2024-11-03,South India,Sports,9,17305.0,16,0
2024-11-04,South India,Sports,6,11495.4,10,0
2024-11-05,South India,Sports,2,4519.61,3,0
2024-11-06,South India,Sports,3,6365.4,5,0
2024-11-07,South India,Sports,3,4125.16,4,0
2024-11-08,South India,Sports,6,9372.98,11,0
2024-11-09,South India,Sports,12,15656.36,18,0
2024-11-10,South India,Sports,8,17301.11,12,0
2024-11-11,South India,Sports,5,9228.53,7,0
2024-11-12,South India,Sports,8,16579.24,14,0
2024-11-13,South India,Sports,4,7860.19,7,0
2024-11-14,South India,Sports,1,1471.24,1,0
2024-11-15,South India,Sports,3,4710.26,5,0
2024-11-16,South India,Sports,8,7473.84,13,0
2024-11-17,South India,Sports,10,21671.11,15,0
2024-11-18,South India,Sports,4,7114.65,6,0
2024-11-19,South India,Sports,5,2560.0,7,0
2024-11-20,South India,Sports,4,4698.38,6,0
2024-11-21,South India,Sports,4,8139.48,7,0
2024-11-22,South India,Sports,4,5883.84,6,0
2024-11-23,South India,Sports,7,11804.95,9,0
2024-11-24,South India,Sports,11,19082.28,16,0
2024-11-25,South India,Sports,1,1407.57,1,0
2024-11-26,South India,Sports,5,9230.6,7,0
2024-11-27,South India,Sports,5,8232.37,8,0
2024-11-28,South India,Sports,9,10865.3,15,0
2024-11-29,South India,Sports,9,18659.49,16,0
2024-11-30,South India,Sports,13,22355.34,23,0
2024-12-01,South India,Sports,10,12673.52,16,0
2024-12-02,South India,Sports,5,7407.19,8,0
2024-12-03,South India,Sports,2,3237.83,3,0
2024-12-04,South India,Sports,5,10021.96,9,0
2024-12-05,South India,Sports,3,4575.76,4,0
2024-12-06,South India,Sports,3,4401.16,4,0
2024-12-07,South India,Sports,5,8264.81,7,0
2024-12-08,South India,Sports,3,5759.29,5,0
2024-12-09,South India,Sports,4,6227.14,7,0
2024-12-10,South India,Sports,4,7661.34,5,0
2024-12-11,South India,Sports,10,17659.14,17,0
2024-12-12,South India,Sports,7,15260.09,9,0
2024-12-13,South India,Sports,3,6097.78,5,0
2024-12-14,South India,Sports,4,6496.31,6,0
2024-12-15,South India,Sports,8,15525.84,14,0
2024-12-16,South India,Sports,2,2881.3,3,0
2024-12-17,South India,Sports,2,2741.59,3,0
2024-12-18,South India,Sports,4,4719.52,6,0
2024-12-19,South India,Sports,2,2676.95,3,0
2024-12-20,South India,Sports,3,2939.72,4,0
2024-12-21,South India,Sports,5,9465.11,8,0
2024-12-22,South India,Sports,6,9229.25,9,0
2024-12-23,South India,Sports,2,2922.88,2,0
2024-12-24,South India,Sports,7,14908.92,11,0
2024-12-25,South India,Sports,2,2272.75,3,0
2024-12-26,South India,Sports,2,2415.03,3,0
2024-12-27,South India,Sports,2,3562.05,3,0
2024-12-28,South India,Sports,5,7360.75,8,0
2024-12-29,South India,Sports,6,8688.38,8,0
2024-12-30,South India,Sports,6,13301.05,9,0
2024-12-31,South India,Sports,3,6096.32,5,0
2025-01-01,South India,Sports,1,1715.85,1,0
2025-01-02,South India,Sports,3,4881.73,5,0
2025-01-03,South India,Sports,3,3882.27,5,0
2025-01-04,South India,Sports,5,7927.81,9,0
2025-01-05,South India,Sports,1,1604.56,1,0
2025-01-06,South India,Sports,4,5539.26,6,0
2025-01-07,South India,Sports,3,4789.91,4,0
2025-01-08,South India,Sports,4,6548.69,6,0
2025-01-09,South India,Sports,3,5760.78,4,0
2025-01-10,South India,Sports,7,10764.76,11,0
2025-01-11,South India,Sports,8,12232.32,11,0
2025-01-12,South India,Sports,9,14213.25,13,0
2025-01-13,South India,Sports,1,1927.78,1,0
2025-01-14,South India,Sports,4,5516.58,7,0
2025-01-15,South India,Sports,3,4665.56,4,0
2025-01-16,South India,Sports,3,4823.88,4,0
2025-01-17,South India,Sports,3,6755.62,4,0
2025-01-18,South India,Sports,3,5842.9,4,0
2025-01-19,South India,Sports,6,10060.01,10,0
2025-01-20,South India,Sports,5,6992.88,9,0
2025-01-21,South India,Sports,4,6043.42,7,0
2025-01-22,South India,Sports,4,7325.93,7,0
2025-01-23,South India,Sports,7,10119.77,9,0
2025-01-24,South India,Sports,3,5122.16,5,0
2025-01-25,South India,Sports,6,9504.93,10,0
2025-01-26,South India,Sports,8,11748.33,11,0
2025-01-27,South India,Sports,6,10326.0,10,0
2025-01-28,South India,Sports,7,7647.66,10,0
2025-01-29,South India,Sports,7,12075.32,10,0
2025-01-30,South India,Sports,3,4640.75,5,0
2025-01-31,South India,Sports,5,10207.61,8,0
2025-02-01,South India,Sports,5,9588.34,8,0
2025-02-02,South India,Sports,1,1853.73,1,0
2025-02-03,South India,Sports,3,5220.08,4,0
2025-02-04,South India,Sports,5,8099.41,7,0
2025-02-05,South India,Sports,4,6710.85,6,0
2025-02-06,South India,Sports,4,7362.5,6,0
2025-02-07,South India,Sports,5,9240.98,9,0
2025-02-08,South India,Sports,8,11734.97,13,0
2025-02-09,South India,Sports,7,13066.63,10,0
2025-02-10,South India,Sports,4,5144.38,5,0
2025-02-11,South India,Sports,2,1745.9,3,0
2025-02-12,South India,Sports,5,9328.69,7,0
2025-02-13,South India,Sports,3,3992.48,5,0
2025-02-15,South India,Sports,4,7737.5,6,0
2025-02-16,South India,Sports,4,6338.58,5,0
2025-02-17,South India,Sports,3,5553.53,4,0
2025-02-18,South India,Sports,3,4846.2,5,0
2025-02-19,South India,Sports,4,5685.14,6,0
2025-02-20,South India,Sports,5,7824.11,9,0
2025-02-21,South India,Sports,5,7967.54,9,0
2025-02-22,South India,Sports,2,2639.48,3,0
2025-02-23,South India,Sports,5,7275.41,7,0
2025-02-24,South India,Sports,2,2827.09,3,0
2025-02-25,South India,Sports,7,12852.32,11,0
2025-02-26,South India,Sports,4,5369.78,5,0
2025-02-27,South India,Sports,3,3973.32,4,0
2025-02-28,South India,Sports,8,14260.52,14,0
2025-03-01,South India,Sports,12,18534.31,18,0
2025-03-02,South India,Sports,5,8577.11,7,0
2025-03-03,South India,Sports,1,1343.29,1,0
2025-03-04,South India,Sports,8,11863.61,12,0
2025-03-05,South India,Sports,1,1452.93,1,0
2025-03-06,South India,Sports,7,13163.51,12,0
2025-03-07,South India,Sports,7,10645.87,11,0
2025-03-08,South India,Sports,1,1756.9,1,0
2025-03-09,South India,Sports,5,8573.08,7,0
2025-03-10,South India,Sports,3,3988.31,4,0
2025-03-11,South India,Sports,2,3854.15,3,0
2025-03-12,South India,Sports,3,4193.88,4,0
2025-03-13,South India,Sports,5,8043.28,7,0
2025-03-14,South India,Sports,5,9795.54,7,0
2025-03-15,South India,Sports,4,7489.88,5,0
2025-03-16,South India,Sports,2,3109.38,3,0
2025-03-17,South India,Sports,6,10984.28,10,0
2025-03-18,South India,Sports,1,1802.96,1,0
2025-03-19,South India,Sports,3,4512.78,4,0
2025-03-20,South India,Sports,4,4293.95,6,0
2025-03-21,South India,Sports,3,4137.61,4,0
2025-03-22,South India,Sports,9,15423.46,13,0
2025-03-23,South India,Sports,6,9092.89,10,0
2025-03-24,South India,Sports,2,2500.21,3,0
2025-03-25,South India,Sports,1,1425.68,1,0
2025-03-26,South India,Sports,4,4202.15,5,0
2025-03-27,South India,Sports,3,4782.05,4,0
2025-03-28,South India,Sports,4,6494.8,6,0
2025-03-29,South India,Sports,8,11535.85,11,0
2025-03-30,South India,Sports,9,16019.47,15,0
2025-03-31,South India,Sports,6,9171.91,10,0
2025-04-01,South India,Sports,4,6638.05,6,0
2025-04-02,South India,Sports,4,8210.39,6,0
2025-04-03,South India,Sports,2,3361.25,3,0
2025-04-04,South India,Sports,3,4384.53,4,0
2025-04-05,South India,Sports,8,12998.74,12,0
2025-04-06,South India,Sports,9,14109.62,16,0
2025-04-07,South India,Sports,3,5696.94,5,0
2025-04-08,South India,Sports,3,5711.76,5,0
2025-04-09,South India,Sports,2,4376.7,3,0
2025-04-10,South India,Sports,5,9043.64,8,0
2025-04-11,South India,Sports,8,12427.18,14,0
2025-04-12,South India,Sports,5,8365.67,9,0
2025-04-13,South India,Sports,10,14915.48,18,1
2025-04-14,South India,Sports,7,13665.73,11,0
2025-04-15,South India,Sports,5,6449.32,8,0
2025-04-16,South India,Sports,6,6645.57,9,0
2025-04-17,South India,Sports,2,3027.71,3,0
2025-04-18,South India,Sports,8,10637.31,13,0
2025-04-19,South India,Sports,7,11384.45,10,0
2025-04-20,South India,Sports,10,18164.9,14,0
2025-04-21,South India,Sports,1,1560.07,1,0
2025-04-22,South India,Sports,5,9440.08,7,0
2025-04-23,South India,Sports,2,3397.59,3,0
2025-04-24,South India,Sports,3,4335.92,4,0
2025-04-25,South India,Sports,3,2724.05,4,0
2025-04-26,South India,Sports,6,8604.81,9,0
2025-04-27,South India,Sports,5,8222.69,7,0
2025-04-28,South India,Sports,7,12191.26,10,0
2025-04-29,South India,Sports,4,8183.3,6,0
2025-04-30,South India,Sports,6,9323.01,10,0
2025-05-01,South India,Sports,1,1735.82,1,0
2025-05-02,South India,Sports,2,4164.87,3,0
2025-05-03,South India,Sports,1,1310.67,1,0
2025-05-04,South India,Sports,7,11182.91,10,0
2025-05-05,South India,Sports,5,9014.6,7,0
2025-05-06,South India,Sports,4,8738.36,6,0
2025-05-07,South India,Sports,5,7514.1,8,0
2025-05-08,South India,Sports,4,8797.54,5,0
2025-05-09,South India,Sports,5,7966.84,9,0
2025-05-10,South India,Sports,6,8461.24,8,0
2025-05-11,South India,Sports,7,6562.19,10,0
2025-05-12,South India,Sports,5,7488.73,8,0
2025-05-13,South India,Sports,2,3527.97,3,0
2025-05-15,South India,Sports,4,6523.74,7,0
2025-05-16,South India,Sports,2,2761.92,3,0
2025-05-17,South India,Sports,5,13519.71,9,0
2025-05-18,South India,Sports,5,8778.94,9,0
2025-05-20,South India,Sports,5,6691.96,9,0
2025-05-21,South India,Sports,4,7132.65,5,0
2025-05-22,South India,Sports,2,3402.35,3,0
2025-05-23,South India,Sports,9,15079.89,14,0
2025-05-24,South India,Sports,2,3718.97,3,0
2025-05-25,South India,Sports,7,12034.39,10,0
2025-05-26,South India,Sports,4,3702.97,6,0
2025-05-27,South India,Sports,4,6777.46,6,0
2025-05-28,South India,Sports,3,4447.01,5,0
2025-05-29,South India,Sports,5,6986.28,7,0
2025-05-30,South India,Sports,6,9574.44,10,0
2025-05-31,South India,Sports,7,14690.19,11,0
2025-06-01,South India,Sports,7,11906.67,12,0
2025-06-02,South India,Sports,3,6567.02,5,0
2025-06-03,South India,Sports,5,9057.32,9,0
2025-06-04,South India,Sports,3,4518.37,4,0
2025-06-05,South India,Sports,2,2945.44,3,0
2025-06-06,South India,Sports,3,4611.07,4,0
2025-06-07,South India,Sports,6,11944.75,10,0
2025-06-08,South India,Sports,7,11942.78,10,0
2025-06-09,South India,Sports,4,5945.93,7,0
2025-06-10,South India,Sports,4,4742.0,6,0
2025-06-11,South India,Sports,3,5115.27,4,0
2025-06-12,South India,Sports,1,768.5,1,0
2025-06-13,South India,Sports,4,6702.06,6,0
2025-06-14,South India,Sports,7,9178.05,11,0
2025-06-15,South India,Sports,8,12685.5,14,0
2025-06-16,South India,Sports,2,3594.79,2,0
2025-06-17,South India,Sports,3,4925.83,4,0
2025-06-18,South India,Sports,2,2730.11,3,0
2025-06-19,South India,Sports,4,9470.21,6,0
2025-06-20,South India,Sports,3,4728.87,5,0
2025-06-21,South India,Sports,2,2553.84,3,0
2025-06-22,South India,Sports,8,11175.74,11,0
2025-06-23,South India,Sports,8,16690.94,11,0
2025-06-24,South India,Sports,4,6165.61,7,0
2025-06-25,South India,Sports,7,10715.13,10,0
2025-06-26,South India,Sports,5,5684.72,9,0
2025-06-27,South India,Sports,4,5699.78,6,0
2025-06-28,South India,Sports,10,14827.71,17,0
2025-06-29,South India,Sports,8,12439.23,11,0
2025-06-30,South India,Sports,6,8296.86,8,0
2025-07-01,South India,Sports,2,3801.29,3,0
2025-07-02,South India,Sports,4,6799.48,7,0
2025-07-03,South India,Sports,10,11151.16,18,0
2025-07-04,South India,Sports,3,4812.91,4,0
2025-07-05,South India,Sports,9,12228.86,15,0
2025-07-06,South India,Sports,4,6371.26,6,0
2025-07-07,South India,Sports,7,13988.12,12,0
2025-07-08,South India,Sports,7,11802.27,10,0
2025-07-09,South India,Sports,1,1821.4,1,0
2025-07-10,South India,Sports,4,4166.6,5,0
2025-07-11,South India,Sports,6,11709.64,9,0
2025-07-12,South India,Sports,5,6437.11,8,0
2025-07-13,South India,Sports,7,12319.41,11,0
2025-07-14,South India,Sports,4,4628.84,6,0
2025-07-15,South India,Sports,4,5445.25,7,0
2025-07-16,South India,Sports,3,3679.3,5,0
2025-07-17,South India,Sports,3,5982.13,4,0
2025-07-18,South India,Sports,9,16186.76,16,0
2025-07-19,South India,Sports,8,13172.35,14,0
2025-07-20,South India,Sports,8,11788.77,12,0
2025-07-21,South India,Sports,1,1312.61,1,0
2025-07-22,South India,Sports,4,4610.28,6,0
2025-07-23,South India,Sports,6,9693.32,10,0
2025-07-24,South India,Sports,8,14999.41,11,0
2025-07-25,South India,Sports,2,3630.41,3,0
2025-07-26,South India,Sports,2,2971.01,3,0
2025-07-27,South India,Sports,6,10754.35,10,0
2025-07-28,South India,Sports,3,4924.17,5,0
2025-07-29,South India,Sports,2,3824.98,3,0
2025-07-30,South India,Sports,4,6974.35,6,0
2025-07-31,South India,Sports,5,7768.83,8,0
2025-08-01,South India,Sports,3,5823.96,4,0
2025-08-02,South India,Sports,5,7188.55,8,0
2025-08-03,South India,Sports,5,10585.09,7,0
2025-08-05,South India,Sports,2,2766.1,2,0
2025-08-06,South India,Sports,5,6741.8,8,0
2025-08-07,South India,Sports,10,14186.87,14,0
2025-08-08,South India,Sports,6,7162.38,9,0
2025-08-09,South India,Sports,11,16591.12,17,0
2025-08-10,South India,Sports,10,13301.62,16,0
2025-08-11,South India,Sports,2,2991.94,3,0
2025-08-12,South India,Sports,5,7816.99,8,0
2025-08-13,South India,Sports,5,8890.08,9,0
2025-08-14,South India,Sports,6,8804.81,9,0
2025-08-15,South India,Sports,5,8364.65,7,0
2025-08-16,South India,Sports,4,6440.53,6,0
2025-08-17,South India,Sports,5,11060.74,7,0
2025-08-18,South India,Sports,6,8009.9,10,0
2025-08-19,South India,Sports,4,5516.39,6,0
2025-08-20,South India,Sports,4,8324.65,7,0
2025-08-21,South India,Sports,2,2412.71,3,0
2025-08-22,South India,Sports,2,4092.23,3,0
2025-08-23,South India,Sports,5,11639.1,8,0
2025-08-24,South India,Sports,6,8692.48,10,0
2025-08-25,South India,Sports,3,6169.11,4,0
2025-08-26,South India,Sports,3,6227.75,4,0
2025-08-27,South India,Sports,6,9386.83,8,0
2025-08-28,South India,Sports,7,15285.6,12,0
2025-08-29,South India,Sports,5,8614.1,8,0
2025-08-30,South India,Sports,8,12758.76,15,0
2025-08-31,South India,Sports,4,6249.27,5,0
2025-09-01,South India,Sports,1,1920.35,1,0
2025-09-02,South India,Sports,4,6196.24,5,0
2025-09-03,South India,Sports,4,4699.07,7,0
2025-09-04,South India,Sports,1,1180.52,1,0
2025-09-05,South India,Sports,5,12905.17,8,0
2025-09-06,South India,Sports,3,5570.12,4,0
2025-09-07,South India,Sports,5,7273.38,8,0
2025-09-08,South India,Sports,2,3028.5,3,0
2025-09-09,South India,Sports,2,3463.19,2,0
2025-09-10,South India,Sports,4,6913.99,5,0
2025-09-11,South India,Sports,7,10057.31,9,0
2025-09-12,South India,Sports,3,4905.59,4,0
2025-09-13,South India,Sports,8,9831.9,13,0
2025-09-14,South India,Sports,9,22318.93,15,0
2025-09-15,South India,Sports,4,7053.71,5,0
2025-09-16,South India,Sports,4,5463.05,6,0
2025-09-17,South India,Sports,3,3996.83,5,0
2025-09-18,South India,Sports,3,5689.31,5,0
2025-09-19,South India,Sports,7,13224.33,12,0
2025-09-20,South India,Sports,4,7936.87,6,0
2025-09-21,South India,Sports,9,15825.25,13,0
2025-09-22,South India,Sports,2,2556.44,3,0
2025-09-23,South India,Sports,4,7885.9,5,0
2025-09-24,South India,Sports,3,4561.44,5,0
2025-09-25,South India,Sports,2,3210.02,3,0
2025-09-26,South India,Sports,1,1209.73,1,0
2025-09-27,South India,Sports,7,15831.49,11,0
2025-09-28,South India,Sports,6,9976.01,11,0
2025-09-29,South India,Sports,8,10349.7,14,0
2025-09-30,South India,Sports,9,15322.04,13,0
2025-10-01,South India,Sports,8,12929.53,13,0
2025-10-02,South India,Sports,6,9981.76,9,0
2025-10-03,South India,Sports,8,17806.0,11,0
2025-10-04,South India,Sports,7,11214.18,10,0
2025-10-05,South India,Sports,20,31777.25,31,1
2025-10-06,South India,Sports,4,6725.21,6,0
2025-10-07,South India,Sports,6,8512.76,11,0
2025-10-08,South India,Sports,8,10856.21,13,0
2025-10-09,South India,Sports,5,4958.68,8,0
2025-10-10,South India,Sports,3,6132.72,5,0
2025-10-11,South India,Sports,9,14574.47,16,0
2025-10-12,South India,Sports,12,16716.65,21,0
2025-10-13,South India,Sports,9,13093.37,14,0
2025-10-14,South India,Sports,9,10295.64,14,0
2025-10-15,South India,Sports,8,13385.49,12,0
2025-10-16,South India,Sports,6,13806.79,8,0
2025-10-17,South India,Sports,9,15765.48,12,0
2025-10-18,South India,Sports,5,8670.49,8,0
2025-10-19,South India,Sports,7,11038.29,10,0
2025-10-20,South India,Sports,4,5251.24,7,0
2025-10-21,South India,Sports,7,12231.99,9,0
2025-10-22,South India,Sports,6,8673.46,8,0
2025-10-23,South India,Sports,9,13359.76,14,0
2025-10-24,South India,Sports,9,17506.83,15,0
2025-10-25,South India,Sports,14,21838.1,25,1
2025-10-26,South India,Sports,11,12593.27,16,0
2025-10-27,South India,Sports,7,11525.04,11,0
2025-10-28,South India,Sports,10,12793.55,14,0
2025-10-29,South India,Sports,7,11216.12,13,0
2025-10-30,South India,Sports,7,10596.7,12,0
2025-10-31,South India,Sports,6,6694.41,10,0
2025-11-01,South India,Sports,4,6746.03,6,0
2025-11-02,South India,Sports,6,11432.87,9,0
2025-11-03,South India,Sports,6,14926.04,10,0
2025-11-04,South India,Sports,7,11663.41,10,0
2025-11-05,South India,Sports,9,12374.15,14,0
2025-11-06,South India,Sports,9,11613.71,16,0
2025-11-07,South India,Sports,8,13305.2,13,0
2025-11-08,South India,Sports,10,20407.86,15,0
2025-11-09,South India,Sports,6,9286.82,9,0
2025-11-10,South India,Sports,7,9582.11,11,0
2025-11-11,South India,Sports,7,9806.58,10,0
2025-11-12,South India,Sports,7,10726.63,11,0
2025-11-13,South India,Sports,1,2040.51,1,0
2025-11-14,South India,Sports,9,17159.17,13,0
2025-11-15,South India,Sports,8,14417.86,11,0
2025-11-16,South India,Sports,8,14230.62,13,0
2025-11-17,South India,Sports,7,12006.15,11,0
2025-11-18,South India,Sports,6,11328.37,11,0
2025-11-19,South India,Sports,4,7786.9,6,0
2025-11-20,South India,Sports,8,14219.25,14,0
2025-11-21,South India,Sports,3,3830.79,5,0
2025-11-22,South India,Sports,6,8467.28,8,0
2025-11-23,South India,Sports,6,10165.56,10,0
2025-11-24,South India,Sports,8,12331.94,12,0
2025-11-25,South India,Sports,10,23352.28,15,0
2025-11-26,South India,Sports,6,9189.6,11,0
2025-11-27,South India,Sports,4,6994.62,6,0
2025-11-28,South India,Sports,4,7068.22,5,0
2025-11-29,South India,Sports,14,26747.82,21,1
2025-11-30,South India,Sports,11,19875.81,15,0
2025-12-01,South India,Sports,5,8984.32,8,0
2025-12-02,South India,Sports,6,8560.88,9,0
2025-12-03,South India,Sports,7,5893.49,10,0
2025-12-04,South India,Sports,6,9209.39,9,0
2025-12-05,South India,Sports,3,5458.38,5,0
2025-12-06,South India,Sports,8,11498.62,12,0
2025-12-07,South India,Sports,5,8597.96,8,0
2025-12-08,South India,Sports,5,6232.88,9,0
2025-12-09,South India,Sports,2,2578.12,3,0
2025-12-10,South India,Sports,5,7263.01,8,0
2025-12-11,South India,Sports,6,10626.97,9,0
2025-12-12,South India,Sports,4,5783.16,6,0
2025-12-13,South India,Sports,8,12912.55,12,0
2025-12-14,South India,Sports,9,11409.3,13,0
2025-12-15,South India,Sports,4,4593.23,7,0
2025-12-16,South India,Sports,3,3049.63,5,0
2025-12-17,South India,Sports,3,4990.93,4,0
2025-12-18,South India,Sports,6,7723.59,8,0
2025-12-19,South India,Sports,5,7281.44,8,0
2025-12-20,South India,Sports,6,7726.95,10,0
2025-12-21,South India,Sports,8,14936.89,12,0
2025-12-22,South India,Sports,3,5503.18,5,0
2025-12-23,South India,Sports,2,2309.36,3,0
2025-12-24,South India,Sports,1,1833.43,1,0
2025-12-25,South India,Sports,1,1924.87,1,0
2025-12-26,South India,Sports,3,4805.29,4,0
2025-12-27,South India,Sports,4,6204.08,6,0
2025-12-28,South India,Sports,9,17903.34,15,0
2025-12-29,South India,Sports,6,13323.84,9,0
2025-12-30,South India,Sports,2,3178.18,3,0
2025-12-31,South India,Sports,3,4688.45,5,0
2024-01-01,East India,Electronics,9,27237.04,14,0
2024-01-02,East India,Electronics,7,24855.17,10,0
2024-01-03,East India,Electronics,7,21678.26,10,0
2024-01-04,East India,Electronics,3,13264.21,4,0
2024-01-05,East India,Electronics,4,11646.36,7,0
2024-01-06,East India,Electronics,7,19473.81,13,0
2024-01-07,East India,Electronics,9,30056.51,14,0
2024-01-08,East India,Electronics,6,23261.43,10,0
2024-01-09,East India,Electronics,7,27083.48,10,0
2024-01-10,East India,Electronics,4,10368.32,6,0
2024-01-11,East India,Electronics,7,22479.65,11,0
2024-01-12,East India,Electronics,4,13697.19,7,0
2024-01-13,East India,Electronics,9,28770.74,12,0
2024-01-14,East India,Electronics,12,34507.05,16,0
2024-01-15,East India,Electronics,2,7288.57,3,0
2024-01-16,East India,Electronics,2,5954.38,3,0
2024-01-17,East India,Electronics,6,17080.32,10,0
2024-01-18,East India,Electronics,8,21959.29,13,0
2024-01-19,East India,Electronics,7,22442.12,12,0
2024-01-20,East India,Electronics,8,23091.4,14,0
2024-01-21,East India,Electronics,9,39081.23,13,0
2024-01-22,East India,Electronics,7,17312.54,12,0
2024-01-23,East India,Electronics,8,24570.08,14,0
2024-01-24,East India,Electronics,5,16134.98,7,0
2024-01-25,East India,Electronics,2,6239.65,2,0
2024-01-26,East India,Electronics,4,15253.19,7,0
2024-01-27,East India,Electronics,11,39316.78,20,0
2024-01-28,East India,Electronics,12,43282.76,20,0
2024-01-29,East India,Electronics,6,19210.14,10,0
2024-01-30,East India,Electronics,8,28127.72,11,0
2024-01-31,East India,Electronics,8,26799.79,12,0
2024-02-01,East India,Electronics,11,43031.26,16,0
2024-02-02,East India,Electronics,2,5738.45,3,0
2024-02-03,East India,Electronics,9,27680.97,13,0
2024-02-04,East India,Electronics,9,27999.92,15,0
2024-02-05,East India,Electronics,5,12316.15,7,0
2024-02-06,East India,Electronics,10,29233.18,17,0
2024-02-07,East India,Electronics,3,9534.85,5,0
2024-02-08,East India,Electronics,8,28993.42,14,0
2024-02-09,East India,Electronics,10,24253.94,16,0
2024-02-10,East India,Electronics,7,23687.26,11,0
2024-02-11,East India,Electronics,11,44269.04,15,0
2024-02-12,East India,Electronics,2,5867.45,3,0
2024-02-13,East India,Electronics,7,24563.51,10,0
2024-02-14,East India,Electronics,6,17724.77,9,0
2024-02-15,East India,Electronics,4,11995.93,6,0
2024-02-16,East India,Electronics,9,24409.68,15,0
2024-02-17,East India,Electronics,11,29906.45,17,0
2024-02-18,East India,Electronics,13,36755.74,23,1
2024-02-19,East India,Electronics,1,2609.93,1,0
2024-02-20,East India,Electronics,5,16610.59,8,0
2024-02-21,East India,Electronics,7,21939.04,12,0
2024-02-22,East India,Electronics,5,18831.83,7,0
2024-02-23,East India,Electronics,8,22399.29,14,0
2024-02-24,East India,Electronics,9,26225.52,14,0
2024-02-25,East India,Electronics,13,36274.51,20,0
2024-02-26,East India,Electronics,8,26324.17,11,0
2024-02-27,East India,Electronics,11,27617.59,16,0
2024-02-28,East India,Electronics,7,23647.37,11,0
2024-02-29,East India,Electronics,8,28107.27,11,0
2024-03-01,East India,Electronics,3,9318.88,5,0
2024-03-02,East India,Electronics,10,36863.43,18,0
2024-03-03,East India,Electronics,12,40347.08,18,0
2024-03-04,East India,Electronics,6,16216.3,10,0
2024-03-05,East India,Electronics,6,20588.39,9,0
2024-03-06,East India,Electronics,6,26563.78,9,0
2024-03-07,East India,Electronics,9,25201.77,16,0
2024-03-08,East India,Electronics,8,26860.53,14,0
2024-03-09,East India,Electronics,7,25504.91,12,0
2024-03-10,East India,Electronics,9,24545.61,16,0
2024-03-11,East India,Electronics,4,14094.59,5,0
2024-03-12,East India,Electronics,6,18276.22,10,0
2024-03-13,East India,Electronics,3,8966.07,4,0
2024-03-14,East India,Electronics,6,17028.35,10,0
2024-03-15,East India,Electronics,5,19323.58,7,0
2024-03-16,East India,Electronics,11,40210.96,17,0
2024-03-17,East India,Electronics,11,37450.0,20,0
2024-03-18,East India,Electronics,3,10539.19,4,0
2024-03-19,East India,Electronics,8,20329.03,12,0
2024-03-20,East India,Electronics,6,18936.84,11,0
2024-03-21,East India,Electronics,9,25557.02,16,0
2024-03-22,East India,Electronics,4,12965.64,5,0
2024-03-23,East India,Electronics,9,30381.94,15,0
2024-03-24,East India,Electronics,9,24070.93,13,0
2024-03-25,East India,Electronics,7,24917.59,11,0
2024-03-26,East India,Electronics,3,7996.73,4,0
2024-03-27,East India,Electronics,5,23528.64,8,0
2024-03-28,East India,Electronics,14,35429.87,25,1
2024-03-29,East India,Electronics,6,15439.16,11,0
2024-03-30,East India,Electronics,11,22670.77,20,0
2024-03-31,East India,Electronics,9,22996.68,14,0
2024-04-01,East India,Electronics,14,37682.67,23,0
2024-04-02,East India,Electronics,9,31608.42,16,0
2024-04-03,East India,Electronics,4,10186.56,7,0
2024-04-04,East India,Electronics,9,25168.84,15,0
2024-04-05,East India,Electronics,6,20885.51,10,0
2024-04-06,East India,Electronics,6,20147.43,11,0
2024-04-07,East India,Electronics,9,30628.35,13,0
2024-04-08,East India,Electronics,7,24454.39,13,0
2024-04-09,East India,Electronics,6,18827.71,10,0
2024-04-10,East India,Electronics,4,14510.23,6,0
2024-04-11,East India,Electronics,7,17743.13,10,0
2024-04-12,East India,Electronics,6,19058.12,9,0
2024-04-13,East India,Electronics,8,30523.32,14,0
2024-04-14,East India,Electronics,5,14610.82,9,0
2024-04-15,East India,Electronics,9,25408.48,12,0
2024-04-16,East India,Electronics,5,13514.18,7,0
2024-04-17,East India,Electronics,3,9034.13,5,0
2024-04-18,East India,Electronics,4,13769.05,6,0
2024-04-19,East India,Electronics,11,38809.61,19,0
2024-04-20,East India,Electronics,6,22863.92,9,0
2024-04-21,East India,Electronics,13,47291.22,18,1
2024-04-22,East India,Electronics,8,26549.21,13,0
2024-04-23,East India,Electronics,5,15874.12,9,0
2024-04-24,East India,Electronics,6,20010.31,10,0
2024-04-25,East India,Electronics,13,38735.5,21,0
2024-04-26,East India,Electronics,7,24356.39,10,0
2024-04-27,East India,Electronics,13,35833.23,22,0
2024-04-28,East India,Electronics,11,44042.13,16,0
2024-04-29,East India,Electronics,5,18591.9,7,0
2024-04-30,East India,Electronics,7,18011.91,11,0
2024-05-01,East India,Electronics,10,34051.31,15,0
2024-05-02,East India,Electronics,4,16415.81,7,0
2024-05-03,East India,Electronics,9,28509.79,16,0
2024-05-04,East India,Electronics,13,44485.19,23,0
2024-05-05,East India,Electronics,9,37755.0,16,0
2024-05-06,East India,Electronics,5,14458.62,8,0
2024-05-07,East India,Electronics,2,7157.23,3,0
2024-05-08,East India,Electronics,3,9327.17,5,0
2024-05-09,East India,Electronics,7,16039.19,10,0
2024-05-10,East India,Electronics,14,41244.99,22,0
2024-05-11,East India,Electronics,10,30731.92,15,0
2024-05-12,East India,Electronics,6,14237.98,8,0
2024-05-13,East India,Electronics,8,25729.8,14,0
2024-05-14,East India,Electronics,6,26477.24,9,0
2024-05-15,East India,Electronics,3,12565.94,4,0
2024-05-16,East India,Electronics,3,10646.32,4,0
2024-05-17,East India,Electronics,12,40885.9,20,1
2024-05-18,East India,Electronics,11,28773.35,20,0
2024-05-19,East India,Electronics,8,24245.98,13,0
2024-05-20,East India,Electronics,7,19134.83,11,0
2024-05-21,East India,Electronics,12,36560.97,18,0
2024-05-22,East India,Electronics,5,13704.5,7,0
2024-05-23,East India,Electronics,11,31539.05,18,0
2024-05-24,East India,Electronics,7,21411.88,12,0
2024-05-25,East India,Electronics,14,27834.85,20,0
2024-05-26,East India,Electronics,9,26470.69,16,0
2024-05-27,East India,Electronics,3,12048.85,5,0
2024-05-28,East India,Electronics,8,31399.55,14,0
2024-05-29,East India,Electronics,7,23718.52,12,0
2024-05-30,East India,Electronics,8,26518.64,13,0
2024-05-31,East India,Electronics,5,14242.05,7,0
2024-06-01,East India,Electronics,11,35007.24,19,1
2024-06-02,East India,Electronics,12,35041.66,18,0
2024-06-03,East India,Electronics,7,26011.94,12,0
2024-06-04,East India,Electronics,10,35446.86,18,0
2024-06-05,East India,Electronics,4,10753.99,7,0
2024-06-06,East India,Electronics,9,24879.5,17,1
2024-06-07,East India,Electronics,2,6642.83,3,0
2024-06-08,East India,Electronics,11,40622.87,20,0
2024-06-09,East India,Electronics,8,26745.18,14,0
2024-06-10,East India,Electronics,4,13159.22,6,0
2024-06-11,East India,Electronics,9,30582.0,15,0
2024-06-12,East India,Electronics,4,10325.64,7,0
2024-06-13,East India,Electronics,7,23644.81,10,0
2024-06-14,East India,Electronics,6,17701.13,10,0
2024-06-15,East India,Electronics,5,16887.12,7,0
2024-06-16,East India,Electronics,9,36786.5,16,0
2024-06-17,East India,Electronics,6,18015.82,10,0
2024-06-18,East India,Electronics,6,16726.82,11,0
2024-06-19,East India,Electronics,5,13330.3,9,0
2024-06-20,East India,Electronics,14,39306.84,22,0
2024-06-21,East India,Electronics,8,25151.65,15,0
2024-06-22,East India,Electronics,7,21001.02,10,0
2024-06-23,East India,Electronics,12,25917.08,19,0
2024-06-24,East India,Electronics,5,14853.93,9,0
2024-06-25,East India,Electronics,4,12882.37,6,0
2024-06-26,East India,Electronics,9,31275.55,14,0
2024-06-27,East India,Electronics,4,11595.3,7,0
2024-06-28,East India,Electronics,7,22553.1,11,0
2024-06-29,East India,Electronics,6,15826.16,10,0
2024-06-30,East India,Electronics,8,30911.02,11,0
2024-07-01,East India,Electronics,9,25852.49,14,0
2024-07-02,East India,Electronics,6,26465.37,9,0
2024-07-03,East India,Electronics,11,33157.35,15,0
2024-07-04,East India,Electronics,4,12720.2,5,0
2024-07-05,East India,Electronics,6,20768.44,10,0
2024-07-06,East India,Electronics,11,38215.9,15,0
2024-07-07,East India,Electronics,10,33797.1,17,0
2024-07-08,East India,Electronics,6,20264.72,10,0
2024-07-09,East India,Electronics,5,16203.74,7,0
2024-07-10,East India,Electronics,10,32324.54,17,0
2024-07-11,East India,Electronics,11,34459.6,17,0
2024-07-12,East India,Electronics,4,13855.98,6,0
2024-07-13,East India,Electronics,10,31613.3,15,0
2024-07-14,East India,Electronics,9,22587.46,14,0
2024-07-15,East India,Electronics,6,21683.39,9,0
2024-07-16,East India,Electronics,5,16103.2,9,0
2024-07-17,East India,Electronics,7,22044.59,10,0
2024-07-18,East India,Electronics,4,13172.9,7,0
2024-07-19,East India,Electronics,4,13117.34,7,0
2024-07-20,East India,Electronics,9,29860.99,14,0
2024-07-21,East India,Electronics,10,33843.76,14,0
2024-07-22,East India,Electronics,11,40253.59,16,0
2024-07-23,East India,Electronics,6,17458.38,10,0
2024-07-24,East India,Electronics,7,16979.87,9,0
2024-07-25,East India,Electronics,5,16234.06,8,0
2024-07-26,East India,Electronics,5,18686.3,9,0
2024-07-27,East India,Electronics,6,19942.53,8,0
2024-07-28,East India,Electronics,15,41303.54,25,0
2024-07-29,East India,Electronics,9,31665.24,13,0
2024-07-30,East India,Electronics,5,16068.43,9,0
2024-07-31,East India,Electronics,13,32379.24,20,0
2024-08-01,East India,Electronics,6,19790.44,11,0
2024-08-02,East India,Electronics,13,50865.97,24,0
2024-08-03,East India,Electronics,10,32731.52,14,0
2024-08-04,East India,Electronics,8,22207.28,14,0
2024-08-05,East India,Electronics,8,30477.32,12,0
2024-08-06,East India,Electronics,6,19166.9,11,0
2024-08-07,East India,Electronics,7,19111.75,11,0
2024-08-08,East India,Electronics,7,21897.0,10,0
2024-08-09,East India,Electronics,7,27607.8,10,0
2024-08-10,East India,Electronics,8,26590.69,15,0
2024-08-11,East India,Electronics,7,23098.3,12,0
2024-08-12,East India,Electronics,11,31258.9,20,0
2024-08-13,East India,Electronics,8,30544.87,13,0
2024-08-14,East India,Electronics,8,33502.58,13,0
2024-08-15,East India,Electronics,8,27549.43,12,0
2024-08-16,East India,Electronics,8,30677.39,12,0
2024-08-17,East India,Electronics,8,24011.24,11,0
2024-08-18,East India,Electronics,10,28097.04,16,0
2024-08-19,East India,Electronics,7,19654.83,10,0
2024-08-20,East India,Electronics,10,29321.56,15,0
2024-08-21,East India,Electronics,10,27430.85,17,0
2024-08-22,East India,Electronics,7,23697.6,9,0
2024-08-23,East India,Electronics,13,37711.23,19,0
2024-08-24,East India,Electronics,10,30144.31,15,0
2024-08-25,East India,Electronics,8,32278.95,12,0
2024-08-26,East India,Electronics,8,22081.97,13,0
2024-08-27,East India,Electronics,2,5849.85,3,0
2024-08-28,East India,Electronics,7,16303.51,9,0
2024-08-29,East India,Electronics,8,20774.06,12,0
2024-08-30,East India,Electronics,4,16424.68,6,0
2024-08-31,East India,Electronics,19,55067.39,30,0
2024-09-01,East India,Electronics,9,26389.97,16,0
2024-09-02,East India,Electronics,4,11842.78,6,0
2024-09-03,East India,Electronics,8,27525.62,14,0
2024-09-04,East India,Electronics,9,27653.08,15,0
2024-09-05,East India,Electronics,5,14730.94,7,0
2024-09-06,East India,Electronics,4,15173.66,5,0
2024-09-07,East India,Electronics,8,32815.11,12,0
2024-09-08,East India,Electronics,4,17441.37,6,0
2024-09-09,East India,Electronics,13,41100.83,19,0
2024-09-10,East India,Electronics,9,21766.75,14,0
2024-09-11,East India,Electronics,10,32940.39,14,0
2024-09-12,East India,Electronics,5,13062.49,7,0
2024-09-13,East India,Electronics,10,21362.03,16,0
2024-09-14,East India,Electronics,10,33784.05,17,0
2024-09-15,East India,Electronics,15,53412.48,23,0
2024-09-16,East India,Electronics,5,11874.8,8,0
2024-09-17,East India,Electronics,3,8480.9,5,0
2024-09-18,East India,Electronics,4,15375.46,7,0
2024-09-19,East India,Electronics,7,20106.57,12,0
2024-09-20,East India,Electronics,6,20839.49,9,0
2024-09-21,East India,Electronics,7,22014.92,10,0
2024-09-22,East India,Electronics,9,26222.81,16,0
2024-09-23,East India,Electronics,6,19049.12,9,0
2024-09-24,East India,Electronics,4,12761.64,6,0
2024-09-25,East India,Electronics,3,12810.05,5,0
2024-09-26,East India,Electronics,9,32529.28,15,0
2024-09-27,East India,Electronics,7,23119.36,9,0
2024-09-28,East India,Electronics,13,40104.5,18,0
2024-09-29,East India,Electronics,19,71384.54,28,0
2024-09-30,East India,Electronics,4,11364.97,7,0
2024-10-01,East India,Electronics,5,13219.65,7,0
2024-10-02,East India,Electronics,3,7911.46,5,0
2024-10-03,East India,Electronics,10,29081.99,17,0
2024-10-04,East India,Electronics,8,22780.57,14,0
2024-10-05,East India,Electronics,16,52125.44,27,0
2024-10-06,East India,Electronics,18,57784.92,33,1
2024-10-07,East India,Electronics,9,27670.25,14,0
2024-10-08,East India,Electronics,12,42417.25,22,0
2024-10-09,East India,Electronics,11,37587.35,19,0
2024-10-10,East India,Electronics,12,40975.81,20,1
2024-10-11,East India,Electronics,11,35345.29,18,0
2024-10-12,East India,Electronics,13,46134.43,20,0
2024-10-13,East India,Electronics,11,36454.36,19,0
2024-10-14,East India,Electronics,6,23976.84,10,0
2024-10-15,East India,Electronics,6,20221.99,9,0
2024-10-16,East India,Electronics,8,24093.11,13,0
2024-10-17,East India,Electronics,10,28707.73,15,0
2024-10-18,East India,Electronics,11,39656.42,19,0
2024-10-19,East India,Electronics,23,60440.37,36,2
2024-10-20,East India,Electronics,18,61825.25,27,1
2024-10-21,East India,Electronics,10,36049.79,18,0
2024-10-22,East India,Electronics,15,50705.44,26,0
2024-10-23,East India,Electronics,7,23768.37,11,0
2024-10-24,East India,Electronics,10,28280.3,17,0
2024-10-25,East India,Electronics,16,63040.08,27,0
2024-10-26,East India,Electronics,7,24616.93,12,0
2024-10-27,East India,Electronics,18,51750.03,30,1
2024-10-28,East India,Electronics,17,61698.86,31,0
2024-10-29,East India,Electronics,15,50272.63,21,0
2024-10-30,East India,Electronics,15,48574.76,23,0
2024-10-31,East India,Electronics,13,38868.28,22,0
2024-11-01,East India,Electronics,8,23827.35,14,0
2024-11-02,East India,Electronics,13,45141.39,18,0
2024-11-03,East India,Electronics,11,33372.03,17,0
2024-11-04,East India,Electronics,7,19486.31,10,0
2024-11-05,East India,Electronics,8,30764.79,11,0
2024-11-06,East India,Electronics,9,32125.99,13,0
2024-11-07,East India,Electronics,14,46317.66,21,0
2024-11-08,East India,Electronics,9,23376.3,15,0
2024-11-09,East India,Electronics,12,45418.46,22,0
2024-11-10,East India,Electronics,15,49965.25,26,0
2024-11-11,East India,Electronics,8,18689.83,14,0
2024-11-12,East India,Electronics,15,35613.79,26,1
2024-11-13,East India,Electronics,11,40295.93,19,0
2024-11-14,East India,Electronics,16,46973.29,23,0
2024-11-15,East India,Electronics,10,33137.17,14,0
2024-11-16,East India,Electronics,13,43741.57,23,1
2024-11-17,East India,Electronics,17,51543.66,25,0
2024-11-18,East India,Electronics,10,26970.59,18,0
2024-11-19,East India,Electronics,11,40897.17,19,0
2024-11-20,East India,Electronics,13,37483.67,22,0
2024-11-21,East India,Electronics,10,34358.53,17,0
2024-11-22,East India,Electronics,12,33850.8,17,0
2024-11-23,East India,Electronics,19,75601.23,29,1
2024-11-24,East India,Electronics,22,68287.94,34,0
2024-11-25,East India,Electronics,7,23053.97,12,0
2024-11-26,East India,Electronics,7,20146.91,10,0
2024-11-27,East India,Electronics,11,25908.51,17,0
2024-11-28,East India,Electronics,11,38814.09,15,0
2024-11-29,East India,Electronics,16,50072.82,26,1
2024-11-30,East India,Electronics,22,65613.78,34,0
2024-12-01,East India,Electronics,9,26008.54,16,0
2024-12-02,East India,Electronics,6,22673.24,11,0
2024-12-03,East India,Electronics,9,27570.75,16,0
2024-12-04,East India,Electronics,9,31961.18,16,0
2024-12-05,East India,Electronics,4,15837.41,7,0
2024-12-06,East India,Electronics,6,22020.45,9,0
2024-12-07,East India,Electronics,13,49398.63,24,1
2024-12-08,East India,Electronics,16,55008.12,25,0
2024-12-09,East India,Electronics,6,17224.7,8,0
2024-12-10,East India,Electronics,8,26718.02,12,0
2024-12-11,East India,Electronics,9,22274.93,15,0
2024-12-12,East India,Electronics,4,11369.1,6,0
2024-12-13,East India,Electronics,6,18983.27,10,0
2024-12-14,East India,Electronics,17,69074.02,31,0
2024-12-15,East India,Electronics,13,33795.94,23,1
2024-12-16,East India,Electronics,9,21685.65,15,0
2024-12-17,East India,Electronics,2,6696.75,3,0
2024-12-18,East India,Electronics,6,21177.75,8,0
2024-12-19,East India,Electronics,4,11933.35,6,0
2024-12-20,East India,Electronics,13,38243.67,23,0
2024-12-21,East India,Electronics,6,12674.07,9,0
2024-12-22,East India,Electronics,11,34197.04,18,0
2024-12-23,East India,Electronics,4,12792.65,6,0
2024-12-24,East India,Electronics,4,15071.75,7,0
2024-12-25,East India,Electronics,5,16065.47,8,0
2024-12-26,East India,Electronics,6,17229.14,8,0
2024-12-27,East India,Electronics,1,2901.9,1,0
2024-12-28,East India,Electronics,10,27934.96,16,0
2024-12-29,East India,Electronics,17,62555.68,28,1
2024-12-30,East India,Electronics,4,12925.26,5,0
2024-12-31,East India,Electronics,8,26459.86,14,0
2025-01-01,East India,Electronics,4,8971.2,7,0
2025-01-02,East India,Electronics,6,14600.44,10,0
2025-01-03,East India,Electronics,10,31806.9,18,0
2025-01-04,East India,Electronics,8,22180.38,15,0
2025-01-05,East India,Electronics,9,36950.11,15,0
2025-01-06,East India,Electronics,9,30654.22,15,0
2025-01-07,East India,Electronics,7,23346.58,11,0
2025-01-08,East India,Electronics,9,31769.96,16,0
2025-01-09,East India,Electronics,8,33184.59,11,0
2025-01-10,East India,Electronics,8,30206.6,12,0
2025-01-11,East India,Electronics,6,17752.58,10,0
2025-01-12,East India,Electronics,9,24330.42,13,0
2025-01-13,East India,Electronics,3,9832.24,4,0
2025-01-14,East India,Electronics,4,12207.07,5,0
2025-01-15,East India,Electronics,9,30643.62,13,0
2025-01-16,East India,Electronics,4,16794.63,6,0
2025-01-17,East India,Electronics,6,21998.48,9,0
2025-01-18,East India,Electronics,6,17822.05,10,0
2025-01-19,East India,Electronics,9,29886.75,16,0
2025-01-20,East India,Electronics,8,31662.26,14,0
2025-01-21,East India,Electronics,7,24044.37,12,0
2025-01-22,East India,Electronics,7,20327.82,11,0
2025-01-23,East India,Electronics,13,53861.16,23,0
2025-01-24,East India,Electronics,13,43358.21,22,0
2025-01-25,East India,Electronics,7,22994.38,12,0
2025-01-26,East India,Electronics,8,22510.76,13,0
2025-01-27,East India,Electronics,8,30698.42,13,0
2025-01-28,East India,Electronics,8,23306.85,12,0
2025-01-29,East India,Electronics,7,18820.27,13,0
2025-01-30,East India,Electronics,10,29524.31,18,0
2025-01-31,East India,Electronics,12,35542.46,17,0
2025-02-01,East India,Electronics,11,32927.0,16,0
2025-02-02,East India,Electronics,10,39010.79,15,0
2025-02-03,East India,Electronics,7,21788.26,11,0
2025-02-04,East India,Electronics,6,15224.43,9,0
2025-02-05,East India,Electronics,5,17601.99,8,0
2025-02-06,East India,Electronics,6,16670.67,10,0
2025-02-07,East India,Electronics,8,28744.22,11,0
2025-02-08,East India,Electronics,6,22940.24,8,0
2025-02-09,East India,Electronics,10,31007.96,17,0
2025-02-10,East India,Electronics,6,16131.65,10,0
2025-02-11,East India,Electronics,7,27046.03,13,0
2025-02-12,East India,Electronics,3,11003.31,5,0
2025-02-13,East India,Electronics,6,26978.66,9,0
2025-02-14,East India,Electronics,12,37202.49,20,1
2025-02-15,East India,Electronics,7,22763.58,12,0
2025-02-16,East India,Electronics,4,8453.95,6,0
2025-02-17,East India,Electronics,6,20889.44,11,0
2025-02-18,East India,Electronics,13,49472.49,23,0
2025-02-19,East India,Electronics,11,35534.63,18,0
2025-02-20,East India,Electronics,3,12163.84,4,0
2025-02-21,East India,Electronics,6,15859.97,10,0
2025-02-22,East India,Electronics,6,16123.67,9,0
2025-02-23,East India,Electronics,14,54821.25,22,0
2025-02-24,East India,Electronics,9,27009.05,15,0
2025-02-25,East India,Electronics,8,21021.06,12,0
2025-02-26,East India,Electronics,8,26364.45,11,0
2025-02-27,East India,Electronics,8,30950.5,14,0
2025-02-28,East India,Electronics,11,33268.71,20,0
2025-03-01,East India,Electronics,5,16563.81,9,0
2025-03-02,East India,Electronics,16,44304.55,26,1
2025-03-03,East India,Electronics,3,9224.37,4,0
2025-03-04,East India,Electronics,8,22885.21,14,0
2025-03-05,East India,Electronics,6,17002.81,9,0
2025-03-06,East India,Electronics,4,14371.78,6,0
2025-03-07,East India,Electronics,5,13958.08,7,0
2025-03-08,East India,Electronics,8,29179.76,12,0
2025-03-09,East India,Electronics,12,45750.42,21,1
2025-03-10,East India,Electronics,10,27871.13,17,0
2025-03-11,East India,Electronics,3,7417.61,5,0
2025-03-12,East India,Electronics,2,6596.59,3,0
2025-03-13,East India,Electronics,12,40900.5,18,0
2025-03-14,East India,Electronics,6,23576.03,8,0
2025-03-15,East India,Electronics,11,36861.76,19,0
2025-03-16,East India,Electronics,21,92815.54,30,0
2025-03-17,East India,Electronics,7,19157.72,11,0
2025-03-18,East India,Electronics,3,10304.33,4,0
2025-03-19,East India,Electronics,6,16540.87,11,0
2025-03-20,East India,Electronics,5,17441.24,8,0
2025-03-21,East India,Electronics,5,14782.56,8,0
2025-03-22,East India,Electronics,8,28933.6,14,0
2025-03-23,East India,Electronics,12,37239.12,20,0
2025-03-24,East India,Electronics,4,13274.0,5,0
2025-03-25,East India,Electronics,9,28628.34,13,0
2025-03-26,East India,Electronics,5,16711.65,7,0
2025-03-27,East India,Electronics,10,34263.52,17,0
2025-03-28,East India,Electronics,10,28482.99,17,0
2025-03-29,East India,Electronics,17,65765.68,31,0
2025-03-30,East India,Electronics,9,27054.32,14,0
2025-03-31,East India,Electronics,11,29316.76,18,0
2025-04-01,East India,Electronics,6,17991.9,8,0
2025-04-02,East India,Electronics,7,24204.42,12,0
2025-04-03,East India,Electronics,7,23768.85,12,0
2025-04-04,East India,Electronics,3,8297.26,4,0
2025-04-05,East India,Electronics,15,40918.66,23,1
2025-04-06,East India,Electronics,6,20399.53,10,0
2025-04-07,East India,Electronics,5,15369.11,8,0
2025-04-08,East India,Electronics,4,14935.48,6,0
2025-04-09,East India,Electronics,10,39710.43,18,0
2025-04-10,East India,Electronics,6,18147.34,9,0
2025-04-11,East India,Electronics,5,15531.97,7,0
2025-04-12,East India,Electronics,12,48006.93,18,0
2025-04-13,East India,Electronics,8,27623.52,12,0
2025-04-14,East India,Electronics,8,23834.37,13,0
2025-04-15,East India,Electronics,4,12869.32,6,0
2025-04-16,East India,Electronics,6,18752.94,8,0
2025-04-17,East India,Electronics,3,8668.21,5,0
2025-04-18,East India,Electronics,5,13478.07,8,0
2025-04-19,East India,Electronics,6,20354.18,8,0
2025-04-20,East India,Electronics,8,22224.8,12,0
2025-04-21,East India,Electronics,7,25525.89,11,0
2025-04-22,East India,Electronics,5,20557.16,7,0
2025-04-23,East India,Electronics,5,15691.97,7,0
2025-04-24,East India,Electronics,9,33061.49,17,0
2025-04-25,East India,Electronics,4,10509.67,7,0
2025-04-26,East India,Electronics,12,44137.53,20,0
2025-04-27,East India,Electronics,11,35246.7,18,0
2025-04-28,East India,Electronics,13,39047.69,19,0
2025-04-29,East India,Electronics,5,18617.05,8,0
2025-04-30,East India,Electronics,8,25920.65,14,0
2025-05-01,East India,Electronics,8,29102.68,13,0
2025-05-02,East India,Electronics,10,33665.04,16,0
2025-05-03,East India,Electronics,9,25245.34,12,0
2025-05-04,East India,Electronics,12,35263.49,17,0
2025-05-05,East India,Electronics,5,15405.94,9,0
2025-05-06,East India,Electronics,10,28998.28,17,0
2025-05-07,East India,Electronics,7,20724.19,12,0
2025-05-08,East India,Electronics,6,20029.96,8,0
2025-05-09,East India,Electronics,8,28271.6,13,0
2025-05-10,East India,Electronics,5,16632.45,9,0
2025-05-11,East India,Electronics,16,53872.89,28,1
2025-05-12,East India,Electronics,10,31923.55,17,0
2025-05-13,East India,Electronics,6,22958.05,11,0
2025-05-14,East India,Electronics,7,16523.41,12,0
2025-05-15,East India,Electronics,15,53591.05,25,0
2025-05-16,East India,Electronics,11,36259.13,20,0
2025-05-17,East India,Electronics,13,33306.0,21,0
2025-05-18,East India,Electronics,7,29596.65,12,0
2025-05-19,East India,Electronics,5,17206.89,8,0
2025-05-20,East India,Electronics,7,21451.9,11,0
2025-05-21,East India,Electronics,3,10410.06,5,0
2025-05-22,East India,Electronics,4,10351.57,7,0
2025-05-23,East India,Electronics,2,6860.44,3,0
2025-05-24,East India,Electronics,10,41370.25,18,0
2025-05-25,East India,Electronics,13,50442.38,19,0
2025-05-26,East India,Electronics,9,18592.41,13,0
2025-05-27,East India,Electronics,8,33676.02,14,0
2025-05-28,East India,Electronics,13,39327.4,19,1
2025-05-29,East India,Electronics,5,16968.35,7,0
2025-05-30,East India,Electronics,6,22364.06,9,0
2025-05-31,East India,Electronics,12,35255.58,22,0
2025-06-01,East India,Electronics,13,34833.9,21,1
2025-06-02,East India,Electronics,10,32516.34,14,0
2025-06-03,East India,Electronics,5,16935.83,8,0
2025-06-04,East India,Electronics,4,11619.62,6,0
2025-06-05,East India,Electronics,5,17198.37,8,0
2025-06-06,East India,Electronics,5,12775.74,8,0
2025-06-07,East India,Electronics,9,29518.31,14,0
2025-06-08,East India,Electronics,17,47088.59,27,1
2025-06-09,East India,Electronics,8,22176.29,11,0
2025-06-10,East India,Electronics,12,42342.77,21,0
2025-06-11,East India,Electronics,11,37424.35,18,0
2025-06-12,East India,Electronics,8,26163.05,12,0
2025-06-13,East India,Electronics,7,23656.19,11,0
2025-06-14,East India,Electronics,11,33400.46,17,0
2025-06-15,East India,Electronics,14,35208.2,24,0
2025-06-16,East India,Electronics,9,28862.82,14,0
2025-06-17,East India,Electronics,5,14778.87,8,0
2025-06-18,East India,Electronics,4,13592.51,6,0
2025-06-19,East India,Electronics,5,13591.83,8,0
2025-06-20,East India,Electronics,5,15559.71,9,0
2025-06-21,East India,Electronics,6,23326.33,10,0
2025-06-22,East India,Electronics,13,44888.91,20,0
2025-06-23,East India,Electronics,10,33662.42,17,0
2025-06-24,East India,Electronics,6,15599.75,10,0
2025-06-25,East India,Electronics,6,17393.06,10,0
2025-06-26,East India,Electronics,11,27152.25,18,0
2025-06-27,East India,Electronics,5,18975.52,8,0
2025-06-28,East India,Electronics,9,28310.36,16,0
2025-06-29,East India,Electronics,20,64337.62,35,0
2025-06-30,East India,Electronics,8,24596.32,12,0
2025-07-01,East India,Electronics,13,45810.41,19,0
2025-07-02,East India,Electronics,4,11684.66,6,0
2025-07-03,East India,Electronics,9,28975.16,16,0
2025-07-04,East India,Electronics,6,19961.54,11,0
2025-07-05,East India,Electronics,8,25286.3,11,0
2025-07-06,East India,Electronics,15,40188.25,27,1
2025-07-07,East India,Electronics,5,16298.13,9,0
2025-07-08,East India,Electronics,7,19742.03,12,0
2025-07-09,East India,Electronics,7,22631.2,10,0
2025-07-10,East India,Electronics,5,15818.07,8,0
2025-07-11,East India,Electronics,12,42846.38,17,0
2025-07-12,East India,Electronics,16,43443.08,26,1
2025-07-13,East India,Electronics,7,23910.51,10,0
2025-07-14,East India,Electronics,8,25964.2,14,0
2025-07-15,East India,Electronics,6,19517.21,8,0
2025-07-16,East India,Electronics,8,23949.34,11,0
2025-07-17,East India,Electronics,9,27125.56,17,0
2025-07-18,East India,Electronics,5,18149.15,8,0
2025-07-19,East India,Electronics,16,67014.49,29,0
2025-07-20,East India,Electronics,14,42037.71,23,0
2025-07-21,East India,Electronics,9,23648.13,15,0
2025-07-22,East India,Electronics,4,15022.78,5,0
2025-07-23,East India,Electronics,5,16684.26,8,0
2025-07-24,East India,Electronics,6,20974.07,9,0
2025-07-25,East India,Electronics,5,14090.38,8,0
2025-07-26,East India,Electronics,8,27443.26,13,0
2025-07-27,East India,Electronics,12,36428.02,20,0
2025-07-28,East India,Electronics,9,25945.66,14,0
2025-07-29,East India,Electronics,8,25119.6,11,0
2025-07-30,East India,Electronics,12,37344.45,21,1
2025-07-31,East India,Electronics,12,41182.09,19,0
2025-08-01,East India,Electronics,7,21657.84,13,0
2025-08-02,East India,Electronics,17,50980.43,26,0
2025-08-03,East India,Electronics,15,51253.09,21,0
2025-08-04,East India,Electronics,7,26475.26,13,0
2025-08-05,East India,Electronics,10,36786.56,14,0
2025-08-06,East India,Electronics,5,18372.85,7,0
2025-08-07,East India,Electronics,5,17000.78,9,0
2025-08-08,East India,Electronics,10,30217.98,18,0
2025-08-09,East India,Electronics,8,27419.41,12,0
2025-08-10,East India,Electronics,4,11715.06,6,0
2025-08-11,East India,Electronics,2,6483.95,2,0
2025-08-12,East India,Electronics,9,28218.4,16,0
2025-08-13,East India,Electronics,7,19504.46,13,0
2025-08-14,East India,Electronics,9,29209.3,14,0
2025-08-15,East India,Electronics,7,19966.56,11,0
2025-08-16,East India,Electronics,11,38571.77,20,0
2025-08-17,East India,Electronics,8,24433.18,14,0
2025-08-18,East India,Electronics,5,19615.27,7,0
2025-08-19,East India,Electronics,13,42653.64,23,1
2025-08-20,East India,Electronics,4,13434.37,6,0
2025-08-21,East India,Electronics,7,23378.6,13,0
2025-08-22,East India,Electronics,5,17549.28,9,0
2025-08-23,East India,Electronics,17,71011.51,26,0
2025-08-24,East India,Electronics,10,25997.17,16,0
2025-08-25,East India,Electronics,11,28697.7,20,0
2025-08-26,East India,Electronics,3,10462.82,4,0
2025-08-27,East India,Electronics,6,22056.78,10,0
2025-08-28,East India,Electronics,8,26478.79,14,0
2025-08-29,East India,Electronics,10,36582.27,16,0
2025-08-30,East India,Electronics,5,13999.9,7,0
2025-08-31,East India,Electronics,7,26374.14,10,0
2025-09-01,East India,Electronics,3,10073.42,5,0
2025-09-02,East India,Electronics,5,15775.77,8,0
2025-09-03,East India,Electronics,6,21417.75,8,0
2025-09-04,East India,Electronics,7,23831.6,13,0
2025-09-05,East India,Electronics,10,27955.52,17,0
2025-09-06,East India,Electronics,19,55683.62,27,0
2025-09-07,East India,Electronics,10,28483.67,17,0
2025-09-08,East India,Electronics,6,18964.9,8,0
2025-09-09,East India,Electronics,8,22533.14,13,0
2025-09-10,East India,Electronics,9,27240.82,16,0
2025-09-11,East India,Electronics,6,18733.13,9,0
2025-09-12,East India,Electronics,13,34705.78,18,0
2025-09-13,East India,Electronics,10,34877.8,15,0
2025-09-14,East India,Electronics,13,40182.9,21,0
2025-09-15,East India,Electronics,8,25643.6,13,0
2025-09-16,East India,Electronics,7,26506.31,10,0
2025-09-17,East India,Electronics,9,25047.66,15,0
2025-09-18,East India,Electronics,4,15463.95,5,0
2025-09-19,East India,Electronics,5,12751.72,7,0
2025-09-20,East India,Electronics,10,26177.67,17,0
2025-09-21,East India,Electronics,10,30648.84,15,0
2025-09-22,East India,Electronics,8,23870.77,11,0
2025-09-23,East India,Electronics,7,21864.7,13,0
2025-09-24,East India,Electronics,9,27664.39,13,0
2025-09-25,East India,Electronics,5,20263.09,7,0
2025-09-26,East India,Electronics,8,21816.33,14,0
2025-09-27,East India,Electronics,10,24395.46,15,0
2025-09-28,East India,Electronics,17,52257.82,31,0
2025-09-29,East India,Electronics,7,20432.84,11,0
2025-09-30,East India,Electronics,8,23787.42,14,0
2025-10-01,East India,Electronics,12,34700.87,17,0
2025-10-02,East India,Electronics,8,25370.1,12,0
2025-10-03,East India,Electronics,18,54328.89,27,0
2025-10-04,East India,Electronics,20,79012.08,29,0
2025-10-05,East India,Electronics,24,79429.5,42,0
2025-10-06,East India,Electronics,9,28924.11,13,0
2025-10-07,East India,Electronics,10,26626.51,16,0
2025-10-08,East India,Electronics,12,38333.56,22,1
2025-10-09,East India,Electronics,15,45568.42,22,0
2025-10-10,East India,Electronics,11,20081.26,18,0
2025-10-11,East India,Electronics,24,72653.98,37,1
2025-10-12,East India,Electronics,11,29024.51,20,0
2025-10-13,East India,Electronics,21,84499.9,33,0
2025-10-14,East India,Electronics,10,30600.47,17,0
2025-10-15,East India,Electronics,8,24776.6,13,0
2025-10-16,East India,Electronics,13,41581.95,23,0
2025-10-17,East India,Electronics,11,39155.86,19,1
2025-10-18,East India,Electronics,23,67755.31,41,1
2025-10-19,East India,Electronics,25,75277.09,43,0
2025-10-20,East India,Electronics,13,40925.57,21,0
2025-10-21,East India,Electronics,11,48096.88,16,0
2025-10-22,East India,Electronics,11,35053.04,18,0
2025-10-23,East India,Electronics,8,21066.16,12,0
2025-10-24,East India,Electronics,7,27046.46,11,0
2025-10-25,East India,Electronics,16,58744.99,29,1
2025-10-26,East India,Electronics,20,65564.71,37,0
2025-10-27,East India,Electronics,15,43554.76,26,0
2025-10-28,East India,Electronics,16,32056.7,26,0
2025-10-29,East India,Electronics,22,68954.57,34,0
2025-10-30,East India,Electronics,18,51272.57,28,1
2025-10-31,East India,Electronics,27,81094.15,49,0
2025-11-01,East India,Electronics,24,80421.33,33,1
2025-11-02,East India,Electronics,16,48757.57,23,0
2025-11-03,East India,Electronics,7,24140.89,12,0
2025-11-04,East India,Electronics,16,49228.97,25,1
2025-11-05,East India,Electronics,14,40257.2,25,0
2025-11-06,East India,Electronics,11,30228.83,20,0
2025-11-07,East India,Electronics,14,31367.93,21,1
2025-11-08,East India,Electronics,14,48163.68,26,1
2025-11-09,East India,Electronics,25,60738.66,38,1
2025-11-10,East India,Electronics,15,47286.86,21,0
2025-11-11,East India,Electronics,10,38113.34,16,0
2025-11-12,East India,Electronics,9,24523.86,15,0
2025-11-13,East India,Electronics,10,37738.14,17,0
2025-11-14,East India,Electronics,9,30763.98,13,0
2025-11-15,East India,Electronics,16,54364.13,24,0
2025-11-16,East India,Electronics,19,53942.22,30,0
2025-11-17,East India,Electronics,11,40534.37,17,0
2025-11-18,East India,Electronics,11,33008.2,16,0
2025-11-19,East India,Electronics,13,46398.92,24,1
2025-11-20,East India,Electronics,16,57170.81,26,1
2025-11-21,East India,Electronics,7,19231.69,12,0
2025-11-22,East India,Electronics,22,82245.78,30,1
2025-11-23,East India,Electronics,20,64861.42,30,0
2025-11-24,East India,Electronics,14,37759.11,23,0
2025-11-25,East India,Electronics,15,54908.2,27,1
2025-11-26,East India,Electronics,9,35478.79,13,0
2025-11-27,East India,Electronics,9,25052.79,14,0
2025-11-28,East India,Electronics,12,37508.14,22,0
2025-11-29,East India,Electronics,29,81027.24,54,2
2025-11-30,East India,Electronics,32,90922.56,57,2
2025-12-01,East India,Electronics,7,21474.26,13,0
2025-12-02,East India,Electronics,10,30726.03,15,0
2025-12-03,East India,Electronics,9,24912.46,17,0
2025-12-04,East India,Electronics,6,22039.09,10,0
2025-12-05,East India,Electronics,7,20536.43,11,0
2025-12-06,East India,Electronics,12,36691.68,20,0
2025-12-07,East India,Electronics,9,35108.18,15,0
2025-12-08,East India,Electronics,6,16663.13,10,0
2025-12-09,East India,Electronics,4,11724.54,6,0
2025-12-10,East India,Electronics,7,21048.12,10,0
2025-12-11,East India,Electronics,7,23382.57,12,0
2025-12-12,East India,Electronics,5,17787.82,7,0
2025-12-13,East India,Electronics,13,41874.09,24,1
2025-12-14,East India,Electronics,11,28262.63,17,0
2025-12-15,East India,Electronics,8,23619.33,13,0
2025-12-16,East India,Electronics,8,25929.2,14,0
2025-12-17,East India,Electronics,7,22196.94,12,0
2025-12-18,East India,Electronics,4,11883.18,7,0
2025-12-19,East India,Electronics,14,35450.16,22,0
2025-12-20,East India,Electronics,6,24617.53,9,0
2025-12-21,East India,Electronics,8,23961.46,14,0
2025-12-22,East India,Electronics,11,40413.21,16,0
2025-12-23,East India,Electronics,5,12914.48,8,0
2025-12-24,East India,Electronics,8,26102.84,11,0
2025-12-25,East India,Electronics,11,30596.73,20,0
2025-12-26,East India,Electronics,5,15227.0,8,0
2025-12-27,East India,Electronics,13,36794.96,21,0
2025-12-28,East India,Electronics,15,50862.37,26,0
2025-12-29,East India,Electronics,9,23979.0,13,0
2025-12-30,East India,Electronics,10,28175.92,18,0
2025-12-31,East India,Electronics,6,25810.36,8,0
2024-01-01,East India,Fashion,5,7858.36,7,0
2024-01-03,East India,Fashion,2,2720.0,3,0
2024-01-04,East India,Fashion,6,7745.32,8,0
2024-01-05,East India,Fashion,4,6226.94,6,0
2024-01-06,East India,Fashion,10,17279.28,17,0
2024-01-07,East India,Fashion,6,6590.39,8,0
2024-01-08,East India,Fashion,6,9317.1,9,0
2024-01-09,East India,Fashion,5,6463.12,8,0
2024-01-10,East India,Fashion,5,11071.51,9,0
2024-01-11,East India,Fashion,5,6044.56,7,0
2024-01-12,East India,Fashion,6,6913.2,11,0
2024-01-13,East India,Fashion,9,15143.64,14,0
2024-01-14,East India,Fashion,8,14622.53,14,0
2024-01-15,East India,Fashion,6,11349.18,10,0
2024-01-16,East India,Fashion,5,5353.1,8,0
2024-01-17,East India,Fashion,3,4778.14,5,0
2024-01-18,East India,Fashion,1,1623.04,1,0
2024-01-19,East India,Fashion,4,7104.53,6,0
2024-01-20,East India,Fashion,7,10192.54,12,0
2024-01-21,East India,Fashion,8,12386.31,14,0
2024-01-22,East India,Fashion,4,3910.34,7,0
2024-01-23,East India,Fashion,7,11894.69,10,0
2024-01-24,East India,Fashion,1,1847.3,1,0
2024-01-25,East India,Fashion,6,9734.67,8,0
2024-01-26,East India,Fashion,7,7062.99,10,0
2024-01-27,East India,Fashion,9,12285.03,16,0
2024-01-28,East India,Fashion,4,6366.11,5,0
2024-01-29,East India,Fashion,6,7224.18,9,0
2024-01-30,East India,Fashion,3,3869.22,4,0
2024-01-31,East India,Fashion,4,5989.96,6,0
2024-02-01,East India,Fashion,4,5333.96,6,0
2024-02-02,East India,Fashion,6,11510.0,8,0
2024-02-03,East India,Fashion,11,13032.53,18,0
2024-02-04,East India,Fashion,5,5591.04,7,0
2024-02-05,East India,Fashion,3,4035.77,4,0
2024-02-06,East India,Fashion,4,7653.27,7,0
2024-02-07,East India,Fashion,8,9339.34,13,0
2024-02-08,East India,Fashion,4,3904.71,6,0
2024-02-09,East India,Fashion,3,3601.81,4,0
2024-02-10,East India,Fashion,16,31173.2,22,0
2024-02-11,East India,Fashion,15,26638.8,26,1
2024-02-12,East India,Fashion,7,9179.41,12,0
2024-02-13,East India,Fashion,1,1910.3,1,0
2024-02-14,East India,Fashion,4,3860.48,6,0
2024-02-15,East India,Fashion,4,5939.83,5,0
2024-02-16,East India,Fashion,7,9918.14,10,0
2024-02-17,East India,Fashion,3,4459.29,4,0
2024-02-18,East India,Fashion,11,13788.17,15,0
2024-02-19,East India,Fashion,5,8590.71,7,0
2024-02-20,East India,Fashion,6,9892.83,11,0
2024-02-21,East India,Fashion,4,7141.88,6,0
2024-02-22,East India,Fashion,3,3419.88,4,0
2024-02-23,East India,Fashion,3,4440.52,4,0
2024-02-24,East India,Fashion,6,8752.83,8,0
2024-02-25,East India,Fashion,5,6405.24,8,0
2024-02-26,East India,Fashion,6,9257.12,10,0
2024-02-27,East India,Fashion,8,10944.74,12,0
2024-02-28,East India,Fashion,10,12985.72,14,0
2024-02-29,East India,Fashion,9,13939.45,12,0
2024-03-01,East India,Fashion,5,7894.52,7,0
2024-03-02,East India,Fashion,7,8970.48,11,0
2024-03-03,East India,Fashion,15,21902.92,24,0
2024-03-04,East India,Fashion,5,5480.73,7,0
2024-03-05,East India,Fashion,5,8066.71,7,0
2024-03-06,East India,Fashion,3,4882.94,5,0
2024-03-07,East India,Fashion,7,8234.93,11,0
2024-03-08,East India,Fashion,6,11044.92,9,0
2024-03-09,East India,Fashion,7,7992.83,11,0
2024-03-10,East India,Fashion,16,21408.91,24,0
2024-03-11,East India,Fashion,5,7939.68,8,0
2024-03-12,East India,Fashion,5,6045.48,8,0
2024-03-13,East India,Fashion,7,13408.27,11,0
2024-03-14,East India,Fashion,4,5745.27,5,0
2024-03-15,East India,Fashion,9,12469.18,15,0
2024-03-16,East India,Fashion,7,7772.71,11,0
2024-03-17,East India,Fashion,6,8305.52,8,0
2024-03-18,East India,Fashion,4,6219.32,6,0
2024-03-19,East India,Fashion,4,8401.48,5,0
2024-03-20,East India,Fashion,5,8036.27,8,0
2024-03-21,East India,Fashion,8,10393.08,12,0
2024-03-22,East India,Fashion,7,10989.01,11,0
2024-03-23,East India,Fashion,4,5729.95,6,0
2024-03-24,East India,Fashion,2,2838.87,2,0
2024-03-25,East India,Fashion,6,8750.27,8,0
2024-03-26,East India,Fashion,4,6442.25,7,0
2024-03-27,East India,Fashion,8,15666.61,13,0
2024-03-28,East India,Fashion,6,8052.55,10,0
2024-03-29,East India,Fashion,6,10694.03,8,0
2024-03-30,East India,Fashion,9,14136.95,15,0
2024-03-31,East India,Fashion,9,17865.6,14,0
2024-04-01,East India,Fashion,4,6420.65,5,0
2024-04-02,East India,Fashion,4,5636.26,6,0
2024-04-03,East India,Fashion,3,3684.12,4,0
2024-04-04,East India,Fashion,7,15370.93,11,0
2024-04-05,East India,Fashion,7,9191.78,10,0
2024-04-06,East India,Fashion,13,24170.85,23,0
2024-04-07,East India,Fashion,8,10825.58,13,0
2024-04-08,East India,Fashion,4,6164.81,7,0
2024-04-09,East India,Fashion,4,5385.39,6,0
2024-04-10,East India,Fashion,9,12650.42,14,0
2024-04-11,East India,Fashion,3,3602.22,5,0
2024-04-12,East India,Fashion,4,6187.82,6,0
2024-04-13,East India,Fashion,7,14619.76,12,0
2024-04-14,East India,Fashion,13,15562.43,22,0
2024-04-15,East India,Fashion,4,4741.58,6,0
2024-04-16,East India,Fashion,7,9824.31,12,0
2024-04-17,East India,Fashion,5,7355.41,9,0
2024-04-18,East India,Fashion,4,5778.87,6,0
2024-04-19,East India,Fashion,7,9448.74,10,0
2024-04-20,East India,Fashion,9,14201.68,15,0
2024-04-21,East India,Fashion,7,12191.5,11,0
2024-04-22,East India,Fashion,6,6224.89,11,0
2024-04-23,East India,Fashion,5,6682.08,7,0
2024-04-24,East India,Fashion,5,6415.02,8,0
2024-04-25,East India,Fashion,8,10110.41,14,0
2024-04-26,East India,Fashion,3,5130.4,5,0
2024-04-27,East India,Fashion,5,7073.85,8,0
2024-04-28,East India,Fashion,7,11731.98,11,0
2024-04-29,East India,Fashion,3,3978.39,4,0
2024-04-30,East India,Fashion,11,17270.23,19,0
2024-05-01,East India,Fashion,1,1600.77,1,0
2024-05-02,East India,Fashion,11,16649.99,17,0
2024-05-03,East India,Fashion,1,1260.13,1,0
2024-05-04,East India,Fashion,10,11451.6,18,0
2024-05-05,East India,Fashion,12,18087.33,18,0
2024-05-06,East India,Fashion,6,8648.67,9,0
2024-05-07,East India,Fashion,7,9792.25,10,0
2024-05-08,East India,Fashion,5,7193.22,8,0
2024-05-09,East India,Fashion,4,4949.57,6,0
2024-05-10,East India,Fashion,10,14719.94,16,0
2024-05-11,East India,Fashion,7,5450.49,11,0
2024-05-12,East India,Fashion,8,10486.82,13,0
2024-05-13,East India,Fashion,6,8065.35,11,0
2024-05-14,East India,Fashion,6,7050.56,11,0
2024-05-15,East India,Fashion,3,4495.7,5,0
2024-05-16,East India,Fashion,4,7681.27,7,0
2024-05-17,East India,Fashion,8,11766.97,11,0
2024-05-18,East India,Fashion,3,4658.77,5,0
2024-05-19,East India,Fashion,6,9379.26,10,0
2024-05-20,East India,Fashion,5,6714.97,9,0
2024-05-21,East India,Fashion,5,8178.13,7,0
2024-05-22,East India,Fashion,3,2830.57,5,0
2024-05-23,East India,Fashion,5,8874.9,7,0
2024-05-24,East India,Fashion,4,5599.75,7,0
2024-05-25,East India,Fashion,8,12242.15,14,0
2024-05-26,East India,Fashion,5,5817.43,7,0
2024-05-27,East India,Fashion,3,4699.09,4,0
2024-05-28,East India,Fashion,7,12901.61,11,0
2024-05-29,East India,Fashion,4,5198.08,6,0
2024-05-30,East India,Fashion,6,7422.35,9,0
2024-05-31,East India,Fashion,7,8064.22,11,0
2024-06-01,East India,Fashion,8,10464.58,11,0
2024-06-02,East India,Fashion,7,5837.34,11,0
2024-06-03,East India,Fashion,12,19479.56,22,0
2024-06-04,East India,Fashion,3,4178.53,4,0
2024-06-05,East India,Fashion,5,7544.48,9,0
2024-06-06,East India,Fashion,2,2422.02,2,0
2024-06-07,East India,Fashion,3,3480.37,5,0
2024-06-08,East India,Fashion,9,13423.52,17,0
2024-06-09,East India,Fashion,2,2014.68,2,0
2024-06-10,East India,Fashion,9,10988.52,15,0
2024-06-11,East India,Fashion,4,6165.09,6,0
2024-06-12,East India,Fashion,4,6563.66,6,0
2024-06-13,East India,Fashion,4,4594.31,7,0
2024-06-14,East India,Fashion,6,8172.37,10,0
2024-06-15,East India,Fashion,8,10469.08,14,0
2024-06-16,East India,Fashion,6,9199.49,10,0
2024-06-17,East India,Fashion,7,11089.12,10,0
2024-06-18,East India,Fashion,4,3962.5,6,0
2024-06-19,East India,Fashion,3,4815.88,5,0
2024-06-20,East India,Fashion,4,4265.56,7,0
2024-06-21,East India,Fashion,3,5682.66,5,0
2024-06-22,East India,Fashion,2,2494.49,2,0
2024-06-23,East India,Fashion,5,5700.86,9,0
2024-06-24,East India,Fashion,6,6698.52,11,0
2024-06-25,East India,Fashion,9,13759.57,14,0
2024-06-26,East India,Fashion,7,6307.51,12,0
2024-06-27,East India,Fashion,3,4063.9,4,0
2024-06-28,East India,Fashion,11,12187.41,15,0
2024-06-29,East India,Fashion,9,17222.16,14,0
2024-06-30,East India,Fashion,15,25632.99,25,0
2024-07-01,East India,Fashion,6,8456.66,10,0
2024-07-02,East India,Fashion,3,4620.52,4,0
2024-07-03,East India,Fashion,2,2204.86,3,0
2024-07-04,East India,Fashion,9,18808.32,15,0
2024-07-05,East India,Fashion,4,5466.42,5,0
2024-07-06,East India,Fashion,9,14172.96,15,0
2024-07-07,East India,Fashion,5,6252.85,8,0
2024-07-08,East India,Fashion,2,3991.22,3,0
2024-07-09,East India,Fashion,1,1187.01,1,0
2024-07-10,East India,Fashion,12,13575.21,17,0
2024-07-11,East India,Fashion,4,7307.3,5,0
2024-07-12,East India,Fashion,6,9130.33,10,0
2024-07-13,East India,Fashion,10,16137.68,15,0
2024-07-14,East India,Fashion,7,17852.13,10,0
2024-07-15,East India,Fashion,5,7628.62,7,0
2024-07-16,East India,Fashion,6,10866.96,9,0
2024-07-17,East India,Fashion,8,11248.81,11,0
2024-07-18,East India,Fashion,7,14439.94,12,0
2024-07-19,East India,Fashion,7,9619.41,12,0
2024-07-20,East India,Fashion,8,13235.54,12,0
2024-07-21,East India,Fashion,6,6652.05,10,0
2024-07-22,East India,Fashion,8,10357.54,14,0
2024-07-23,East India,Fashion,3,5815.21,5,0
2024-07-24,East India,Fashion,9,15971.1,12,0
2024-07-25,East India,Fashion,4,6120.58,6,0
2024-07-26,East India,Fashion,5,8558.72,7,0
2024-07-27,East India,Fashion,9,13031.86,13,0
2024-07-28,East India,Fashion,13,21288.17,20,0
2024-07-29,East India,Fashion,6,8177.43,10,0
2024-07-30,East India,Fashion,6,10867.78,8,0
2024-07-31,East India,Fashion,6,8150.3,9,0
2024-08-01,East India,Fashion,9,7885.64,16,0
2024-08-02,East India,Fashion,2,2873.62,3,0
2024-08-03,East India,Fashion,7,9614.67,12,0
2024-08-04,East India,Fashion,6,10277.49,10,0
2024-08-05,East India,Fashion,4,4633.87,7,0
2024-08-06,East India,Fashion,12,10268.82,19,0
2024-08-07,East India,Fashion,8,9142.48,11,0
2024-08-08,East India,Fashion,5,7017.98,7,0
2024-08-09,East India,Fashion,5,6605.04,9,0
2024-08-10,East India,Fashion,10,15658.25,16,0
2024-08-11,East India,Fashion,5,5836.99,7,0
2024-08-12,East India,Fashion,4,5773.38,6,0
2024-08-13,East India,Fashion,3,3717.17,5,0
2024-08-14,East India,Fashion,5,7108.19,7,0
2024-08-15,East India,Fashion,7,7942.07,10,0
2024-08-16,East India,Fashion,6,6527.4,9,0
2024-08-17,East India,Fashion,9,17182.41,14,0
2024-08-18,East India,Fashion,2,4399.59,3,0
2024-08-19,East India,Fashion,4,5779.95,6,0
2024-08-20,East India,Fashion,3,4064.44,5,0
2024-08-21,East India,Fashion,3,3828.61,4,0
2024-08-22,East India,Fashion,5,7971.5,7,0
2024-08-23,East India,Fashion,5,6413.12,7,0
2024-08-24,East India,Fashion,12,22964.22,18,1
2024-08-25,East India,Fashion,8,12505.6,12,0
2024-08-26,East India,Fashion,4,4537.28,6,0
2024-08-27,East India,Fashion,4,6911.12,5,0
2024-08-28,East India,Fashion,8,13845.86,13,0
2024-08-29,East India,Fashion,9,10061.88,14,0
2024-08-30,East India,Fashion,6,8891.53,10,0
2024-08-31,East India,Fashion,7,9789.43,9,0
2024-09-01,East India,Fashion,9,10498.42,16,0
2024-09-02,East India,Fashion,11,13030.19,16,0
2024-09-03,East India,Fashion,4,4060.46,6,0
2024-09-04,East India,Fashion,5,6456.69,8,0
2024-09-05,East India,Fashion,5,4407.1,7,0
2024-09-06,East India,Fashion,8,9758.99,13,0
2024-09-07,East India,Fashion,7,10325.24,11,0
2024-09-08,East India,Fashion,9,9041.04,16,0
2024-09-09,East India,Fashion,4,5892.41,6,0
2024-09-10,East India,Fashion,7,9099.41,9,0
2024-09-11,East India,Fashion,5,8213.44,9,0
2024-09-12,East India,Fashion,2,2996.77,3,0
2024-09-13,East India,Fashion,5,7756.91,7,0
2024-09-14,East India,Fashion,11,16957.83,19,1
2024-09-15,East India,Fashion,8,14607.36,14,0
2024-09-16,East India,Fashion,4,6341.84,6,0
2024-09-17,East India,Fashion,11,15104.24,16,0
2024-09-18,East India,Fashion,7,8790.07,9,0
2024-09-19,East India,Fashion,3,3055.42,5,0
2024-09-20,East India,Fashion,5,6573.73,7,0
2024-09-21,East India,Fashion,4,8378.36,7,0
2024-09-22,East India,Fashion,7,8707.69,12,0
2024-09-23,East India,Fashion,5,6862.0,8,0
2024-09-24,East India,Fashion,5,8343.01,7,0
2024-09-25,East India,Fashion,6,7641.16,9,0
2024-09-26,East India,Fashion,7,11299.58,12,0
2024-09-27,East India,Fashion,5,8022.43,7,0
2024-09-28,East India,Fashion,8,10780.4,12,0
2024-09-29,East India,Fashion,10,18292.54,16,0
2024-09-30,East India,Fashion,8,11306.55,12,0
2024-10-01,East India,Fashion,5,5851.28,8,0
2024-10-02,East India,Fashion,9,11770.66,12,0
2024-10-03,East India,Fashion,9,13540.13,16,0
2024-10-04,East India,Fashion,4,6406.38,6,0
2024-10-05,East India,Fashion,15,17548.35,22,0
2024-10-06,East India,Fashion,12,17137.41,22,0
2024-10-07,East India,Fashion,14,25981.16,23,0
2024-10-08,East India,Fashion,17,21123.11,24,1
2024-10-09,East India,Fashion,13,13045.56,21,1
2024-10-10,East India,Fashion,11,10271.59,20,0
2024-10-11,East India,Fashion,15,24710.71,23,0
2024-10-12,East India,Fashion,16,28627.19,29,1
2024-10-13,East India,Fashion,12,16413.91,19,0
2024-10-14,East India,Fashion,5,7774.22,8,0
2024-10-15,East India,Fashion,17,33297.19,30,1
2024-10-16,East India,Fashion,7,8475.12,13,0
2024-10-17,East India,Fashion,9,9875.7,14,0
2024-10-18,East India,Fashion,4,5943.12,7,0
2024-10-19,East India,Fashion,9,17154.76,15,0
2024-10-20,East India,Fashion,10,17900.39,17,0
2024-10-21,East India,Fashion,5,4269.91,7,0
2024-10-22,East India,Fashion,11,17948.96,18,0
2024-10-23,East India,Fashion,7,13717.8,12,0
2024-10-24,East India,Fashion,7,12426.05,11,0
2024-10-25,East India,Fashion,8,14440.35,11,0
2024-10-26,East India,Fashion,20,33223.67,32,0
2024-10-27,East India,Fashion,17,18883.68,27,0
2024-10-28,East India,Fashion,5,6641.01,8,0
2024-10-29,East India,Fashion,16,23283.31,23,0
2024-10-30,East India,Fashion,11,16803.68,17,0
2024-10-31,East India,Fashion,8,13590.97,14,0
2024-11-01,East India,Fashion,9,10654.53,15,0
2024-11-02,East India,Fashion,17,26608.21,28,1
2024-11-03,East India,Fashion,9,10884.56,15,0
2024-11-04,East India,Fashion,8,14521.57,13,0
2024-11-05,East India,Fashion,10,14750.73,14,0
2024-11-06,East India,Fashion,10,18414.58,14,0
2024-11-07,East India,Fashion,6,7830.19,8,0
2024-11-08,East India,Fashion,9,17220.68,16,0
2024-11-09,East India,Fashion,23,31171.29,33,0
2024-11-10,East India,Fashion,11,16222.0,18,0
2024-11-11,East India,Fashion,10,17974.15,15,0
2024-11-12,East India,Fashion,12,17426.72,18,0
2024-11-13,East India,Fashion,6,11000.46,8,0
2024-11-14,East India,Fashion,12,19935.62,22,1
2024-11-15,East India,Fashion,7,11953.8,9,0
2024-11-16,East India,Fashion,7,11760.59,12,0
2024-11-17,East India,Fashion,12,7134.28,20,0
2024-11-18,East India,Fashion,17,22366.19,30,0
2024-11-19,East India,Fashion,11,20746.11,16,0
2024-11-20,East India,Fashion,6,5269.91,11,0
2024-11-21,East India,Fashion,10,14313.18,15,0
2024-11-22,East India,Fashion,5,9163.35,8,0
2024-11-23,East India,Fashion,14,15572.4,21,0
2024-11-24,East India,Fashion,11,14018.05,18,0
2024-11-25,East India,Fashion,9,7779.79,16,0
2024-11-26,East India,Fashion,9,11638.4,16,0
2024-11-27,East India,Fashion,8,14664.0,11,0
2024-11-28,East India,Fashion,10,13362.57,16,0
2024-11-29,East India,Fashion,8,14532.61,13,0
2024-11-30,East India,Fashion,15,24653.59,27,1
2024-12-01,East India,Fashion,7,9087.27,12,0
2024-12-02,East India,Fashion,5,6976.12,7,0
2024-12-03,East India,Fashion,9,14045.75,13,0
2024-12-04,East India,Fashion,7,8202.93,10,0
2024-12-05,East India,Fashion,3,4442.27,4,0
2024-12-06,East India,Fashion,4,8532.13,5,0
2024-12-07,East India,Fashion,6,9747.06,10,0
2024-12-08,East India,Fashion,11,16112.52,19,0
2024-12-09,East India,Fashion,9,11368.37,15,0
2024-12-10,East India,Fashion,5,7839.18,8,0
2024-12-11,East India,Fashion,5,8574.46,7,0
2024-12-12,East India,Fashion,2,2880.12,3,0
2024-12-13,East India,Fashion,7,11729.09,12,0
2024-12-14,East India,Fashion,4,6435.82,7,0
2024-12-15,East India,Fashion,16,24012.1,29,1
2024-12-16,East India,Fashion,7,10034.45,11,0
2024-12-17,East India,Fashion,6,13229.38,11,0
2024-12-18,East India,Fashion,7,9026.14,10,0
2024-12-19,East India,Fashion,5,8020.46,8,0
2024-12-20,East India,Fashion,4,4107.4,6,0
2024-12-21,East India,Fashion,5,5589.11,7,0
2024-12-22,East India,Fashion,11,18971.29,19,0
2024-12-23,East India,Fashion,5,7583.57,8,0
2024-12-24,East India,Fashion,8,14155.17,11,0
2024-12-25,East India,Fashion,4,7233.76,6,0
2024-12-26,East India,Fashion,7,13273.14,12,0
2024-12-27,East India,Fashion,4,5221.46,7,0
2024-12-28,East India,Fashion,14,27220.06,25,0
2024-12-29,East India,Fashion,10,18514.25,15,0
2024-12-30,East India,Fashion,11,15268.22,17,0
2024-12-31,East India,Fashion,15,14005.92,27,1
2025-01-01,East India,Fashion,5,5245.02,8,0
2025-01-02,East India,Fashion,6,7768.15,10,0
2025-01-03,East India,Fashion,7,13039.36,12,0
2025-01-04,East India,Fashion,7,8866.11,12,0
2025-01-05,East India,Fashion,5,9177.98,9,0
2025-01-06,East India,Fashion,8,13900.0,15,0
2025-01-07,East India,Fashion,5,7109.29,9,0
2025-01-08,East India,Fashion,4,5556.88,6,0
2025-01-09,East India,Fashion,3,2932.92,5,0
2025-01-10,East India,Fashion,7,9901.49,12,0
2025-01-11,East India,Fashion,12,17992.77,22,0
2025-01-12,East India,Fashion,5,8256.15,7,0
2025-01-13,East India,Fashion,5,6998.78,7,0
2025-01-14,East India,Fashion,7,12973.26,12,0
2025-01-15,East India,Fashion,5,6565.62,8,0
2025-01-16,East India,Fashion,8,12541.6,13,0
2025-01-17,East India,Fashion,3,2666.37,4,0
2025-01-18,East India,Fashion,10,19016.24,16,0
2025-01-19,East India,Fashion,13,15659.08,21,1
2025-01-20,East India,Fashion,3,3755.06,4,0
2025-01-21,East India,Fashion,7,9083.56,10,0
2025-01-22,East India,Fashion,5,6116.79,8,0
2025-01-23,East India,Fashion,6,8972.51,9,0
2025-01-24,East India,Fashion,3,4304.86,5,0
2025-01-25,East India,Fashion,11,14788.83,19,0
2025-01-26,East India,Fashion,8,12133.07,12,0
2025-01-27,East India,Fashion,9,12382.6,17,0
2025-01-28,East India,Fashion,7,11706.35,12,0
2025-01-29,East India,Fashion,12,12555.52,20,0
2025-01-30,East India,Fashion,14,18492.62,25,1
2025-01-31,East India,Fashion,9,15566.96,16,0
2025-02-01,East India,Fashion,6,7329.19,11,0
2025-02-02,East India,Fashion,10,18092.71,18,0
2025-02-03,East India,Fashion,6,11181.87,8,0
2025-02-04,East India,Fashion,5,8700.6,7,0
2025-02-05,East India,Fashion,4,7595.23,6,0
2025-02-06,East India,Fashion,5,5415.74,8,0
2025-02-07,East India,Fashion,7,14024.33,12,0
2025-02-08,East India,Fashion,8,15266.79,12,0
2025-02-09,East India,Fashion,7,6756.39,12,0
2025-02-10,East India,Fashion,5,6787.2,7,0
2025-02-11,East India,Fashion,5,6985.65,7,0
2025-02-12,East India,Fashion,13,20712.15,24,1
2025-02-13,East India,Fashion,3,3397.83,5,0
2025-02-14,East India,Fashion,4,4400.65,5,0
2025-02-15,East India,Fashion,10,11524.78,15,0
2025-02-16,East India,Fashion,11,15938.6,17,0
2025-02-17,East India,Fashion,7,9074.9,11,0
2025-02-18,East India,Fashion,3,4578.12,4,0
2025-02-19,East India,Fashion,3,3820.82,4,0
2025-02-20,East India,Fashion,7,14607.98,10,0
2025-02-21,East India,Fashion,10,12726.48,18,0
2025-02-22,East India,Fashion,10,16276.59,18,0
2025-02-23,East India,Fashion,9,12586.84,16,0
2025-02-24,East India,Fashion,6,10013.82,9,0
2025-02-25,East India,Fashion,5,8286.77,9,0
2025-02-26,East India,Fashion,3,4979.93,4,0
2025-02-27,East India,Fashion,5,10663.38,7,0
2025-02-28,East India,Fashion,7,6172.13,11,0
2025-03-01,East India,Fashion,4,6507.48,6,0
2025-03-02,East India,Fashion,13,18644.64,22,0
2025-03-03,East India,Fashion,6,6081.9,9,0
2025-03-04,East India,Fashion,6,9912.0,8,0
2025-03-05,East India,Fashion,5,7034.58,8,0
2025-03-06,East India,Fashion,6,8823.24,10,0
2025-03-07,East India,Fashion,7,10032.11,11,0
2025-03-08,East India,Fashion,8,8738.64,13,0
2025-03-09,East India,Fashion,4,5408.81,5,0
2025-03-10,East India,Fashion,9,12001.65,13,0
2025-03-11,East India,Fashion,8,14540.93,13,0
2025-03-12,East India,Fashion,10,15662.22,17,0
2025-03-13,East India,Fashion,7,7129.42,10,0
2025-03-14,East India,Fashion,2,3892.62,2,0
2025-03-15,East India,Fashion,9,9127.43,13,0
2025-03-16,East India,Fashion,13,15265.35,24,0
2025-03-17,East India,Fashion,4,8815.98,6,0
2025-03-18,East India,Fashion,5,6874.9,7,0
2025-03-19,East India,Fashion,5,5276.82,7,0
2025-03-20,East India,Fashion,3,2867.33,4,0
2025-03-21,East India,Fashion,8,9555.82,13,0
2025-03-22,East India,Fashion,5,5560.81,9,0
2025-03-23,East India,Fashion,12,19118.36,18,0
2025-03-24,East India,Fashion,3,4425.96,5,0
2025-03-25,East India,Fashion,2,2116.36,3,0
2025-03-26,East India,Fashion,3,4511.84,5,0
2025-03-27,East India,Fashion,8,13339.02,13,0
2025-03-28,East India,Fashion,2,2540.17,3,0
2025-03-29,East India,Fashion,16,26386.81,26,1
2025-03-30,East India,Fashion,11,16765.91,19,0
2025-03-31,East India,Fashion,7,14701.79,10,0
2025-04-01,East India,Fashion,7,15064.38,10,0
2025-04-02,East India,Fashion,3,5276.39,4,0
2025-04-03,East India,Fashion,5,4694.63,7,0
2025-04-04,East India,Fashion,2,2633.89,3,0
2025-04-05,East India,Fashion,10,19017.24,14,0
2025-04-06,East India,Fashion,8,6893.69,14,0
2025-04-07,East India,Fashion,8,9720.86,12,0
2025-04-08,East India,Fashion,5,4918.55,7,0
2025-04-09,East India,Fashion,4,5469.76,6,0
2025-04-10,East India,Fashion,7,9642.74,10,0
2025-04-11,East India,Fashion,4,4334.85,5,0
2025-04-12,East India,Fashion,7,8331.45,11,0
2025-04-13,East India,Fashion,8,15886.51,12,0
2025-04-14,East India,Fashion,6,6812.67,10,0
2025-04-15,East India,Fashion,5,7354.97,8,0
2025-04-16,East India,Fashion,3,2946.3,4,0
2025-04-17,East India,Fashion,4,7245.74,6,0
2025-04-18,East India,Fashion,6,6765.19,10,0
2025-04-19,East India,Fashion,9,10790.63,16,0
2025-04-20,East India,Fashion,6,13151.68,8,0
2025-04-21,East India,Fashion,7,12398.95,11,0
2025-04-22,East India,Fashion,6,8442.45,11,0
2025-04-23,East India,Fashion,6,11706.68,9,0
2025-04-24,East India,Fashion,9,9735.92,13,0
2025-04-25,East India,Fashion,5,7101.44,8,0
2025-04-26,East India,Fashion,9,13166.68,16,0
2025-04-27,East India,Fashion,6,8760.94,8,0
2025-04-28,East India,Fashion,5,7206.69,7,0
2025-04-29,East India,Fashion,10,18753.16,17,0
2025-04-30,East India,Fashion,11,18666.28,20,0
2025-05-01,East India,Fashion,4,5530.72,7,0
2025-05-02,East India,Fashion,9,14127.14,14,0
2025-05-03,East India,Fashion,10,13978.41,17,0
2025-05-04,East India,Fashion,14,19005.04,23,0
2025-05-05,East India,Fashion,6,9253.38,9,0
2025-05-06,East India,Fashion,10,15538.06,18,0
2025-05-07,East India,Fashion,6,10524.84,8,0
2025-05-08,East India,Fashion,4,4486.85,7,0
2025-05-09,East India,Fashion,6,5705.97,8,0
2025-05-10,East India,Fashion,7,12959.99,10,0
2025-05-11,East India,Fashion,6,7858.54,8,0
2025-05-12,East India,Fashion,8,7460.98,11,0
2025-05-13,East India,Fashion,4,5629.1,7,0
2025-05-14,East India,Fashion,6,6383.72,9,0
2025-05-15,East India,Fashion,5,9042.24,7,0
2025-05-16,East India,Fashion,3,3615.77,4,0
2025-05-17,East India,Fashion,12,22911.78,17,0
2025-05-18,East India,Fashion,10,15161.1,15,0
2025-05-19,East India,Fashion,5,9854.33,8,0
2025-05-20,East India,Fashion,6,8236.43,10,0
2025-05-21,East India,Fashion,6,9634.26,10,0
2025-05-22,East India,Fashion,4,5583.84,7,0
2025-05-23,East India,Fashion,7,8140.75,10,0
2025-05-24,East India,Fashion,12,15304.69,17,0
2025-05-25,East India,Fashion,11,16446.8,18,0
2025-05-26,East India,Fashion,5,7401.8,7,0
2025-05-27,East India,Fashion,10,8563.36,16,0
2025-05-28,East India,Fashion,10,13855.49,16,0
2025-05-29,East India,Fashion,3,6278.26,4,0
2025-05-30,East India,Fashion,11,16265.8,15,0
2025-05-31,East India,Fashion,12,15732.92,18,1
2025-06-01,East India,Fashion,16,21988.82,30,0
2025-06-02,East India,Fashion,2,2742.73,3,0
2025-06-03,East India,Fashion,3,5687.81,5,0
2025-06-04,East India,Fashion,5,8832.93,7,0
2025-06-05,East India,Fashion,8,10143.06,14,0
2025-06-06,East India,Fashion,5,7815.81,8,0
2025-06-07,East India,Fashion,7,6931.3,12,0
2025-06-08,East India,Fashion,9,15000.88,15,0
2025-06-09,East India,Fashion,6,6941.66,8,0
2025-06-10,East India,Fashion,5,7028.32,8,0
2025-06-11,East India,Fashion,4,4650.06,7,0
2025-06-12,East India,Fashion,5,9011.82,7,0
2025-06-13,East India,Fashion,7,12415.97,10,0
2025-06-14,East India,Fashion,14,22168.67,20,0
2025-06-15,East India,Fashion,11,20611.34,19,0
2025-06-16,East India,Fashion,7,10357.68,12,0
2025-06-17,East India,Fashion,7,12387.03,10,0
2025-06-18,East India,Fashion,9,10950.42,14,0
2025-06-19,East India,Fashion,8,9341.47,14,0
2025-06-20,East India,Fashion,6,5505.09,10,0
2025-06-21,East India,Fashion,8,12442.09,15,0
2025-06-22,East India,Fashion,7,11103.34,11,0
2025-06-23,East India,Fashion,4,5566.79,5,0
2025-06-24,East India,Fashion,5,4107.9,9,0
2025-06-25,East India,Fashion,8,13919.43,13,0
2025-06-26,East India,Fashion,6,7767.5,10,0
2025-06-27,East India,Fashion,7,6730.81,11,0
2025-06-28,East India,Fashion,16,26394.24,26,0
2025-06-29,East India,Fashion,15,14987.06,25,1
2025-06-30,East India,Fashion,8,10851.28,13,0
2025-07-01,East India,Fashion,4,6916.86,7,0
2025-07-02,East India,Fashion,6,10201.38,9,0
2025-07-03,East India,Fashion,6,8185.38,9,0
2025-07-04,East India,Fashion,4,4267.05,6,0
2025-07-05,East India,Fashion,9,10697.69,13,0
2025-07-06,East India,Fashion,8,12643.51,12,0
2025-07-07,East India,Fashion,5,4948.96,9,0
2025-07-08,East India,Fashion,6,7868.48,8,0
2025-07-09,East India,Fashion,8,9141.27,11,0
2025-07-10,East India,Fashion,4,6228.17,6,0
2025-07-11,East India,Fashion,7,10098.98,13,0
2025-07-12,East India,Fashion,8,13094.2,14,0
2025-07-13,East India,Fashion,7,7513.06,11,0
2025-07-14,East India,Fashion,7,8671.85,10,0
2025-07-15,East India,Fashion,4,5269.46,7,0
2025-07-16,East India,Fashion,7,9155.57,10,0
2025-07-17,East India,Fashion,6,9807.29,10,0
2025-07-18,East India,Fashion,4,5252.11,5,0
2025-07-19,East India,Fashion,16,31496.69,27,1
2025-07-20,East India,Fashion,10,15123.21,17,0
2025-07-21,East India,Fashion,10,17562.44,16,0
2025-07-22,East India,Fashion,6,14900.67,10,0
2025-07-23,East India,Fashion,3,2777.32,4,0
2025-07-24,East India,Fashion,8,13043.37,12,0
2025-07-25,East India,Fashion,6,6805.83,10,0
2025-07-26,East India,Fashion,7,11851.22,12,0
2025-07-27,East India,Fashion,11,23813.24,18,0
2025-07-28,East India,Fashion,4,8201.87,6,0
2025-07-29,East India,Fashion,11,20337.26,17,0
2025-07-30,East India,Fashion,9,10467.77,14,0
2025-07-31,East India,Fashion,7,10601.24,13,0
2025-08-01,East India,Fashion,5,6860.06,8,0
2025-08-02,East India,Fashion,12,20292.17,20,0
2025-08-03,East India,Fashion,9,16985.6,13,0
2025-08-04,East India,Fashion,5,6047.05,7,0
2025-08-05,East India,Fashion,4,3051.48,7,0
2025-08-06,East India,Fashion,7,10266.88,11,0
2025-08-07,East India,Fashion,10,14065.92,18,0
2025-08-08,East India,Fashion,10,18284.28,18,0
2025-08-09,East India,Fashion,8,12134.08,13,0
2025-08-10,East India,Fashion,8,11040.01,11,0
2025-08-11,East India,Fashion,9,13458.05,15,0
2025-08-12,East India,Fashion,6,6529.09,9,0
2025-08-13,East India,Fashion,8,11520.02,12,0
2025-08-14,East India,Fashion,4,6458.5,7,0
2025-08-15,East India,Fashion,6,6442.49,11,0
2025-08-16,East India,Fashion,6,8185.14,11,0
2025-08-17,East India,Fashion,13,15854.37,23,0
2025-08-18,East India,Fashion,5,5729.54,7,0
2025-08-19,East India,Fashion,5,9139.76,9,0
2025-08-20,East India,Fashion,5,5431.54,7,0
2025-08-21,East India,Fashion,8,14210.24,11,0
2025-08-22,East India,Fashion,4,5177.77,6,0
2025-08-23,East India,Fashion,3,4428.65,4,0
2025-08-24,East India,Fashion,6,9103.23,8,0
2025-08-25,East India,Fashion,7,8074.03,9,0
2025-08-26,East India,Fashion,8,13211.38,11,0
2025-08-27,East India,Fashion,5,7914.08,8,0
2025-08-28,East India,Fashion,15,22936.2,24,1
2025-08-29,East India,Fashion,9,11895.19,12,0
2025-08-30,East India,Fashion,12,19476.08,22,0
2025-08-31,East India,Fashion,18,23079.56,30,1
2025-09-01,East India,Fashion,6,10211.26,10,0
2025-09-02,East India,Fashion,5,7411.29,7,0
2025-09-03,East India,Fashion,4,7716.5,5,0
2025-09-04,East India,Fashion,3,5740.18,4,0
2025-09-05,East India,Fashion,6,11766.07,10,0
2025-09-06,East India,Fashion,9,10124.61,15,0
2025-09-07,East India,Fashion,12,12289.78,19,0
2025-09-08,East India,Fashion,7,10735.91,10,0
2025-09-09,East India,Fashion,4,5751.18,5,0
2025-09-10,East India,Fashion,6,5120.95,10,0
2025-09-11,East India,Fashion,6,4718.74,9,0
2025-09-12,East India,Fashion,9,17100.06,17,0
2025-09-13,East India,Fashion,11,14619.89,19,0
2025-09-14,East India,Fashion,6,9847.76,9,0
2025-09-15,East India,Fashion,8,15471.18,11,0
2025-09-16,East India,Fashion,7,10265.01,13,0
2025-09-17,East India,Fashion,4,5800.61,7,0
2025-09-18,East India,Fashion,1,1740.21,1,0
2025-09-19,East India,Fashion,6,10278.81,8,0
2025-09-20,East India,Fashion,15,15988.73,23,0
2025-09-21,East India,Fashion,8,12917.48,15,0
2025-09-22,East India,Fashion,8,9754.7,13,0
2025-09-23,East India,Fashion,6,7867.99,11,0
2025-09-24,East India,Fashion,7,12293.63,12,0
2025-09-25,East India,Fashion,9,14529.39,13,0
2025-09-26,East India,Fashion,8,11824.85,14,0
2025-09-27,East India,Fashion,7,9533.74,11,0
2025-09-28,East India,Fashion,9,16641.14,13,0
2025-09-29,East India,Fashion,12,14212.32,18,0
2025-09-30,East India,Fashion,7,9565.73,10,0
2025-10-01,East India,Fashion,15,25291.02,23,0
2025-10-02,East India,Fashion,10,13089.7,14,0
2025-10-03,East India,Fashion,10,15553.23,17,0
2025-10-04,East India,Fashion,11,16762.97,17,0
2025-10-05,East India,Fashion,20,29673.62,28,1
2025-10-06,East India,Fashion,10,12195.43,17,0
2025-10-07,East India,Fashion,8,10997.9,13,0
2025-10-08,East India,Fashion,4,6223.3,6,0
2025-10-09,East India,Fashion,8,7735.84,14,0
2025-10-10,East India,Fashion,13,19270.93,22,1
2025-10-11,East India,Fashion,17,19961.7,30,0
2025-10-12,East India,Fashion,16,18809.33,27,0
2025-10-13,East India,Fashion,11,19177.21,20,0
2025-10-14,East India,Fashion,12,13113.23,21,0
2025-10-15,East India,Fashion,9,13442.93,13,0
2025-10-16,East India,Fashion,9,12684.43,12,0
2025-10-17,East India,Fashion,15,24038.53,26,1
2025-10-18,East India,Fashion,12,22551.64,17,0
2025-10-19,East India,Fashion,17,29707.05,24,0
2025-10-20,East India,Fashion,8,12458.85,13,0
2025-10-21,East India,Fashion,8,8650.78,12,0
2025-10-22,East India,Fashion,4,7446.72,7,0
2025-10-23,East India,Fashion,8,10425.06,12,0
2025-10-24,East India,Fashion,10,14535.02,16,0
2025-10-25,East India,Fashion,18,24118.04,33,0
2025-10-26,East India,Fashion,17,21552.71,25,1
2025-10-27,East India,Fashion,11,14576.66,16,0
2025-10-28,East India,Fashion,12,11113.01,17,0
2025-10-29,East India,Fashion,14,18892.2,22,0
2025-10-30,East India,Fashion,17,17653.8,24,0
2025-10-31,East India,Fashion,12,23552.59,19,0
2025-11-01,East India,Fashion,23,37038.79,33,0
2025-11-02,East India,Fashion,15,17293.72,26,1
2025-11-03,East India,Fashion,16,20922.28,22,0
2025-11-04,East India,Fashion,10,13311.46,17,0
2025-11-05,East India,Fashion,12,18648.47,21,1
2025-11-06,East India,Fashion,11,15480.72,19,1
2025-11-07,East India,Fashion,11,17870.61,19,0
2025-11-08,East India,Fashion,20,24918.82,31,1
2025-11-09,East India,Fashion,12,20473.63,17,0
2025-11-10,East India,Fashion,13,28437.09,21,0
2025-11-11,East India,Fashion,14,22295.37,20,0
2025-11-12,East India,Fashion,11,14370.12,19,0
2025-11-13,East India,Fashion,8,11534.52,15,0
2025-11-14,East India,Fashion,7,10639.08,11,0
2025-11-15,East India,Fashion,18,29403.17,32,0
2025-11-16,East India,Fashion,16,22691.88,24,0
2025-11-17,East India,Fashion,12,15125.5,20,0
2025-11-18,East India,Fashion,10,19900.25,16,0
2025-11-19,East India,Fashion,12,20432.6,19,0
2025-11-20,East India,Fashion,10,21984.59,17,0
2025-11-21,East India,Fashion,11,16772.87,15,0
2025-11-22,East India,Fashion,16,20571.64,26,1
2025-11-23,East India,Fashion,13,27057.19,24,0
2025-11-24,East India,Fashion,12,17307.34,22,0
2025-11-25,East India,Fashion,9,9771.06,16,0
2025-11-26,East India,Fashion,7,10347.97,10,0
2025-11-27,East India,Fashion,11,12889.74,16,0
2025-11-28,East India,Fashion,12,19856.06,21,0
2025-11-29,East India,Fashion,18,26715.29,26,0
2025-11-30,East India,Fashion,18,30113.17,33,1
2025-12-01,East India,Fashion,14,18349.64,25,0
2025-12-02,East India,Fashion,6,7557.8,11,0
2025-12-03,East India,Fashion,7,9469.97,11,0
2025-12-04,East India,Fashion,8,9434.85,13,0
2025-12-05,East India,Fashion,11,24953.76,20,1
2025-12-06,East India,Fashion,12,23612.0,21,1
2025-12-07,East India,Fashion,10,16406.04,14,0
2025-12-08,East India,Fashion,7,11311.95,12,0
2025-12-09,East India,Fashion,7,10017.4,11,0
2025-12-10,East India,Fashion,2,3666.06,3,0
2025-12-11,East India,Fashion,6,6910.58,11,0
2025-12-12,East India,Fashion,6,9183.29,8,0
2025-12-13,East India,Fashion,11,10142.33,18,1
2025-12-14,East India,Fashion,11,14817.3,18,0
2025-12-15,East India,Fashion,8,13993.33,13,0
2025-12-16,East India,Fashion,11,9210.22,16,0
2025-12-17,East India,Fashion,7,7037.3,10,0
2025-12-18,East India,Fashion,12,20957.83,18,0
2025-12-19,East India,Fashion,6,9421.24,10,0
2025-12-20,East India,Fashion,10,15302.4,18,0
2025-12-21,East India,Fashion,12,20092.54,22,0
2025-12-22,East India,Fashion,9,8864.48,14,0
2025-12-23,East India,Fashion,11,20708.85,20,0
2025-12-24,East India,Fashion,8,9968.64,12,0
2025-12-25,East India,Fashion,5,7144.47,7,0
2025-12-26,East India,Fashion,5,8869.48,8,0
2025-12-27,East India,Fashion,7,13829.4,12,0
2025-12-28,East India,Fashion,14,15652.84,21,0
2025-12-29,East India,Fashion,8,15333.59,12,0
2025-12-30,East India,Fashion,5,6333.36,7,0
2025-12-31,East India,Fashion,5,6610.73,8,0
2024-01-01,East India,Home & Living,6,10248.37,10,0
2024-01-02,East India,Home & Living,5,7788.02,7,0
2024-01-03,East India,Home & Living,5,9651.06,8,0
2024-01-04,East India,Home & Living,4,7279.3,7,0
2024-01-05,East India,Home & Living,5,7258.76,8,0
2024-01-06,East India,Home & Living,4,5314.94,7,0
2024-01-07,East India,Home & Living,9,16128.24,15,0
2024-01-09,East India,Home & Living,13,22656.86,23,0
2024-01-10,East India,Home & Living,6,10218.74,8,0
2024-01-11,East India,Home & Living,2,4259.02,3,0
2024-01-12,East India,Home & Living,1,1929.13,1,0
2024-01-13,East India,Home & Living,10,14237.15,18,0
2024-01-14,East India,Home & Living,6,9080.49,10,0
2024-01-15,East India,Home & Living,5,6097.49,8,0
2024-01-16,East India,Home & Living,4,8138.6,6,0
2024-01-17,East India,Home & Living,3,4367.33,5,0
2024-01-18,East India,Home & Living,6,14436.48,9,0
2024-01-19,East India,Home & Living,4,6336.33,7,0
2024-01-20,East India,Home & Living,4,9783.11,5,0
2024-01-21,East India,Home & Living,5,8291.06,9,0
2024-01-22,East India,Home & Living,4,7750.29,6,0
2024-01-23,East India,Home & Living,4,6158.0,7,0
2024-01-24,East India,Home & Living,2,3941.68,3,0
2024-01-25,East India,Home & Living,4,9779.17,7,0
2024-01-26,East India,Home & Living,2,3643.49,3,0
2024-01-27,East India,Home & Living,13,27604.73,22,1
2024-01-28,East India,Home & Living,9,22282.22,16,0
2024-01-29,East India,Home & Living,2,3163.02,3,0
2024-01-30,East India,Home & Living,6,10798.56,10,0
2024-01-31,East India,Home & Living,2,3521.3,3,0
2024-02-01,East India,Home & Living,4,8938.75,6,0
2024-02-02,East India,Home & Living,2,2733.99,3,0
2024-02-03,East India,Home & Living,4,9007.48,6,0
2024-02-04,East India,Home & Living,6,13530.57,11,0
2024-02-05,East India,Home & Living,4,8328.73,6,0
2024-02-06,East India,Home & Living,3,5605.01,4,0
2024-02-07,East India,Home & Living,5,9973.69,8,0
2024-02-08,East India,Home & Living,3,6323.93,4,0
2024-02-09,East India,Home & Living,3,5483.42,4,0
2024-02-10,East India,Home & Living,4,6785.7,7,0
2024-02-11,East India,Home & Living,3,2857.8,4,0
2024-02-12,East India,Home & Living,4,5645.8,6,0
2024-02-13,East India,Home & Living,4,7303.7,5,0
2024-02-14,East India,Home & Living,2,4729.37,2,0
2024-02-15,East India,Home & Living,2,3829.86,3,0
2024-02-17,East India,Home & Living,5,7088.96,7,0
2024-02-18,East India,Home & Living,7,14048.52,10,0
2024-02-19,East India,Home & Living,6,14299.44,9,0
2024-02-20,East India,Home & Living,5,9586.25,8,0
2024-02-21,East India,Home & Living,2,3187.03,3,0
2024-02-22,East India,Home & Living,4,8742.11,7,0
2024-02-23,East India,Home & Living,2,4128.59,2,0
2024-02-24,East India,Home & Living,3,5257.45,5,0
2024-02-25,East India,Home & Living,11,20771.42,20,0
2024-02-26,East India,Home & Living,4,6969.14,7,0
2024-02-27,East India,Home & Living,3,6201.7,4,0
2024-02-28,East India,Home & Living,5,8889.52,8,0
2024-02-29,East India,Home & Living,9,15222.2,14,0
2024-03-01,East India,Home & Living,6,11129.78,9,0
2024-03-02,East India,Home & Living,6,8280.1,10,0
2024-03-03,East India,Home & Living,4,7182.74,7,0
2024-03-04,East India,Home & Living,3,3305.02,4,0
2024-03-05,East India,Home & Living,6,10720.21,9,0
2024-03-06,East India,Home & Living,5,7468.44,7,0
2024-03-07,East India,Home & Living,3,5603.1,4,0
2024-03-08,East India,Home & Living,1,2050.71,1,0
2024-03-09,East India,Home & Living,9,12062.53,14,0
2024-03-10,East India,Home & Living,14,26815.99,21,0
2024-03-11,East India,Home & Living,3,6449.08,5,0
2024-03-12,East India,Home & Living,5,12257.28,8,0
2024-03-13,East India,Home & Living,1,1867.48,1,0
2024-03-14,East India,Home & Living,2,2763.17,3,0
2024-03-15,East India,Home & Living,6,13156.1,11,0
2024-03-16,East India,Home & Living,7,9158.63,10,0
2024-03-17,East India,Home & Living,2,3578.18,3,0
2024-03-18,East India,Home & Living,5,9708.64,9,0
2024-03-19,East India,Home & Living,4,6105.78,5,0
2024-03-20,East India,Home & Living,7,13720.79,11,0
2024-03-21,East India,Home & Living,2,3148.72,3,0
2024-03-22,East India,Home & Living,4,6254.84,6,0
2024-03-23,East India,Home & Living,11,22219.16,20,0
2024-03-24,East India,Home & Living,6,9369.83,10,0
2024-03-25,East India,Home & Living,2,4148.71,3,0
2024-03-26,East India,Home & Living,3,4519.85,4,0
2024-03-27,East India,Home & Living,2,3732.52,3,0
2024-03-28,East India,Home & Living,2,2727.75,3,0
2024-03-29,East India,Home & Living,2,5335.37,3,0
2024-03-30,East India,Home & Living,5,9795.02,7,0
2024-03-31,East India,Home & Living,5,8662.76,9,0
2024-04-01,East India,Home & Living,6,14391.89,11,0
2024-04-02,East India,Home & Living,4,9307.4,7,0
2024-04-03,East India,Home & Living,7,13374.01,12,0
2024-04-05,East India,Home & Living,1,2725.06,1,0
2024-04-06,East India,Home & Living,8,12918.6,14,0
2024-04-07,East India,Home & Living,10,19314.05,18,0
2024-04-08,East India,Home & Living,2,3582.48,3,0
2024-04-09,East India,Home & Living,5,8469.59,7,0
2024-04-10,East India,Home & Living,1,1563.33,1,0
2024-04-11,East India,Home & Living,1,1335.99,1,0
2024-04-12,East India,Home & Living,4,8883.47,5,0
2024-04-13,East India,Home & Living,4,9154.6,6,0
2024-04-14,East India,Home & Living,6,9502.28,9,0
2024-04-15,East India,Home & Living,1,2148.85,1,0
2024-04-16,East India,Home & Living,3,5409.42,4,0
2024-04-17,East India,Home & Living,5,7565.23,8,0
2024-04-18,East India,Home & Living,3,3711.57,4,0
2024-04-19,East India,Home & Living,4,7201.64,6,0
2024-04-20,East India,Home & Living,6,14329.19,9,0
2024-04-21,East India,Home & Living,7,11421.05,12,0
2024-04-22,East India,Home & Living,5,9851.9,8,0
2024-04-23,East India,Home & Living,3,5236.59,4,0
2024-04-24,East India,Home & Living,2,3619.59,3,0
2024-04-25,East India,Home & Living,3,3341.65,5,0
2024-04-26,East India,Home & Living,3,5243.75,5,0
2024-04-27,East India,Home & Living,4,8881.25,7,0
2024-04-28,East India,Home & Living,8,17881.74,15,0
2024-04-29,East India,Home & Living,3,5785.01,5,0
2024-04-30,East India,Home & Living,5,6828.13,9,0
2024-05-01,East India,Home & Living,2,4046.67,3,0
2024-05-02,East India,Home & Living,6,13609.46,10,0
2024-05-03,East India,Home & Living,3,5775.31,5,0
2024-05-04,East India,Home & Living,1,2369.62,1,0
2024-05-05,East India,Home & Living,3,5836.18,4,0
2024-05-06,East India,Home & Living,4,6167.56,7,0
2024-05-07,East India,Home & Living,5,9386.61,8,0
2024-05-08,East India,Home & Living,6,13204.73,10,0
2024-05-09,East India,Home & Living,5,7612.32,9,0
2024-05-10,East India,Home & Living,4,6657.83,5,0
2024-05-11,East India,Home & Living,4,7371.41,7,0
2024-05-12,East India,Home & Living,1,1604.99,1,0
2024-05-13,East India,Home & Living,10,17083.79,14,0
2024-05-14,East India,Home & Living,6,9927.75,9,0
2024-05-15,East India,Home & Living,4,8745.27,7,0
2024-05-16,East India,Home & Living,1,1994.19,1,0
2024-05-17,East India,Home & Living,4,7514.93,5,0
2024-05-18,East India,Home & Living,6,11890.45,9,0
2024-05-19,East India,Home & Living,11,15756.36,19,0
2024-05-20,East India,Home & Living,7,12701.23,12,0
2024-05-21,East India,Home & Living,3,5477.5,5,0
2024-05-22,East India,Home & Living,4,7839.31,6,0
2024-05-23,East India,Home & Living,5,9575.21,7,0
2024-05-24,East India,Home & Living,4,7672.99,5,0
2024-05-25,East India,Home & Living,4,8961.53,6,0
2024-05-26,East India,Home & Living,3,5137.36,5,0
2024-05-27,East India,Home & Living,1,1607.35,1,0
2024-05-28,East India,Home & Living,6,11156.71,9,0
2024-05-29,East India,Home & Living,4,7429.37,5,0
2024-05-30,East India,Home & Living,3,6262.29,4,0
2024-05-31,East India,Home & Living,3,3991.95,4,0
2024-06-01,East India,Home & Living,6,11232.98,10,0
2024-06-02,East India,Home & Living,4,6735.57,6,0
2024-06-03,East India,Home & Living,4,5734.76,6,0
2024-06-04,East India,Home & Living,3,5366.46,4,0
2024-06-05,East India,Home & Living,5,7872.4,8,0
2024-06-06,East India,Home & Living,7,13960.56,12,0
2024-06-07,East India,Home & Living,7,7655.72,12,0
2024-06-08,East India,Home & Living,1,1305.81,1,0
2024-06-09,East India,Home & Living,2,3412.72,3,0
2024-06-10,East India,Home & Living,2,3854.82,3,0
2024-06-11,East India,Home & Living,4,7202.72,6,0
2024-06-12,East India,Home & Living,2,3120.15,3,0
2024-06-13,East India,Home & Living,5,8977.36,7,0
2024-06-14,East India,Home & Living,8,14302.73,12,0
2024-06-15,East India,Home & Living,5,9393.47,8,0
2024-06-16,East India,Home & Living,3,4763.76,5,0
2024-06-17,East India,Home & Living,3,6810.22,5,0
2024-06-18,East India,Home & Living,3,4916.69,5,0
2024-06-19,East India,Home & Living,6,13115.33,11,0
2024-06-20,East India,Home & Living,5,8748.99,7,0
2024-06-21,East India,Home & Living,10,24646.35,15,0
2024-06-22,East India,Home & Living,8,15048.59,11,0
2024-06-23,East India,Home & Living,2,3423.92,3,0
2024-06-24,East India,Home & Living,2,3065.48,3,0
2024-06-25,East India,Home & Living,4,6153.36,6,0
2024-06-26,East India,Home & Living,6,13548.07,8,0
2024-06-27,East India,Home & Living,6,9561.02,8,0
2024-06-28,East India,Home & Living,3,4295.82,4,0
2024-06-29,East India,Home & Living,10,15182.38,16,0
2024-06-30,East India,Home & Living,10,20569.76,16,0
2024-07-01,East India,Home & Living,3,5591.78,5,0
2024-07-02,East India,Home & Living,3,4743.61,5,0
2024-07-03,East India,Home & Living,4,6511.86,7,0
2024-07-04,East India,Home & Living,3,5002.14,5,0
2024-07-05,East India,Home & Living,1,2156.18,1,0
2024-07-06,East India,Home & Living,9,14587.29,13,0
2024-07-07,East India,Home & Living,10,13078.76,17,0
2024-07-08,East India,Home & Living,2,4229.75,3,0
2024-07-09,East India,Home & Living,1,1261.49,1,0
2024-07-10,East India,Home & Living,5,9573.7,8,0
2024-07-11,East India,Home & Living,5,9109.51,8,0
2024-07-12,East India,Home & Living,7,15107.94,11,0
2024-07-13,East India,Home & Living,8,14925.08,11,0
2024-07-14,East India,Home & Living,9,22729.17,14,0
2024-07-15,East India,Home & Living,1,1448.23,1,0
2024-07-16,East India,Home & Living,3,6030.54,5,0
2024-07-17,East India,Home & Living,5,7903.16,8,0
2024-07-18,East India,Home & Living,6,8280.7,9,0
2024-07-19,East India,Home & Living,7,15114.65,12,0
2024-07-20,East India,Home & Living,5,12213.48,7,0
2024-07-21,East India,Home & Living,12,19169.5,19,0
2024-07-22,East India,Home & Living,5,7774.22,9,0
2024-07-23,East India,Home & Living,5,10030.18,8,0
2024-07-24,East India,Home & Living,1,1426.17,1,0
2024-07-25,East India,Home & Living,4,5530.42,6,0
2024-07-26,East India,Home & Living,2,2841.12,3,0
2024-07-27,East India,Home & Living,6,9709.87,9,0
2024-07-28,East India,Home & Living,5,7168.31,7,0
2024-07-29,East India,Home & Living,3,5894.63,5,0
2024-07-30,East India,Home & Living,3,5411.16,4,0
2024-07-31,East India,Home & Living,6,10240.33,9,0
2024-08-01,East India,Home & Living,2,4105.6,3,0
2024-08-02,East India,Home & Living,1,1439.41,1,0
2024-08-03,East India,Home & Living,7,12967.71,12,0
2024-08-04,East India,Home & Living,5,10691.66,7,0
2024-08-05,East India,Home & Living,3,6234.05,4,0
2024-08-06,East India,Home & Living,3,5044.98,4,0
2024-08-07,East India,Home & Living,5,15455.96,7,0
2024-08-08,East India,Home & Living,1,1625.04,1,0
2024-08-09,East India,Home & Living,9,14612.77,14,0
2024-08-10,East India,Home & Living,5,10340.86,7,0
2024-08-11,East India,Home & Living,7,12982.08,12,0
2024-08-12,East India,Home & Living,7,12350.86,10,0
2024-08-13,East India,Home & Living,7,12351.71,13,0
2024-08-14,East India,Home & Living,7,12708.05,11,0
2024-08-15,East India,Home & Living,2,2907.6,3,0
2024-08-16,East India,Home & Living,3,4620.29,5,0
2024-08-17,East India,Home & Living,7,13521.83,11,0
2024-08-18,East India,Home & Living,11,23884.57,20,0
2024-08-19,East India,Home & Living,6,9630.81,9,0
2024-08-20,East India,Home & Living,6,9564.19,9,0
2024-08-21,East India,Home & Living,3,5516.97,5,0
2024-08-22,East India,Home & Living,9,13932.32,16,0
2024-08-23,East India,Home & Living,5,10529.85,9,0
2024-08-24,East India,Home & Living,6,11507.22,10,0
2024-08-25,East India,Home & Living,4,10267.56,6,0
2024-08-26,East India,Home & Living,5,10260.89,7,0
2024-08-27,East India,Home & Living,8,20754.21,14,0
2024-08-28,East India,Home & Living,6,11506.25,9,0
2024-08-29,East India,Home & Living,3,4564.74,4,0
2024-08-30,East India,Home & Living,4,5364.08,5,0
2024-08-31,East India,Home & Living,10,22507.97,17,0
2024-09-01,East India,Home & Living,9,18013.76,13,0
2024-09-02,East India,Home & Living,5,5488.37,8,0
2024-09-03,East India,Home & Living,3,5701.25,5,0
2024-09-04,East India,Home & Living,5,7480.34,8,0
2024-09-05,East India,Home & Living,8,13664.01,14,0
2024-09-06,East India,Home & Living,3,5416.34,5,0
2024-09-07,East India,Home & Living,13,19250.02,18,0
2024-09-08,East India,Home & Living,6,11821.79,11,0
2024-09-09,East India,Home & Living,4,8308.35,6,0
2024-09-10,East India,Home & Living,5,8829.89,9,0
2024-09-11,East India,Home & Living,3,4444.98,4,0
2024-09-12,East India,Home & Living,5,11678.12,7,0
2024-09-13,East India,Home & Living,7,9128.02,11,0
2024-09-14,East India,Home & Living,7,12502.99,13,0
2024-09-15,East India,Home & Living,7,12128.61,12,0
2024-09-16,East India,Home & Living,1,1618.81,1,0
2024-09-17,East India,Home & Living,3,5606.08,4,0
2024-09-18,East India,Home & Living,6,9032.11,9,0
2024-09-19,East India,Home & Living,3,5157.25,5,0
2024-09-20,East India,Home & Living,3,6228.46,5,0
2024-09-21,East India,Home & Living,8,13611.73,14,0
2024-09-22,East India,Home & Living,13,22293.31,24,0
2024-09-23,East India,Home & Living,8,17886.51,11,0
2024-09-24,East India,Home & Living,2,3312.47,3,0
2024-09-25,East India,Home & Living,7,12625.26,11,0
2024-09-26,East India,Home & Living,3,4595.79,5,0
2024-09-27,East India,Home & Living,3,4675.03,4,0
2024-09-28,East India,Home & Living,7,13755.78,10,0
2024-09-29,East India,Home & Living,12,22450.96,18,0
2024-09-30,East India,Home & Living,6,14253.77,10,0
2024-10-01,East India,Home & Living,10,19885.55,16,0
2024-10-02,East India,Home & Living,6,9518.74,11,0
2024-10-03,East India,Home & Living,4,7420.48,6,0
2024-10-04,East India,Home & Living,8,14065.27,13,0
2024-10-05,East India,Home & Living,8,18946.26,11,0
2024-10-06,East India,Home & Living,9,17387.82,16,0
2024-10-07,East India,Home & Living,8,12245.18,12,0
2024-10-08,East India,Home & Living,6,9704.66,8,0
2024-10-09,East India,Home & Living,5,8430.3,8,0
2024-10-10,East India,Home & Living,7,14255.14,10,0
2024-10-11,East India,Home & Living,5,9744.94,8,0
2024-10-12,East India,Home & Living,11,27943.03,18,0
2024-10-13,East India,Home & Living,9,15362.3,13,0
2024-10-14,East India,Home & Living,3,5731.53,5,0
2024-10-15,East India,Home & Living,7,12094.02,12,0
2024-10-16,East India,Home & Living,6,7445.03,8,0
2024-10-17,East India,Home & Living,6,10859.11,8,0
2024-10-18,East India,Home & Living,5,10807.42,7,0
2024-10-19,East India,Home & Living,8,16196.7,14,0
2024-10-20,East India,Home & Living,19,31365.85,30,1
2024-10-21,East India,Home & Living,7,14922.34,9,0
2024-10-22,East India,Home & Living,6,8766.25,8,0
2024-10-23,East India,Home & Living,9,17391.54,12,0
2024-10-24,East India,Home & Living,4,7863.32,6,0
2024-10-25,East India,Home & Living,7,12132.44,12,0
2024-10-26,East India,Home & Living,6,7902.26,9,0
2024-10-27,East India,Home & Living,11,20547.85,18,0
2024-10-28,East India,Home & Living,11,12287.41,15,0
2024-10-29,East India,Home & Living,4,9019.73,5,0
2024-10-30,East India,Home & Living,9,18042.04,16,0
2024-10-31,East India,Home & Living,11,19333.95,16,0
2024-11-01,East India,Home & Living,8,12561.6,11,0
2024-11-02,East India,Home & Living,11,16368.75,18,0
2024-11-03,East India,Home & Living,10,16611.75,15,0
2024-11-04,East India,Home & Living,6,13083.95,10,0
2024-11-05,East India,Home & Living,5,6150.71,8,0
2024-11-06,East India,Home & Living,6,9570.16,10,0
2024-11-07,East India,Home & Living,11,20098.71,20,0
2024-11-08,East India,Home & Living,5,7757.99,8,0
2024-11-09,East India,Home & Living,8,10714.4,11,0
2024-11-10,East India,Home & Living,10,18006.44,15,0
2024-11-11,East India,Home & Living,11,18356.75,17,0
2024-11-12,East India,Home & Living,10,18624.12,16,0
2024-11-13,East India,Home & Living,8,21414.44,14,0
2024-11-14,East India,Home & Living,9,13550.14,14,0
2024-11-15,East India,Home & Living,7,13454.2,12,0
2024-11-16,East India,Home & Living,10,10735.55,17,0
2024-11-17,East India,Home & Living,3,4241.01,4,0
2024-11-18,East India,Home & Living,8,12990.34,11,0
2024-11-19,East India,Home & Living,6,10950.52,8,0
2024-11-20,East India,Home & Living,9,12148.08,15,0
2024-11-21,East India,Home & Living,8,13695.36,14,0
2024-11-22,East India,Home & Living,6,10684.54,8,0
2024-11-23,East India,Home & Living,11,19396.23,15,0
2024-11-24,East India,Home & Living,13,23316.1,21,0
2024-11-25,East India,Home & Living,12,21777.58,22,0
2024-11-26,East India,Home & Living,5,11166.62,8,0
2024-11-27,East India,Home & Living,7,15364.18,11,0
2024-11-28,East India,Home & Living,7,14434.84,10,0
2024-11-29,East India,Home & Living,16,31083.78,27,1
2024-11-30,East India,Home & Living,11,22787.86,16,0
2024-12-01,East India,Home & Living,6,12181.97,9,0
2024-12-02,East India,Home & Living,3,4744.54,4,0
2024-12-03,East India,Home & Living,1,2279.64,1,0
2024-12-04,East India,Home & Living,2,3367.51,2,0
2024-12-05,East India,Home & Living,7,11735.23,11,0
2024-12-06,East India,Home & Living,4,6628.22,6,0
2024-12-07,East India,Home & Living,6,4920.03,8,0
2024-12-08,East India,Home & Living,8,13062.4,13,0
2024-12-09,East India,Home & Living,8,14322.26,14,0
2024-12-10,East India,Home & Living,7,14452.28,12,0
2024-12-11,East India,Home & Living,3,5644.76,5,0
2024-12-12,East India,Home & Living,3,3870.37,5,0
2024-12-13,East India,Home & Living,3,5845.8,4,0
2024-12-14,East India,Home & Living,10,22261.51,14,0
2024-12-15,East India,Home & Living,9,15713.13,16,0
2024-12-16,East India,Home & Living,2,3331.47,3,0
2024-12-17,East India,Home & Living,4,6511.78,6,0
2024-12-18,East India,Home & Living,3,7481.81,4,0
2024-12-19,East India,Home & Living,5,11211.13,8,0
2024-12-20,East India,Home & Living,5,10462.36,7,0
2024-12-21,East India,Home & Living,11,19022.75,19,0
2024-12-22,East India,Home & Living,7,10589.67,11,0
2024-12-23,East India,Home & Living,4,7416.98,6,0
2024-12-24,East India,Home & Living,4,5280.3,6,0
2024-12-26,East India,Home & Living,5,11258.16,9,0
2024-12-27,East India,Home & Living,10,15985.39,17,0
2024-12-28,East India,Home & Living,10,17064.69,14,0
2024-12-29,East India,Home & Living,2,4064.06,3,0
2024-12-30,East India,Home & Living,8,14312.98,13,0
2024-12-31,East India,Home & Living,6,10422.89,10,0
2025-01-01,East India,Home & Living,8,19470.17,15,0
2025-01-02,East India,Home & Living,6,8533.14,10,0
2025-01-03,East India,Home & Living,3,4764.12,5,0
2025-01-04,East India,Home & Living,5,12168.55,8,0
2025-01-05,East India,Home & Living,3,5585.8,5,0
2025-01-06,East India,Home & Living,5,12502.89,8,0
2025-01-07,East India,Home & Living,3,4297.76,4,0
2025-01-08,East India,Home & Living,3,6603.9,4,0
2025-01-09,East India,Home & Living,1,1253.63,1,0
2025-01-10,East India,Home & Living,8,15380.55,14,0
2025-01-11,East India,Home & Living,9,19525.0,14,0
2025-01-12,East India,Home & Living,6,9181.14,8,0
2025-01-13,East India,Home & Living,5,9988.46,8,0
2025-01-14,East India,Home & Living,4,7614.65,6,0
2025-01-15,East India,Home & Living,4,5791.8,5,0
2025-01-16,East India,Home & Living,5,6795.37,7,0
2025-01-17,East India,Home & Living,4,5918.62,7,0
2025-01-18,East India,Home & Living,5,10630.93,8,0
2025-01-19,East India,Home & Living,7,13063.12,12,0
2025-01-20,East India,Home & Living,3,5261.55,4,0
2025-01-21,East India,Home & Living,1,1914.81,1,0
2025-01-22,East India,Home & Living,6,8237.69,9,0
2025-01-23,East India,Home & Living,3,5639.69,4,0
2025-01-24,East India,Home & Living,4,6732.51,5,0
2025-01-25,East India,Home & Living,7,8830.83,10,0
2025-01-26,East India,Home & Living,6,11584.59,11,0
2025-01-27,East India,Home & Living,1,1940.41,1,0
2025-01-28,East India,Home & Living,3,6058.32,5,0
2025-01-29,East India,Home & Living,5,6435.74,8,0
2025-01-30,East India,Home & Living,4,8442.41,7,0
2025-01-31,East India,Home & Living,9,19048.35,13,0
2025-02-01,East India,Home & Living,6,10399.53,8,0
2025-02-02,East India,Home & Living,8,15736.48,12,0
2025-02-03,East India,Home & Living,2,4232.54,3,0
2025-02-04,East India,Home & Living,7,13560.6,10,0
2025-02-05,East India,Home & Living,9,11671.51,15,0
2025-02-06,East India,Home & Living,6,7202.4,9,0
2025-02-07,East India,Home & Living,3,5355.48,5,0
2025-02-08,East India,Home & Living,7,15166.82,12,0
2025-02-09,East India,Home & Living,8,11051.86,12,0
2025-02-10,East India,Home & Living,8,11711.4,13,0
2025-02-11,East India,Home & Living,5,9787.11,7,0
2025-02-12,East India,Home & Living,5,10416.9,9,0
2025-02-13,East India,Home & Living,10,16876.15,15,0
2025-02-14,East India,Home & Living,4,8118.71,5,0
2025-02-15,East India,Home & Living,6,8703.84,8,0
2025-02-16,East India,Home & Living,6,9314.65,8,0
2025-02-17,East India,Home & Living,5,11723.01,8,0
2025-02-18,East India,Home & Living,4,6663.97,7,0
2025-02-19,East India,Home & Living,5,10418.38,7,0
2025-02-20,East India,Home & Living,2,5054.47,3,0
2025-02-21,East India,Home & Living,6,12177.99,9,0
2025-02-22,East India,Home & Living,4,6589.59,5,0
2025-02-23,East India,Home & Living,7,11980.34,12,0
2025-02-24,East India,Home & Living,4,10940.1,6,0
2025-02-25,East India,Home & Living,4,7842.29,6,0
2025-02-26,East India,Home & Living,2,3243.32,3,0
2025-02-27,East India,Home & Living,1,1779.09,1,0
2025-02-28,East India,Home & Living,9,16753.69,15,0
2025-03-01,East India,Home & Living,8,15368.79,11,0
2025-03-02,East India,Home & Living,9,22866.41,16,0
2025-03-03,East India,Home & Living,7,14145.02,10,0
2025-03-04,East India,Home & Living,7,13314.88,11,0
2025-03-05,East India,Home & Living,6,9035.11,10,0
2025-03-06,East India,Home & Living,5,6426.06,8,0
2025-03-07,East India,Home & Living,1,2257.58,1,0
2025-03-08,East India,Home & Living,8,15916.05,13,0
2025-03-09,East India,Home & Living,9,22129.92,15,0
2025-03-10,East India,Home & Living,7,10694.29,12,0
2025-03-11,East India,Home & Living,7,11239.89,9,0
2025-03-12,East India,Home & Living,4,7975.21,7,0
2025-03-13,East India,Home & Living,6,7555.94,9,0
2025-03-14,East India,Home & Living,5,10095.35,9,0
2025-03-15,East India,Home & Living,7,10263.17,11,0
2025-03-16,East India,Home & Living,6,11309.58,10,0
2025-03-17,East India,Home & Living,7,12032.03,10,0
2025-03-18,East India,Home & Living,2,3078.49,3,0
2025-03-19,East India,Home & Living,1,2065.47,1,0
2025-03-20,East India,Home & Living,3,4999.38,5,0
2025-03-21,East India,Home & Living,6,13299.6,10,0
2025-03-22,East India,Home & Living,10,17117.69,18,0
2025-03-23,East India,Home & Living,8,18872.41,12,0
2025-03-24,East India,Home & Living,4,6251.17,6,0
2025-03-25,East India,Home & Living,3,4619.24,5,0
2025-03-26,East India,Home & Living,3,5726.67,5,0
2025-03-27,East India,Home & Living,13,20708.97,21,1
2025-03-28,East India,Home & Living,3,4735.81,4,0
2025-03-29,East India,Home & Living,12,29409.8,22,0
2025-03-30,East India,Home & Living,12,23211.63,21,1
2025-03-31,East India,Home & Living,10,15097.79,14,0
2025-04-01,East India,Home & Living,6,11347.67,9,0
2025-04-02,East India,Home & Living,3,4074.76,4,0
2025-04-03,East India,Home & Living,6,10687.11,8,0
2025-04-04,East India,Home & Living,7,12948.06,9,0
2025-04-05,East India,Home & Living,7,11642.15,10,0
2025-04-06,East India,Home & Living,11,19449.76,16,0
2025-04-07,East India,Home & Living,4,7127.28,7,0
2025-04-08,East India,Home & Living,3,6479.55,4,0
2025-04-09,East India,Home & Living,4,5712.88,6,0
2025-04-10,East India,Home & Living,3,5401.68,5,0
2025-04-11,East India,Home & Living,7,9726.94,10,0
2025-04-12,East India,Home & Living,6,10498.48,9,0
2025-04-13,East India,Home & Living,5,11153.38,9,0
2025-04-14,East India,Home & Living,3,4693.0,5,0
2025-04-15,East India,Home & Living,4,11411.37,6,0
2025-04-17,East India,Home & Living,5,8503.01,8,0
2025-04-18,East India,Home & Living,2,2853.62,3,0
2025-04-19,East India,Home & Living,9,20135.45,15,0
2025-04-20,East India,Home & Living,9,16675.24,12,0
2025-04-21,East India,Home & Living,6,8439.56,9,0
2025-04-22,East India,Home & Living,5,7348.59,9,0
2025-04-23,East India,Home & Living,1,2120.18,1,0
2025-04-24,East India,Home & Living,7,11647.79,13,0
2025-04-25,East India,Home & Living,4,7308.61,5,0
2025-04-26,East India,Home & Living,5,6179.26,9,0
2025-04-27,East India,Home & Living,7,13688.4,12,0
2025-04-28,East India,Home & Living,2,3114.13,2,0
2025-04-29,East India,Home & Living,6,12869.87,8,0
2025-04-30,East India,Home & Living,8,16076.29,13,0
2025-05-01,East India,Home & Living,6,7238.5,9,0
2025-05-02,East India,Home & Living,7,14664.26,12,0
2025-05-03,East India,Home & Living,11,16465.33,17,0
2025-05-04,East India,Home & Living,8,19286.83,11,0
2025-05-05,East India,Home & Living,5,8867.9,8,0
2025-05-06,East India,Home & Living,7,12198.02,10,0
2025-05-07,East India,Home & Living,6,10803.23,10,0
2025-05-08,East India,Home & Living,3,7267.03,4,0
2025-05-09,East India,Home & Living,5,8112.57,7,0
2025-05-10,East India,Home & Living,9,15140.28,16,0
2025-05-11,East India,Home & Living,10,11868.98,16,0
2025-05-12,East India,Home & Living,3,4189.93,5,0
2025-05-13,East India,Home & Living,8,9519.73,11,0
2025-05-14,East India,Home & Living,7,14512.2,10,0
2025-05-15,East India,Home & Living,6,11899.92,8,0
2025-05-16,East India,Home & Living,4,6824.24,5,0
2025-05-17,East India,Home & Living,6,15352.83,11,0
2025-05-18,East India,Home & Living,6,12702.63,11,0
2025-05-19,East India,Home & Living,4,6105.8,6,0
2025-05-20,East India,Home & Living,5,6506.56,9,0
2025-05-21,East India,Home & Living,7,10009.41,10,0
2025-05-22,East India,Home & Living,6,10886.51,9,0
2025-05-23,East India,Home & Living,5,8538.67,8,0
2025-05-24,East India,Home & Living,6,10731.2,9,0
2025-05-25,East India,Home & Living,6,6783.86,10,0
2025-05-26,East India,Home & Living,8,14390.3,11,0
2025-05-27,East India,Home & Living,5,10318.53,8,0
2025-05-28,East India,Home & Living,7,13687.35,12,0
2025-05-29,East India,Home & Living,10,14983.88,16,0
2025-05-30,East India,Home & Living,9,15651.73,13,0
2025-05-31,East India,Home & Living,9,18835.81,12,0
2025-06-01,East India,Home & Living,8,11115.2,12,0
2025-06-02,East India,Home & Living,4,6046.26,6,0
2025-06-03,East India,Home & Living,3,3989.14,4,0
2025-06-04,East India,Home & Living,4,6587.32,6,0
2025-06-05,East India,Home & Living,8,12223.31,11,0
2025-06-06,East India,Home & Living,3,4991.59,4,0
2025-06-07,East India,Home & Living,6,13357.5,9,0
2025-06-08,East India,Home & Living,8,21990.68,11,0
2025-06-09,East India,Home & Living,6,8278.62,10,0
2025-06-10,East India,Home & Living,7,11358.39,10,0
2025-06-11,East India,Home & Living,3,8091.03,4,0
2025-06-12,East India,Home & Living,3,4104.54,4,0
2025-06-13,East India,Home & Living,4,8032.96,5,0
2025-06-14,East India,Home & Living,8,17074.04,13,0
2025-06-15,East India,Home & Living,6,10828.52,9,0
2025-06-16,East India,Home & Living,5,11639.67,7,0
2025-06-17,East India,Home & Living,10,19317.17,18,1
2025-06-18,East India,Home & Living,5,9456.53,8,0
2025-06-19,East India,Home & Living,5,10815.37,8,0
2025-06-20,East India,Home & Living,2,2302.98,3,0
2025-06-21,East India,Home & Living,9,17298.62,16,0
2025-06-22,East India,Home & Living,11,13782.77,18,0
2025-06-23,East India,Home & Living,3,5643.97,5,0
2025-06-24,East India,Home & Living,7,12715.13,12,0
2025-06-25,East India,Home & Living,7,11651.91,11,0
2025-06-26,East India,Home & Living,5,7029.04,8,0
2025-06-27,East India,Home & Living,3,5524.59,4,0
2025-06-28,East India,Home & Living,10,24244.38,17,0
2025-06-29,East India,Home & Living,5,8831.39,7,0
2025-06-30,East India,Home & Living,8,17808.02,11,0
2025-07-01,East India,Home & Living,6,7343.88,8,0
2025-07-02,East India,Home & Living,6,12899.7,11,0
2025-07-03,East India,Home & Living,8,20768.0,13,0
2025-07-04,East India,Home & Living,6,11419.77,9,0
2025-07-05,East India,Home & Living,7,8312.93,9,0
2025-07-06,East India,Home & Living,8,12835.04,13,0
2025-07-07,East India,Home & Living,3,4091.39,4,0
2025-07-08,East India,Home & Living,3,5219.74,5,0
2025-07-09,East India,Home & Living,6,9504.51,8,0
2025-07-10,East India,Home & Living,3,5871.22,5,0
2025-07-11,East India,Home & Living,6,9493.01,10,0
2025-07-12,East India,Home & Living,4,6044.49,5,0
2025-07-13,East India,Home & Living,3,6213.56,5,0
2025-07-14,East India,Home & Living,4,6684.97,5,0
2025-07-15,East India,Home & Living,4,7720.1,6,0
2025-07-16,East India,Home & Living,4,6579.55,6,0
2025-07-17,East India,Home & Living,5,10307.04,8,0
2025-07-18,East India,Home & Living,6,14778.71,10,0
2025-07-19,East India,Home & Living,11,14400.9,20,0
2025-07-20,East India,Home & Living,7,13870.17,11,0
2025-07-21,East India,Home & Living,9,14614.18,13,0
2025-07-22,East India,Home & Living,5,7652.19,7,0
2025-07-23,East India,Home & Living,10,11266.19,16,0
2025-07-24,East India,Home & Living,7,8543.43,10,0
2025-07-25,East India,Home & Living,5,12939.99,9,0
2025-07-26,East India,Home & Living,10,16703.74,18,0
2025-07-27,East India,Home & Living,8,8789.4,12,0
2025-07-28,East India,Home & Living,4,6140.91,7,0
2025-07-29,East India,Home & Living,5,7000.36,8,0
2025-07-30,East India,Home & Living,9,21670.69,15,0
2025-07-31,East India,Home & Living,8,13358.78,11,0
2025-08-01,East India,Home & Living,9,15868.39,17,0
2025-08-02,East India,Home & Living,6,11394.55,9,0
2025-08-03,East India,Home & Living,10,18666.71,15,0
2025-08-04,East India,Home & Living,7,12225.46,11,0
2025-08-05,East India,Home & Living,7,13249.85,12,0
2025-08-06,East India,Home & Living,7,10232.47,11,0
2025-08-07,East India,Home & Living,8,18129.28,11,0
2025-08-08,East India,Home & Living,3,4892.08,5,0
2025-08-09,East India,Home & Living,7,15391.49,11,0
2025-08-10,East India,Home & Living,7,13891.0,10,0
2025-08-11,East India,Home & Living,3,7148.56,5,0
2025-08-12,East India,Home & Living,7,14929.69,12,0
2025-08-13,East India,Home & Living,3,5202.54,5,0
2025-08-14,East India,Home & Living,2,2327.67,3,0
2025-08-15,East India,Home & Living,5,10562.22,7,0
2025-08-16,East India,Home & Living,8,12392.51,12,0
2025-08-17,East India,Home & Living,7,12851.59,10,0
2025-08-18,East India,Home & Living,8,17898.77,14,0
2025-08-19,East India,Home & Living,2,3732.87,3,0
2025-08-20,East India,Home & Living,6,15328.18,10,0
2025-08-21,East India,Home & Living,1,1675.47,1,0
2025-08-22,East India,Home & Living,3,5825.56,5,0
2025-08-23,East India,Home & Living,9,11336.33,15,0
2025-08-24,East India,Home & Living,10,16657.91,18,0
2025-08-25,East India,Home & Living,4,9640.01,7,0
2025-08-26,East India,Home & Living,4,4884.77,5,0
2025-08-27,East India,Home & Living,7,16834.07,12,0
2025-08-28,East India,Home & Living,5,7950.72,7,0
2025-08-29,East India,Home & Living,8,14250.98,12,0
2025-08-30,East India,Home & Living,5,6355.45,7,0
2025-08-31,East India,Home & Living,7,13191.66,12,0
2025-09-01,East India,Home & Living,7,16512.98,13,0
2025-09-02,East India,Home & Living,5,5219.92,9,0
2025-09-03,East India,Home & Living,6,12121.91,10,0
2025-09-04,East India,Home & Living,3,4251.08,5,0
2025-09-05,East India,Home & Living,5,9269.0,7,0
2025-09-06,East India,Home & Living,4,6460.16,7,0
2025-09-07,East India,Home & Living,13,21033.8,23,0
2025-09-08,East India,Home & Living,9,16012.53,14,0
2025-09-09,East India,Home & Living,6,10182.44,10,0
2025-09-10,East India,Home & Living,3,6743.93,5,0
2025-09-11,East India,Home & Living,2,2367.92,3,0
2025-09-12,East India,Home & Living,6,11470.54,10,0
2025-09-13,East India,Home & Living,9,14731.3,13,0
2025-09-14,East India,Home & Living,8,15211.99,14,0
2025-09-15,East India,Home & Living,4,8230.34,6,0
2025-09-16,East India,Home & Living,9,10571.37,13,0
2025-09-17,East India,Home & Living,6,11090.62,9,0
2025-09-18,East India,Home & Living,6,13680.17,9,0
2025-09-19,East India,Home & Living,2,4051.19,3,0
2025-09-20,East India,Home & Living,7,11971.57,10,0
2025-09-21,East India,Home & Living,7,17661.82,12,0
2025-09-22,East India,Home & Living,2,2587.97,3,0
2025-09-24,East India,Home & Living,3,6231.44,5,0
2025-09-25,East India,Home & Living,6,9489.17,11,0
2025-09-26,East India,Home & Living,3,3021.55,5,0
2025-09-27,East India,Home & Living,12,26155.33,20,0
2025-09-28,East India,Home & Living,16,29445.72,24,0
2025-09-29,East India,Home & Living,5,8786.47,9,0
2025-09-30,East India,Home & Living,9,15562.05,16,0
2025-10-01,East India,Home & Living,13,20809.45,22,0
2025-10-02,East India,Home & Living,8,13604.89,13,0
2025-10-03,East India,Home & Living,8,10955.99,12,0
2025-10-04,East India,Home & Living,24,44444.89,33,1
2025-10-05,East India,Home & Living,17,32325.69,30,0
2025-10-06,East India,Home & Living,7,15809.77,12,0
2025-10-07,East India,Home & Living,6,9119.61,9,0
2025-10-08,East India,Home & Living,7,8194.73,11,0
2025-10-09,East India,Home & Living,6,15949.31,10,0
2025-10-10,East India,Home & Living,3,5049.4,4,0
2025-10-11,East India,Home & Living,11,24709.98,20,0
2025-10-12,East India,Home & Living,12,27810.89,19,1
2025-10-13,East India,Home & Living,7,9928.48,10,0
2025-10-14,East India,Home & Living,9,18285.7,13,0
2025-10-15,East India,Home & Living,8,9121.22,12,0
2025-10-16,East India,Home & Living,10,13901.56,15,0
2025-10-17,East India,Home & Living,9,23507.17,14,0
2025-10-18,East India,Home & Living,11,20830.29,17,0
2025-10-19,East India,Home & Living,6,10129.34,9,0
2025-10-20,East India,Home & Living,10,16448.42,18,0
2025-10-21,East India,Home & Living,13,22796.88,23,1
2025-10-22,East India,Home & Living,13,26757.01,18,0
2025-10-23,East India,Home & Living,6,8740.78,11,0
2025-10-24,East India,Home & Living,3,5231.27,5,0
2025-10-25,East India,Home & Living,12,21836.75,20,0
2025-10-26,East India,Home & Living,9,15890.4,14,0
2025-10-27,East India,Home & Living,11,20769.85,16,0
2025-10-28,East India,Home & Living,12,20673.25,20,0
2025-10-29,East India,Home & Living,14,23120.46,22,1
2025-10-30,East India,Home & Living,7,13788.53,9,0
2025-10-31,East India,Home & Living,12,15739.08,17,0
2025-11-01,East India,Home & Living,10,15084.89,17,0
2025-11-02,East India,Home & Living,14,27740.81,22,1
2025-11-03,East India,Home & Living,11,17253.19,18,0
2025-11-04,East India,Home & Living,9,14719.57,13,0
2025-11-05,East India,Home & Living,7,13287.23,9,0
2025-11-06,East India,Home & Living,11,22876.84,19,0
2025-11-07,East India,Home & Living,4,5328.62,6,0
2025-11-08,East India,Home & Living,12,22098.23,18,0
2025-11-09,East India,Home & Living,13,22304.97,24,1
2025-11-10,East India,Home & Living,8,15913.73,12,0
2025-11-11,East India,Home & Living,7,10643.75,12,0
2025-11-12,East India,Home & Living,9,12973.66,12,0
2025-11-13,East India,Home & Living,13,16881.88,20,0
2025-11-14,East India,Home & Living,7,16684.96,10,0
2025-11-15,East India,Home & Living,17,32354.45,30,0
2025-11-16,East India,Home & Living,15,17782.96,26,1
2025-11-17,East India,Home & Living,9,13592.55,12,0
2025-11-18,East India,Home & Living,9,15300.22,12,0
2025-11-19,East India,Home & Living,10,15281.96,14,0
2025-11-20,East India,Home & Living,6,12626.2,10,0
2025-11-21,East India,Home & Living,7,11929.85,10,0
2025-11-22,East India,Home & Living,19,39539.31,34,1
2025-11-23,East India,Home & Living,13,22226.87,23,0
2025-11-24,East India,Home & Living,13,29795.66,19,1
2025-11-25,East India,Home & Living,12,22951.44,19,0
2025-11-26,East India,Home & Living,7,13476.16,12,0
2025-11-27,East India,Home & Living,7,14331.05,10,0
2025-11-28,East India,Home & Living,11,21484.56,18,1
2025-11-29,East India,Home & Living,15,16676.31,23,0
2025-11-30,East India,Home & Living,17,38104.48,26,0
2025-12-01,East India,Home & Living,5,11014.26,7,0
2025-12-02,East India,Home & Living,2,3705.54,3,0
2025-12-03,East India,Home & Living,4,7748.77,7,0
2025-12-04,East India,Home & Living,2,2267.08,3,0
2025-12-05,East India,Home & Living,5,9274.9,7,0
2025-12-06,East India,Home & Living,8,16576.26,14,0
2025-12-07,East India,Home & Living,5,12188.86,9,0
2025-12-08,East India,Home & Living,11,18953.24,18,0
2025-12-09,East India,Home & Living,3,7221.06,4,0
2025-12-10,East India,Home & Living,2,2592.87,3,0
2025-12-11,East India,Home & Living,10,16077.17,17,0
2025-12-12,East India,Home & Living,7,15259.9,10,0
2025-12-13,East India,Home & Living,9,19621.57,16,0
2025-12-14,East India,Home & Living,6,14399.1,8,0
2025-12-15,East India,Home & Living,9,15197.77,15,0
2025-12-16,East India,Home & Living,4,6648.1,5,0
2025-12-17,East India,Home & Living,5,8696.88,7,0
2025-12-18,East India,Home & Living,12,23703.74,18,0
2025-12-19,East India,Home & Living,7,16224.11,13,0
2025-12-20,East India,Home & Living,5,9212.78,7,0
2025-12-21,East India,Home & Living,8,13752.64,12,0
2025-12-22,East India,Home & Living,4,9057.26,6,0
2025-12-23,East India,Home & Living,5,9816.76,8,0
2025-12-24,East India,Home & Living,9,17145.19,13,0
2025-12-25,East India,Home & Living,4,7907.41,6,0
2025-12-26,East India,Home & Living,4,7927.49,7,0
2025-12-27,East India,Home & Living,8,14072.15,13,0
2025-12-28,East India,Home & Living,13,17561.27,21,0
2025-12-29,East India,Home & Living,10,21117.5,16,0
2025-12-30,East India,Home & Living,4,5915.0,6,0
2025-12-31,East India,Home & Living,3,3729.89,4,0
2024-01-01,East India,Beauty,4,4860.0,7,0
2024-01-02,East India,Beauty,2,2134.32,3,0
2024-01-03,East India,Beauty,3,3188.7,4,0
2024-01-04,East India,Beauty,3,2036.69,4,0
2024-01-05,East India,Beauty,2,1917.98,3,0
2024-01-06,East India,Beauty,3,2518.13,5,0
2024-01-07,East India,Beauty,7,7370.6,11,0
2024-01-08,East India,Beauty,3,1849.84,5,0
2024-01-09,East India,Beauty,4,3415.23,5,0
2024-01-10,East India,Beauty,4,3837.97,5,0
2024-01-11,East India,Beauty,3,2054.06,5,0
2024-01-12,East India,Beauty,4,4042.25,6,0
2024-01-13,East India,Beauty,8,7079.93,12,0
2024-01-14,East India,Beauty,4,2260.43,6,0
2024-01-15,East India,Beauty,3,3967.28,4,0
2024-01-16,East India,Beauty,4,3071.43,7,0
2024-01-17,East India,Beauty,6,2354.4,10,0
2024-01-18,East India,Beauty,2,2451.33,3,0
2024-01-19,East India,Beauty,1,645.11,1,0
2024-01-20,East India,Beauty,5,5551.75,9,0
2024-01-21,East India,Beauty,3,3138.05,4,0
2024-01-22,East India,Beauty,10,15121.73,17,0
2024-01-23,East India,Beauty,7,5962.78,13,0
2024-01-24,East India,Beauty,3,2997.97,4,0
2024-01-25,East India,Beauty,5,1973.04,8,0
2024-01-26,East India,Beauty,1,1112.32,1,0
2024-01-27,East India,Beauty,6,5976.27,11,0
2024-01-28,East India,Beauty,3,2752.16,5,0
2024-01-29,East India,Beauty,2,1996.31,3,0
2024-01-30,East India,Beauty,3,2595.17,4,0
2024-01-31,East India,Beauty,5,4379.4,8,0
2024-02-01,East India,Beauty,4,3619.72,7,0
2024-02-02,East India,Beauty,4,4305.68,7,0
2024-02-03,East India,Beauty,5,4374.31,8,0
2024-02-04,East India,Beauty,5,8303.06,7,0
2024-02-05,East India,Beauty,2,872.19,3,0
2024-02-06,East India,Beauty,2,1488.53,3,0
2024-02-07,East India,Beauty,5,3821.93,7,0
2024-02-08,East India,Beauty,6,7182.79,9,0
2024-02-09,East India,Beauty,3,2512.26,5,0
2024-02-10,East India,Beauty,10,5216.82,14,0
2024-02-11,East India,Beauty,8,8886.74,14,0
2024-02-12,East India,Beauty,5,6610.99,7,0
2024-02-13,East India,Beauty,6,5397.47,9,0
2024-02-14,East India,Beauty,2,3131.5,3,0
2024-02-15,East India,Beauty,2,1461.15,3,0
2024-02-16,East India,Beauty,2,2366.94,3,0
2024-02-17,East India,Beauty,4,5048.94,7,0
2024-02-18,East India,Beauty,6,6090.46,10,0
2024-02-19,East India,Beauty,2,2418.85,3,0
2024-02-20,East India,Beauty,1,456.87,1,0
2024-02-21,East India,Beauty,4,3941.3,6,0
2024-02-22,East India,Beauty,3,1916.05,5,0
2024-02-23,East India,Beauty,2,1812.15,3,0
2024-02-24,East India,Beauty,3,2240.93,5,0
2024-02-25,East India,Beauty,4,3906.18,6,0
2024-02-26,East India,Beauty,3,3047.8,4,0
2024-02-27,East India,Beauty,8,6196.87,12,0
2024-02-28,East India,Beauty,8,8542.61,14,0
2024-02-29,East India,Beauty,3,3515.05,5,0
2024-03-01,East India,Beauty,3,3575.02,4,0
2024-03-02,East India,Beauty,5,4699.49,8,0
2024-03-03,East India,Beauty,3,3020.35,5,0
2024-03-04,East India,Beauty,2,2470.83,3,0
2024-03-05,East India,Beauty,5,5016.44,7,0
2024-03-06,East India,Beauty,6,7019.71,9,0
2024-03-07,East India,Beauty,4,5026.19,5,0
2024-03-08,East India,Beauty,2,2038.6,3,0
2024-03-09,East India,Beauty,2,1768.92,2,0
2024-03-10,East India,Beauty,7,5016.97,11,0
2024-03-11,East India,Beauty,4,3779.92,6,0
2024-03-12,East India,Beauty,5,4573.87,8,0
2024-03-13,East India,Beauty,6,4722.26,9,0
2024-03-14,East India,Beauty,4,5077.83,6,0
2024-03-15,East India,Beauty,4,4882.6,7,0
2024-03-16,East India,Beauty,6,8179.28,8,0
2024-03-17,East India,Beauty,5,4527.9,9,0
2024-03-18,East India,Beauty,3,2984.21,5,0
2024-03-19,East India,Beauty,4,2996.49,6,0
2024-03-20,East India,Beauty,6,5432.8,9,0
2024-03-21,East India,Beauty,2,1495.56,2,0
2024-03-22,East India,Beauty,4,3232.77,5,0
2024-03-23,East India,Beauty,4,1793.19,6,0
2024-03-24,East India,Beauty,3,3574.19,4,0
2024-03-25,East India,Beauty,2,2394.07,3,0
2024-03-26,East India,Beauty,6,4310.39,9,0
2024-03-27,East India,Beauty,4,4105.92,6,0
2024-03-28,East India,Beauty,4,4587.54,6,0
2024-03-29,East India,Beauty,6,7088.79,9,0
2024-03-30,East India,Beauty,7,6040.32,12,0
2024-03-31,East India,Beauty,12,10773.66,20,0
2024-04-01,East India,Beauty,1,628.01,1,0
2024-04-02,East India,Beauty,4,4012.95,6,0
2024-04-03,East India,Beauty,5,3923.38,7,0
2024-04-04,East India,Beauty,14,14442.76,25,1
2024-04-05,East India,Beauty,5,6757.9,7,0
2024-04-06,East India,Beauty,4,4041.7,7,0
2024-04-07,East India,Beauty,6,5547.91,9,0
2024-04-08,East India,Beauty,3,2051.75,4,0
2024-04-10,East India,Beauty,2,2329.15,3,0
2024-04-11,East India,Beauty,6,3846.75,11,0
2024-04-12,East India,Beauty,4,2770.18,6,0
2024-04-13,East India,Beauty,5,6058.65,7,0
2024-04-14,East India,Beauty,6,4999.22,9,0
2024-04-15,East India,Beauty,2,1919.11,3,0
2024-04-16,East India,Beauty,8,9481.01,12,0
2024-04-17,East India,Beauty,2,1348.51,3,0
2024-04-18,East India,Beauty,1,965.93,1,0
2024-04-19,East India,Beauty,2,1939.9,2,0
2024-04-20,East India,Beauty,5,5776.26,8,0
2024-04-21,East India,Beauty,6,4873.86,9,0
2024-04-22,East India,Beauty,7,3943.95,11,0
2024-04-23,East India,Beauty,2,1883.27,2,0
2024-04-24,East India,Beauty,4,3571.75,7,0
2024-04-25,East India,Beauty,3,4140.36,4,0
2024-04-26,East India,Beauty,5,4300.0,8,0
2024-04-27,East India,Beauty,5,5613.95,8,0
2024-04-28,East India,Beauty,11,8534.81,17,0
2024-04-29,East India,Beauty,9,10736.69,14,0
2024-04-30,East India,Beauty,1,1120.05,1,0
2024-05-01,East India,Beauty,9,7973.12,13,0
2024-05-02,East India,Beauty,1,864.75,1,0
2024-05-03,East India,Beauty,8,9891.86,15,0
2024-05-04,East India,Beauty,5,4260.72,8,0
2024-05-05,East India,Beauty,5,7328.87,8,0
2024-05-06,East India,Beauty,6,4897.45,9,0
2024-05-07,East India,Beauty,7,7345.26,10,0
2024-05-08,East India,Beauty,2,2157.12,2,0
2024-05-09,East India,Beauty,5,5584.12,8,0
2024-05-10,East India,Beauty,4,2081.58,6,0
2024-05-11,East India,Beauty,7,6738.81,10,0
2024-05-12,East India,Beauty,6,6484.52,9,0
2024-05-13,East India,Beauty,1,842.12,1,0
2024-05-14,East India,Beauty,3,2699.97,5,0
2024-05-15,East India,Beauty,2,2599.46,2,0
2024-05-16,East India,Beauty,5,4485.1,8,0
2024-05-17,East India,Beauty,3,3482.86,4,0
2024-05-18,East India,Beauty,4,2108.6,6,0
2024-05-19,East India,Beauty,5,7533.97,8,0
2024-05-20,East India,Beauty,1,738.1,1,0
2024-05-21,East India,Beauty,4,6854.76,7,0
2024-05-22,East India,Beauty,5,3274.28,8,0
2024-05-23,East India,Beauty,3,2853.43,5,0
2024-05-24,East India,Beauty,1,1131.62,1,0
2024-05-25,East India,Beauty,10,13935.89,18,0
2024-05-26,East India,Beauty,2,2602.31,3,0
2024-05-27,East India,Beauty,1,818.89,1,0
2024-05-28,East India,Beauty,6,7727.19,11,0
2024-05-29,East India,Beauty,2,1397.17,3,0
2024-05-30,East India,Beauty,6,7321.6,10,0
2024-05-31,East India,Beauty,4,2486.04,6,0
2024-06-01,East India,Beauty,6,6103.09,10,0
2024-06-02,East India,Beauty,4,2759.42,5,0
2024-06-03,East India,Beauty,8,9204.77,12,0
2024-06-04,East India,Beauty,7,6868.91,11,0
2024-06-06,East India,Beauty,3,2873.01,4,0
2024-06-07,East India,Beauty,3,2384.51,5,0
2024-06-08,East India,Beauty,5,3104.27,8,0
2024-06-09,East India,Beauty,8,9706.87,13,0
2024-06-10,East India,Beauty,2,3403.29,3,0
2024-06-11,East India,Beauty,1,1144.17,1,0
2024-06-12,East India,Beauty,4,2673.16,6,0
2024-06-13,East India,Beauty,3,2492.07,4,0
2024-06-14,East India,Beauty,5,2038.74,8,0
2024-06-15,East India,Beauty,10,10188.98,14,0
2024-06-16,East India,Beauty,4,1571.41,7,0
2024-06-17,East India,Beauty,3,4666.75,4,0
2024-06-18,East India,Beauty,4,3186.76,7,0
2024-06-19,East India,Beauty,4,2619.1,6,0
2024-06-20,East India,Beauty,4,3691.55,6,0
2024-06-21,East India,Beauty,4,5641.5,6,0
2024-06-22,East India,Beauty,6,2801.94,8,0
2024-06-23,East India,Beauty,6,5457.61,8,0
2024-06-24,East India,Beauty,2,1908.98,3,0
2024-06-25,East India,Beauty,6,4816.21,9,0
2024-06-26,East India,Beauty,4,3113.14,5,0
2024-06-27,East India,Beauty,5,6053.19,7,0
2024-06-28,East India,Beauty,7,6771.13,11,0
2024-06-29,East India,Beauty,7,7096.77,11,0
2024-06-30,East India,Beauty,6,8169.06,10,0
2024-07-01,East India,Beauty,5,6345.08,7,0
2024-07-02,East India,Beauty,3,1389.07,4,0
2024-07-03,East India,Beauty,4,3469.13,6,0
2024-07-04,East India,Beauty,2,1693.19,3,0
2024-07-05,East India,Beauty,2,1887.25,3,0
2024-07-06,East India,Beauty,7,6854.19,10,0
2024-07-07,East India,Beauty,11,7314.26,20,0
2024-07-08,East India,Beauty,3,4295.72,5,0
2024-07-09,East India,Beauty,4,4236.45,7,0
2024-07-10,East India,Beauty,5,4317.05,8,0
2024-07-11,East India,Beauty,7,6152.37,11,0
2024-07-12,East India,Beauty,5,5649.01,9,0
2024-07-13,East India,Beauty,5,4680.28,9,0
2024-07-14,East India,Beauty,3,2557.42,5,0
2024-07-15,East India,Beauty,3,2597.38,4,0
2024-07-16,East India,Beauty,5,5919.93,8,0
2024-07-17,East India,Beauty,8,7172.06,13,0
2024-07-18,East India,Beauty,6,6857.97,11,0
2024-07-19,East India,Beauty,5,5867.8,7,0
2024-07-20,East India,Beauty,5,4906.75,9,0
2024-07-21,East India,Beauty,6,4102.99,9,0
2024-07-22,East India,Beauty,1,1093.22,1,0
2024-07-23,East India,Beauty,3,1779.35,4,0
2024-07-24,East India,Beauty,6,5385.92,10,0
2024-07-25,East India,Beauty,5,5979.72,7,0
2024-07-26,East India,Beauty,5,5033.6,7,0
2024-07-27,East India,Beauty,6,5475.34,8,0
2024-07-28,East India,Beauty,6,5175.59,9,0
2024-07-29,East India,Beauty,2,1908.62,3,0
2024-07-30,East India,Beauty,7,6617.55,10,0
2024-07-31,East India,Beauty,3,4040.51,5,0
2024-08-01,East India,Beauty,3,3176.56,5,0
2024-08-02,East India,Beauty,4,3979.45,6,0
2024-08-03,East India,Beauty,8,4929.65,11,0
2024-08-04,East India,Beauty,6,7257.84,10,0
2024-08-05,East India,Beauty,5,4474.25,7,0
2024-08-06,East India,Beauty,1,917.55,1,0
2024-08-07,East India,Beauty,8,8890.89,13,0
2024-08-08,East India,Beauty,6,8077.72,9,0
2024-08-09,East India,Beauty,2,2427.53,3,0
2024-08-10,East India,Beauty,10,10231.69,14,0
2024-08-11,East India,Beauty,9,7605.39,15,0
2024-08-12,East India,Beauty,2,1185.55,3,0
2024-08-13,East India,Beauty,5,3225.82,7,0
2024-08-14,East India,Beauty,3,3482.32,4,0
2024-08-15,East India,Beauty,4,5966.85,6,0
2024-08-16,East India,Beauty,5,6636.46,8,0
2024-08-17,East India,Beauty,4,3761.23,6,0
2024-08-18,East India,Beauty,4,4687.65,7,0
2024-08-19,East India,Beauty,5,4991.66,7,0
2024-08-20,East India,Beauty,9,7505.46,16,0
2024-08-21,East India,Beauty,3,2203.86,4,0
2024-08-22,East India,Beauty,2,2178.53,3,0
2024-08-23,East India,Beauty,1,1006.59,1,0
2024-08-24,East India,Beauty,8,8475.3,14,0
2024-08-25,East India,Beauty,5,4511.85,7,0
2024-08-26,East India,Beauty,4,4571.51,5,0
2024-08-27,East India,Beauty,3,3504.61,4,0
2024-08-28,East India,Beauty,2,2393.51,3,0
2024-08-29,East India,Beauty,1,865.91,1,0
2024-08-30,East India,Beauty,4,4598.69,6,0
2024-08-31,East India,Beauty,8,1789.64,12,0
2024-09-01,East India,Beauty,4,3046.33,6,0
2024-09-02,East India,Beauty,3,3108.44,4,0
2024-09-03,East India,Beauty,3,3386.56,5,0
2024-09-04,East India,Beauty,1,1548.87,1,0
2024-09-05,East India,Beauty,5,4758.24,7,0
2024-09-06,East India,Beauty,3,2055.68,4,0
2024-09-07,East India,Beauty,7,8625.31,10,0
2024-09-08,East India,Beauty,3,1680.28,4,0
2024-09-09,East India,Beauty,2,1034.34,3,0
2024-09-10,East India,Beauty,4,2116.16,5,0
2024-09-11,East India,Beauty,6,4073.87,10,0
2024-09-12,East India,Beauty,8,11198.33,12,0
2024-09-13,East India,Beauty,5,2606.57,8,0
2024-09-14,East India,Beauty,5,3856.62,8,0
2024-09-15,East India,Beauty,5,5510.99,9,0
2024-09-16,East India,Beauty,7,4894.35,11,0
2024-09-18,East India,Beauty,11,11773.23,19,0
2024-09-19,East India,Beauty,5,6378.01,7,0
2024-09-20,East India,Beauty,4,4767.51,6,0
2024-09-21,East India,Beauty,5,6531.37,7,0
2024-09-22,East India,Beauty,7,7358.17,11,0
2024-09-23,East India,Beauty,9,11446.48,15,0
2024-09-24,East India,Beauty,6,7150.28,9,0
2024-09-25,East India,Beauty,7,4069.65,10,0
2024-09-26,East India,Beauty,6,8487.69,8,0
2024-09-27,East India,Beauty,4,6438.38,6,0
2024-09-28,East India,Beauty,5,4182.64,9,0
2024-09-29,East India,Beauty,5,4773.86,7,0
2024-09-30,East India,Beauty,7,4032.41,10,0
2024-10-01,East India,Beauty,9,7697.92,13,0
2024-10-02,East India,Beauty,7,12074.13,12,0
2024-10-03,East India,Beauty,4,2731.96,6,0
2024-10-04,East India,Beauty,3,2147.89,5,0
2024-10-05,East India,Beauty,11,9379.76,16,0
2024-10-06,East India,Beauty,6,2594.37,10,0
2024-10-07,East India,Beauty,6,6732.84,8,0
2024-10-08,East India,Beauty,7,6118.76,12,0
2024-10-09,East India,Beauty,7,9732.9,10,0
2024-10-10,East India,Beauty,4,4126.63,7,0
2024-10-11,East India,Beauty,3,3010.04,4,0
2024-10-12,East India,Beauty,10,13864.74,15,0
2024-10-13,East India,Beauty,6,7307.24,9,0
2024-10-14,East India,Beauty,7,5623.37,11,0
2024-10-15,East India,Beauty,7,4703.43,12,0
2024-10-16,East India,Beauty,6,7581.6,10,0
2024-10-17,East India,Beauty,5,5398.81,8,0
2024-10-18,East India,Beauty,4,1237.47,6,0
2024-10-19,East India,Beauty,11,12486.15,18,0
2024-10-20,East India,Beauty,7,8829.42,12,0
2024-10-21,East India,Beauty,6,5033.9,9,0
2024-10-22,East India,Beauty,8,8100.28,14,0
2024-10-23,East India,Beauty,8,5561.64,11,0
2024-10-24,East India,Beauty,4,4389.84,6,0
2024-10-25,East India,Beauty,11,7779.35,20,0
2024-10-26,East India,Beauty,8,4555.5,11,0
2024-10-27,East India,Beauty,5,3564.14,9,0
2024-10-28,East India,Beauty,9,10048.95,14,0
2024-10-29,East India,Beauty,8,7770.4,14,0
2024-10-30,East India,Beauty,12,13045.4,19,0
2024-10-31,East India,Beauty,7,6391.73,10,0
2024-11-01,East India,Beauty,8,11454.63,12,0
2024-11-02,East India,Beauty,3,2465.86,4,0
2024-11-03,East India,Beauty,12,19338.05,21,0
2024-11-04,East India,Beauty,1,1236.08,1,0
2024-11-05,East India,Beauty,7,5949.57,12,0
2024-11-06,East India,Beauty,5,4764.56,7,0
2024-11-07,East India,Beauty,5,5340.32,8,0
2024-11-08,East India,Beauty,6,4320.98,11,0
2024-11-09,East India,Beauty,10,9116.19,15,0
2024-11-10,East India,Beauty,11,2965.91,19,0
2024-11-11,East India,Beauty,6,4799.53,10,0
2024-11-12,East India,Beauty,10,13700.3,15,0
2024-11-13,East India,Beauty,4,3459.27,6,0
2024-11-14,East India,Beauty,8,6942.73,12,0
2024-11-15,East India,Beauty,2,1982.35,3,0
2024-11-16,East India,Beauty,8,4810.56,11,0
2024-11-17,East India,Beauty,18,16918.02,29,1
2024-11-18,East India,Beauty,6,7309.29,11,0
2024-11-19,East India,Beauty,6,5160.71,11,0
2024-11-20,East India,Beauty,11,10372.93,16,0
2024-11-21,East India,Beauty,3,3398.32,4,0
2024-11-22,East India,Beauty,7,8398.56,13,0
2024-11-23,East India,Beauty,10,11448.85,17,0
2024-11-24,East India,Beauty,16,16979.76,24,0
2024-11-25,East India,Beauty,9,6866.24,12,0
2024-11-26,East India,Beauty,5,3908.65,8,0
2024-11-27,East India,Beauty,9,10991.03,15,0
2024-11-28,East India,Beauty,2,2250.44,3,0
2024-11-29,East India,Beauty,9,11073.25,16,0
2024-11-30,East India,Beauty,16,14684.55,26,0
2024-12-01,East India,Beauty,6,5850.31,8,0
2024-12-02,East India,Beauty,5,6069.95,7,0
2024-12-03,East India,Beauty,3,3096.52,4,0
2024-12-04,East India,Beauty,1,950.24,1,0
2024-12-05,East India,Beauty,2,1511.32,3,0
2024-12-06,East India,Beauty,4,1585.94,7,0
2024-12-07,East India,Beauty,8,7501.29,11,0
2024-12-08,East India,Beauty,9,4908.18,15,0
2024-12-09,East India,Beauty,4,4311.63,7,0
2024-12-10,East India,Beauty,4,3786.27,6,0
2024-12-11,East India,Beauty,4,2657.28,6,0
2024-12-12,East India,Beauty,4,5659.32,6,0
2024-12-13,East India,Beauty,2,1777.51,3,0
2024-12-14,East India,Beauty,5,6762.04,8,0
2024-12-15,East India,Beauty,11,14050.49,16,0
2024-12-16,East India,Beauty,7,6072.24,11,0
2024-12-17,East India,Beauty,4,3924.31,5,0
2024-12-18,East India,Beauty,4,1724.78,6,0
2024-12-19,East India,Beauty,3,1563.14,5,0
2024-12-20,East India,Beauty,3,3881.55,5,0
2024-12-21,East India,Beauty,7,5517.08,10,0
2024-12-22,East India,Beauty,8,6823.99,13,0
2024-12-23,East India,Beauty,6,6584.47,9,0
2024-12-24,East India,Beauty,4,4614.6,6,0
2024-12-25,East India,Beauty,3,3011.01,5,0
2024-12-26,East India,Beauty,5,4680.44,8,0
2024-12-27,East India,Beauty,10,9127.38,18,0
2024-12-28,East India,Beauty,9,11148.83,13,0
2024-12-29,East India,Beauty,7,2250.89,12,0
2024-12-30,East India,Beauty,7,6942.13,10,0
2024-12-31,East India,Beauty,8,8200.47,14,0
2025-01-01,East India,Beauty,5,4368.17,8,0
2025-01-02,East India,Beauty,2,2783.01,2,0
2025-01-03,East India,Beauty,5,1563.28,8,0
2025-01-04,East India,Beauty,5,2789.1,8,0
2025-01-05,East India,Beauty,7,7086.31,10,0
2025-01-06,East India,Beauty,6,4862.27,10,0
2025-01-07,East India,Beauty,7,9378.8,12,0
2025-01-08,East India,Beauty,4,5410.46,7,0
2025-01-09,East India,Beauty,3,1945.08,5,0
2025-01-10,East India,Beauty,7,7589.68,12,0
2025-01-11,East India,Beauty,6,5423.14,10,0
2025-01-12,East India,Beauty,4,5403.31,6,0
2025-01-13,East India,Beauty,1,865.14,1,0
2025-01-14,East India,Beauty,3,3391.51,5,0
2025-01-15,East India,Beauty,4,4089.59,6,0
2025-01-16,East India,Beauty,6,7215.28,10,0
2025-01-17,East India,Beauty,8,10456.26,13,0
2025-01-18,East India,Beauty,6,8591.58,8,0
2025-01-19,East India,Beauty,4,3597.76,7,0
2025-01-20,East India,Beauty,2,1825.33,2,0
2025-01-21,East India,Beauty,7,6195.73,10,0
2025-01-22,East India,Beauty,3,3290.53,5,0
2025-01-23,East India,Beauty,3,2488.55,5,0
2025-01-24,East India,Beauty,1,1353.2,1,0
2025-01-25,East India,Beauty,6,5317.0,11,0
2025-01-26,East India,Beauty,4,3804.04,5,0
2025-01-27,East India,Beauty,4,3919.3,7,0
2025-01-28,East India,Beauty,6,5116.54,9,0
2025-01-29,East India,Beauty,6,2235.06,10,0
2025-01-30,East India,Beauty,5,2058.36,7,0
2025-01-31,East India,Beauty,4,4801.9,6,0
2025-02-01,East India,Beauty,6,5037.85,9,0
2025-02-02,East India,Beauty,4,4514.75,6,0
2025-02-03,East India,Beauty,2,2695.8,3,0
2025-02-04,East India,Beauty,3,762.69,5,0
2025-02-05,East India,Beauty,3,4120.12,5,0
2025-02-06,East India,Beauty,7,8768.48,13,0
2025-02-07,East India,Beauty,1,917.43,1,0
2025-02-08,East India,Beauty,8,6813.41,12,0
2025-02-09,East India,Beauty,6,4897.56,8,0
2025-02-10,East India,Beauty,2,861.56,3,0
2025-02-11,East India,Beauty,2,2208.9,3,0
2025-02-12,East India,Beauty,2,1611.95,2,0
2025-02-13,East India,Beauty,4,4608.31,6,0
2025-02-14,East India,Beauty,7,5230.35,12,0
2025-02-15,East India,Beauty,9,7579.16,15,0
2025-02-16,East India,Beauty,9,10048.92,14,0
2025-02-17,East India,Beauty,4,4374.95,6,0
2025-02-18,East India,Beauty,6,5143.36,9,0
2025-02-19,East India,Beauty,3,3124.13,5,0
2025-02-20,East India,Beauty,4,3592.93,7,0
2025-02-21,East India,Beauty,4,3880.92,6,0
2025-02-22,East India,Beauty,4,4298.62,6,0
2025-02-23,East India,Beauty,7,5663.33,12,0
2025-02-24,East India,Beauty,8,4811.76,13,0
2025-02-25,East India,Beauty,4,4610.96,6,0
2025-02-26,East India,Beauty,3,3989.09,5,0
2025-02-27,East India,Beauty,1,433.56,1,0
2025-02-28,East India,Beauty,3,3113.88,5,0
2025-03-01,East India,Beauty,6,6469.09,10,0
2025-03-02,East India,Beauty,5,3620.31,8,0
2025-03-03,East India,Beauty,9,8144.94,16,0
2025-03-04,East India,Beauty,5,5260.34,7,0
2025-03-05,East India,Beauty,6,6347.72,9,0
2025-03-06,East India,Beauty,6,6665.32,10,0
2025-03-07,East India,Beauty,3,2975.48,4,0
2025-03-08,East India,Beauty,5,5709.19,8,0
2025-03-09,East India,Beauty,6,5922.25,10,0
2025-03-10,East India,Beauty,6,6292.58,9,0
2025-03-11,East India,Beauty,2,1454.61,3,0
2025-03-12,East India,Beauty,4,2613.63,6,0
2025-03-13,East India,Beauty,5,2325.24,8,0
2025-03-14,East India,Beauty,3,2064.87,4,0
2025-03-15,East India,Beauty,8,8165.35,14,0
2025-03-16,East India,Beauty,7,5303.25,12,0
2025-03-17,East India,Beauty,2,1626.11,3,0
2025-03-18,East India,Beauty,6,4794.94,10,0
2025-03-19,East India,Beauty,2,1188.08,3,0
2025-03-20,East India,Beauty,6,3346.12,8,0
2025-03-21,East India,Beauty,5,5974.39,8,0
2025-03-22,East India,Beauty,6,3631.78,10,0
2025-03-23,East India,Beauty,4,2996.04,6,0
2025-03-24,East India,Beauty,4,2887.53,7,0
2025-03-25,East India,Beauty,6,6100.26,10,0
2025-03-27,East India,Beauty,1,1388.74,1,0
2025-03-28,East India,Beauty,2,2227.97,3,0
2025-03-29,East India,Beauty,3,3043.87,4,0
2025-03-30,East India,Beauty,5,2008.65,7,0
2025-03-31,East India,Beauty,7,7130.74,10,0
2025-04-01,East India,Beauty,1,740.69,1,0
2025-04-02,East India,Beauty,7,9896.52,13,0
2025-04-03,East India,Beauty,3,2180.37,5,0
2025-04-04,East India,Beauty,4,4690.38,6,0
2025-04-05,East India,Beauty,6,2507.88,8,0
2025-04-06,East India,Beauty,10,9766.49,16,0
2025-04-07,East India,Beauty,6,8256.78,9,0
2025-04-08,East India,Beauty,5,5866.27,8,0
2025-04-09,East India,Beauty,2,1331.6,2,0
2025-04-10,East India,Beauty,1,754.1,1,0
2025-04-11,East India,Beauty,4,3402.0,7,0
2025-04-12,East India,Beauty,5,4555.5,7,0
2025-04-13,East India,Beauty,6,4992.27,8,0
2025-04-14,East India,Beauty,4,3439.34,5,0
2025-04-15,East India,Beauty,5,4738.9,8,0
2025-04-16,East India,Beauty,5,6021.58,9,0
2025-04-17,East India,Beauty,1,675.64,1,0
2025-04-18,East India,Beauty,3,2160.16,5,0
2025-04-19,East India,Beauty,9,9401.76,13,0
2025-04-20,East India,Beauty,7,7560.99,13,0
2025-04-21,East India,Beauty,4,2889.56,7,0
2025-04-22,East India,Beauty,5,4808.3,8,0
2025-04-23,East India,Beauty,9,9548.66,15,0
2025-04-24,East India,Beauty,2,3255.91,3,0
2025-04-25,East India,Beauty,6,7769.63,8,0
2025-04-26,East India,Beauty,3,1774.15,5,0
2025-04-27,East India,Beauty,6,6298.95,10,0
2025-04-28,East India,Beauty,9,8466.95,15,0
2025-04-29,East India,Beauty,4,2326.97,6,0
2025-04-30,East India,Beauty,5,5601.22,7,0
2025-05-01,East India,Beauty,4,3097.51,7,0
2025-05-02,East India,Beauty,6,8547.99,9,0
2025-05-03,East India,Beauty,8,11147.93,11,0
2025-05-04,East India,Beauty,7,7292.05,11,0
2025-05-05,East India,Beauty,4,3634.99,5,0
2025-05-06,East India,Beauty,4,5226.15,5,0
2025-05-07,East India,Beauty,2,1105.76,3,0
2025-05-08,East India,Beauty,6,3089.85,10,0
2025-05-09,East India,Beauty,5,6111.04,8,0
2025-05-10,East India,Beauty,7,5371.44,12,0
2025-05-11,East India,Beauty,6,6198.51,8,0
2025-05-12,East India,Beauty,1,1339.0,1,0
2025-05-13,East India,Beauty,1,781.84,1,0
2025-05-14,East India,Beauty,5,3437.76,9,0
2025-05-15,East India,Beauty,5,5912.21,8,0
2025-05-16,East India,Beauty,5,5626.54,7,0
2025-05-17,East India,Beauty,13,17121.64,24,0
2025-05-18,East India,Beauty,10,7174.09,18,0
2025-05-19,East India,Beauty,4,2837.8,5,0
2025-05-20,East India,Beauty,6,5620.02,8,0
2025-05-21,East India,Beauty,4,5127.21,6,0
2025-05-22,East India,Beauty,4,5791.21,5,0
2025-05-23,East India,Beauty,8,6878.22,11,0
2025-05-24,East India,Beauty,6,4278.22,10,0
2025-05-25,East India,Beauty,11,9520.41,19,1
2025-05-26,East India,Beauty,3,1407.07,5,0
2025-05-27,East India,Beauty,2,2294.07,3,0
2025-05-28,East India,Beauty,8,7310.84,13,0
2025-05-29,East India,Beauty,10,17303.22,16,0
2025-05-30,East India,Beauty,7,6787.69,12,0
2025-05-31,East India,Beauty,9,8543.27,17,0
2025-06-01,East India,Beauty,7,6014.3,11,0
2025-06-02,East India,Beauty,5,5480.52,8,0
2025-06-03,East India,Beauty,8,5902.79,13,0
2025-06-04,East India,Beauty,4,2488.81,6,0
2025-06-05,East India,Beauty,3,3092.28,5,0
2025-06-06,East India,Beauty,1,602.93,1,0
2025-06-07,East India,Beauty,12,8382.33,17,0
2025-06-08,East India,Beauty,8,5898.02,11,0
2025-06-09,East India,Beauty,3,2824.02,4,0
2025-06-10,East India,Beauty,4,4726.04,6,0
2025-06-11,East India,Beauty,6,6471.64,8,0
2025-06-12,East India,Beauty,6,5781.27,8,0
2025-06-13,East India,Beauty,6,6731.2,9,0
2025-06-14,East India,Beauty,7,7239.19,11,0
2025-06-15,East India,Beauty,11,12958.85,15,0
2025-06-16,East India,Beauty,4,3922.67,5,0
2025-06-17,East India,Beauty,7,9058.67,9,0
2025-06-18,East India,Beauty,3,1847.32,4,0
2025-06-19,East India,Beauty,7,8471.78,12,0
2025-06-20,East India,Beauty,6,4831.22,10,0
2025-06-21,East India,Beauty,4,2849.41,6,0
2025-06-22,East India,Beauty,4,5778.98,7,0
2025-06-23,East India,Beauty,4,7301.7,7,0
2025-06-24,East India,Beauty,6,7182.83,9,0
2025-06-25,East India,Beauty,5,3095.22,8,0
2025-06-26,East India,Beauty,5,6020.98,9,0
2025-06-27,East India,Beauty,4,3699.88,6,0
2025-06-28,East India,Beauty,5,2607.22,9,0
2025-06-29,East India,Beauty,14,16166.66,24,0
2025-06-30,East India,Beauty,9,8579.38,12,0
2025-07-01,East India,Beauty,4,4538.55,6,0
2025-07-02,East India,Beauty,7,8223.37,12,0
2025-07-03,East India,Beauty,4,3225.41,5,0
2025-07-04,East India,Beauty,4,3807.83,6,0
2025-07-05,East India,Beauty,4,2729.91,6,0
2025-07-06,East India,Beauty,9,7192.85,14,0
2025-07-07,East India,Beauty,8,9849.2,14,0
2025-07-08,East India,Beauty,3,3002.23,5,0
2025-07-09,East India,Beauty,4,4690.89,7,0
2025-07-10,East India,Beauty,4,3547.11,7,0
2025-07-11,East India,Beauty,5,6561.92,9,0
2025-07-12,East India,Beauty,8,5661.55,15,0
2025-07-13,East India,Beauty,11,13913.42,17,0
2025-07-14,East India,Beauty,4,2982.23,7,0
2025-07-15,East India,Beauty,8,7638.6,11,0
2025-07-16,East India,Beauty,5,4461.28,7,0
2025-07-17,East India,Beauty,1,642.99,1,0
2025-07-18,East India,Beauty,4,5396.6,6,0
2025-07-19,East India,Beauty,6,6150.93,10,0
2025-07-20,East India,Beauty,9,4382.06,16,0
2025-07-21,East India,Beauty,4,2776.29,6,0
2025-07-22,East India,Beauty,5,5601.91,9,0
2025-07-23,East India,Beauty,2,507.08,3,0
2025-07-24,East India,Beauty,8,5327.56,12,0
2025-07-25,East India,Beauty,8,9814.59,12,0
2025-07-26,East India,Beauty,10,12552.27,14,0
2025-07-27,East India,Beauty,10,9340.43,15,0
2025-07-28,East India,Beauty,6,6266.02,11,0
2025-07-29,East India,Beauty,5,5402.25,8,0
2025-07-30,East India,Beauty,6,6662.4,11,0
2025-07-31,East India,Beauty,6,6590.77,10,0
2025-08-01,East India,Beauty,1,1035.37,1,0
2025-08-02,East India,Beauty,9,11758.6,15,0
2025-08-03,East India,Beauty,6,3214.18,9,0
2025-08-04,East India,Beauty,1,1028.49,1,0
2025-08-05,East India,Beauty,4,1518.77,7,0
2025-08-06,East India,Beauty,2,1191.14,3,0
2025-08-07,East India,Beauty,3,3365.39,5,0
2025-08-08,East India,Beauty,5,5088.54,9,0
2025-08-09,East India,Beauty,3,2311.12,4,0
2025-08-10,East India,Beauty,10,7742.05,16,0
2025-08-11,East India,Beauty,3,2787.93,4,0
2025-08-12,East India,Beauty,9,7672.57,13,0
2025-08-13,East India,Beauty,4,4444.84,6,0
2025-08-14,East India,Beauty,3,3583.59,4,0
2025-08-15,East India,Beauty,2,1667.36,3,0
2025-08-16,East India,Beauty,7,7452.13,12,0
2025-08-17,East India,Beauty,4,2491.48,6,0
2025-08-18,East India,Beauty,7,5190.47,11,0
2025-08-19,East India,Beauty,4,4090.28,7,0
2025-08-20,East India,Beauty,7,7204.52,10,0
2025-08-21,East India,Beauty,2,1745.0,3,0
2025-08-22,East India,Beauty,6,4583.51,9,0
2025-08-23,East India,Beauty,4,5030.15,5,0
2025-08-24,East India,Beauty,5,4711.62,8,0
2025-08-25,East India,Beauty,2,2269.38,3,0
2025-08-26,East India,Beauty,3,2978.08,5,0
2025-08-27,East India,Beauty,5,4764.39,8,0
2025-08-28,East India,Beauty,8,9332.27,11,0
2025-08-29,East India,Beauty,3,2695.64,4,0
2025-08-30,East India,Beauty,9,5786.94,15,0
2025-08-31,East India,Beauty,13,11602.04,18,0
2025-09-01,East India,Beauty,6,6823.18,10,0
2025-09-02,East India,Beauty,1,1480.37,1,0
2025-09-03,East India,Beauty,6,5785.21,10,0
2025-09-04,East India,Beauty,4,717.52,6,0
2025-09-05,East India,Beauty,6,5816.44,11,0
2025-09-06,East India,Beauty,4,3536.57,6,0
2025-09-07,East India,Beauty,5,5464.1,8,0
2025-09-08,East India,Beauty,6,5637.58,9,0
2025-09-09,East India,Beauty,6,4246.58,10,0
2025-09-10,East India,Beauty,9,3888.17,14,0
2025-09-11,East India,Beauty,5,6575.21,7,0
2025-09-12,East India,Beauty,4,4012.55,7,0
2025-09-13,East India,Beauty,8,7549.35,13,0
2025-09-14,East India,Beauty,7,8387.74,12,0
2025-09-15,East India,Beauty,3,2269.18,5,0
2025-09-16,East India,Beauty,4,3135.19,7,0
2025-09-17,East India,Beauty,3,2836.25,5,0
2025-09-18,East India,Beauty,1,736.81,1,0
2025-09-19,East India,Beauty,6,7233.68,8,0
2025-09-20,East India,Beauty,7,8477.83,11,0
2025-09-21,East India,Beauty,10,9694.3,16,0
2025-09-22,East India,Beauty,3,3544.22,4,0
2025-09-23,East India,Beauty,5,6402.05,9,0
2025-09-25,East India,Beauty,4,3301.76,5,0
2025-09-26,East India,Beauty,6,5704.55,8,0
2025-09-27,East India,Beauty,4,3066.48,7,0
2025-09-28,East India,Beauty,7,9393.46,11,0
2025-09-29,East India,Beauty,10,9269.42,18,0
2025-09-30,East India,Beauty,4,1845.93,6,0
2025-10-01,East India,Beauty,13,10003.75,20,0
2025-10-02,East India,Beauty,12,13107.36,18,0
2025-10-03,East India,Beauty,8,5643.35,13,0
2025-10-04,East India,Beauty,14,12573.95,25,1
2025-10-05,East India,Beauty,13,9802.95,23,0
2025-10-06,East India,Beauty,6,5410.36,9,0
2025-10-07,East India,Beauty,6,5091.83,9,0
2025-10-08,East India,Beauty,6,6300.64,8,0
2025-10-09,East India,Beauty,9,8158.37,13,0
2025-10-10,East India,Beauty,8,9274.78,12,0
2025-10-11,East India,Beauty,11,7281.88,20,0
2025-10-12,East India,Beauty,17,20566.48,32,1
2025-10-13,East India,Beauty,10,8734.35,17,0
2025-10-14,East India,Beauty,12,9098.72,20,1
2025-10-15,East India,Beauty,7,5828.3,12,0
2025-10-16,East India,Beauty,4,2625.68,7,0
2025-10-17,East India,Beauty,9,8850.25,15,0
2025-10-18,East India,Beauty,13,22578.77,18,1
2025-10-19,East India,Beauty,16,10860.47,24,0
2025-10-20,East India,Beauty,7,6727.83,9,0
2025-10-21,East India,Beauty,2,1556.0,3,0
2025-10-22,East India,Beauty,5,3532.24,7,0
2025-10-23,East India,Beauty,8,5754.41,13,0
2025-10-24,East India,Beauty,8,7132.95,14,0
2025-10-25,East India,Beauty,11,15396.13,18,0
2025-10-26,East India,Beauty,13,5042.61,23,0
2025-10-27,East India,Beauty,7,9965.3,11,0
2025-10-28,East India,Beauty,8,7095.4,11,0
2025-10-29,East India,Beauty,5,3897.7,8,0
2025-10-30,East India,Beauty,12,16385.75,19,0
2025-10-31,East India,Beauty,10,7370.3,18,1
2025-11-01,East India,Beauty,11,9174.91,16,0
2025-11-02,East India,Beauty,9,6090.26,15,0
2025-11-03,East India,Beauty,7,6665.75,10,0
2025-11-04,East India,Beauty,7,8132.47,12,0
2025-11-05,East India,Beauty,10,7484.25,15,0
2025-11-06,East India,Beauty,8,8718.46,12,0
2025-11-07,East India,Beauty,7,6903.04,12,0
2025-11-08,East India,Beauty,11,7296.4,19,0
2025-11-09,East India,Beauty,12,11524.74,21,0
2025-11-10,East India,Beauty,7,7548.95,11,0
2025-11-11,East India,Beauty,7,8267.63,9,0
2025-11-12,East India,Beauty,10,9616.54,16,0
2025-11-13,East India,Beauty,7,10369.09,10,0
2025-11-14,East India,Beauty,2,2101.79,3,0
2025-11-15,East India,Beauty,12,14149.22,17,0
2025-11-16,East India,Beauty,12,11187.95,22,1
2025-11-17,East India,Beauty,5,5347.01,9,0
2025-11-18,East India,Beauty,10,9000.18,17,0
2025-11-19,East India,Beauty,8,7922.81,13,0
2025-11-20,East India,Beauty,8,7966.26,13,0
2025-11-21,East India,Beauty,5,2523.27,8,0
2025-11-22,East India,Beauty,10,3103.83,18,0
2025-11-23,East India,Beauty,11,11154.76,18,0
2025-11-24,East India,Beauty,6,4051.37,8,0
2025-11-25,East India,Beauty,6,6714.61,9,0
2025-11-26,East India,Beauty,7,3729.18,9,0
2025-11-27,East India,Beauty,3,2071.49,5,0
2025-11-28,East India,Beauty,12,10911.26,19,0
2025-11-29,East India,Beauty,14,11255.83,21,0
2025-11-30,East India,Beauty,14,15894.24,20,0
2025-12-01,East India,Beauty,3,2980.81,5,0
2025-12-02,East India,Beauty,4,3141.14,5,0
2025-12-03,East India,Beauty,5,4573.42,7,0
2025-12-04,East India,Beauty,5,3372.73,8,0
2025-12-05,East India,Beauty,3,2491.03,4,0
2025-12-06,East India,Beauty,8,4029.38,14,0
2025-12-07,East India,Beauty,10,9132.65,17,0
2025-12-08,East India,Beauty,6,4350.33,9,0
2025-12-09,East India,Beauty,3,3119.28,5,0
2025-12-10,East India,Beauty,5,4607.3,9,0
2025-12-11,East India,Beauty,4,3549.26,6,0
2025-12-12,East India,Beauty,5,5103.73,9,0
2025-12-13,East India,Beauty,5,7185.28,8,0
2025-12-14,East India,Beauty,9,8472.76,14,0
2025-12-15,East India,Beauty,6,4616.07,10,0
2025-12-16,East India,Beauty,3,3023.83,4,0
2025-12-17,East India,Beauty,5,5137.11,8,0
2025-12-18,East India,Beauty,2,1979.06,3,0
2025-12-19,East India,Beauty,5,6390.01,9,0
2025-12-20,East India,Beauty,14,16905.45,21,0
2025-12-21,East India,Beauty,8,7419.6,14,0
2025-12-22,East India,Beauty,4,3456.91,7,0
2025-12-23,East India,Beauty,4,3948.58,6,0
2025-12-24,East India,Beauty,5,3565.67,7,0
2025-12-25,East India,Beauty,6,6664.31,8,0
2025-12-26,East India,Beauty,2,2136.0,3,0
2025-12-27,East India,Beauty,12,12878.51,18,0
2025-12-28,East India,Beauty,8,8013.95,12,0
2025-12-29,East India,Beauty,8,8458.58,12,0
2025-12-30,East India,Beauty,5,3589.18,8,0
2025-12-31,East India,Beauty,5,4866.88,7,0
2024-01-01,East India,Sports,3,5146.95,4,0
2024-01-02,East India,Sports,8,11422.44,13,0
2024-01-03,East India,Sports,2,2358.26,3,0
2024-01-04,East India,Sports,4,6731.4,7,0
2024-01-05,East India,Sports,4,8291.0,7,0
2024-01-06,East India,Sports,6,7252.19,9,0
2024-01-07,East India,Sports,3,4049.04,5,0
2024-01-08,East India,Sports,3,4150.22,5,0
2024-01-09,East India,Sports,4,8088.08,6,0
2024-01-10,East India,Sports,1,1711.83,1,0
2024-01-11,East India,Sports,3,4915.66,5,0
2024-01-12,East India,Sports,4,7500.11,6,0
2024-01-13,East India,Sports,6,6712.84,8,0
2024-01-14,East India,Sports,3,4792.38,4,0
2024-01-15,East India,Sports,2,2752.44,3,0
2024-01-16,East India,Sports,3,4041.65,5,0
2024-01-17,East India,Sports,4,7042.34,6,0
2024-01-18,East India,Sports,3,5034.68,5,0
2024-01-19,East India,Sports,3,4559.28,5,0
2024-01-20,East India,Sports,4,5936.7,5,0
2024-01-21,East India,Sports,1,1166.2,1,0
2024-01-22,East India,Sports,5,7238.44,7,0
2024-01-23,East India,Sports,2,2879.93,3,0
2024-01-24,East India,Sports,3,5644.19,4,0
2024-01-25,East India,Sports,2,2729.06,3,0
2024-01-26,East India,Sports,2,2769.32,3,0
2024-01-27,East India,Sports,1,1439.17,1,0
2024-01-28,East India,Sports,5,5385.53,8,0
2024-01-29,East India,Sports,6,12494.4,10,0
2024-01-30,East India,Sports,4,4119.36,6,0
2024-01-31,East India,Sports,3,4134.24,4,0
2024-02-01,East India,Sports,1,1717.35,1,0
2024-02-02,East India,Sports,2,3450.56,3,0
2024-02-03,East India,Sports,4,6578.59,7,0
2024-02-04,East India,Sports,3,3815.75,4,0
2024-02-05,East India,Sports,3,5286.85,5,0
2024-02-06,East India,Sports,3,2996.77,5,0
2024-02-07,East India,Sports,3,5242.32,4,0
2024-02-08,East India,Sports,3,6097.14,5,0
2024-02-09,East India,Sports,3,4527.83,4,0
2024-02-10,East India,Sports,5,9263.8,8,0
2024-02-11,East India,Sports,3,4750.05,4,0
2024-02-12,East India,Sports,1,1912.15,1,0
2024-02-13,East India,Sports,3,3664.31,5,0
2024-02-14,East India,Sports,5,6016.16,7,0
2024-02-15,East India,Sports,4,7307.68,7,0
2024-02-16,East India,Sports,4,5674.05,6,0
2024-02-17,East India,Sports,7,14880.21,12,0
2024-02-18,East India,Sports,4,4536.04,7,0
2024-02-19,East India,Sports,4,6804.14,7,0
2024-02-20,East India,Sports,4,6697.47,7,0
2024-02-21,East India,Sports,3,4929.06,4,0
2024-02-22,East India,Sports,4,5703.34,6,0
2024-02-23,East India,Sports,3,2499.57,5,0
2024-02-24,East India,Sports,1,887.39,1,0
2024-02-25,East India,Sports,12,15250.49,17,0
2024-02-26,East India,Sports,4,3443.42,6,0
2024-02-27,East India,Sports,3,4865.53,4,0
2024-02-28,East India,Sports,5,11339.79,8,0
2024-02-29,East India,Sports,3,4804.27,4,0
2024-03-01,East India,Sports,6,5434.65,8,0
2024-03-02,East India,Sports,5,7358.56,7,0
2024-03-03,East India,Sports,3,5181.19,4,0
2024-03-04,East India,Sports,1,1889.23,1,0
2024-03-05,East India,Sports,2,3247.84,3,0
2024-03-06,East India,Sports,2,3682.6,2,0
2024-03-07,East India,Sports,4,4938.38,6,0
2024-03-08,East India,Sports,6,9905.55,10,0
2024-03-09,East India,Sports,5,11701.64,7,0
2024-03-10,East India,Sports,5,8956.65,7,0
2024-03-11,East India,Sports,3,6237.89,5,0
2024-03-12,East India,Sports,6,12010.58,10,0
2024-03-13,East India,Sports,2,3775.69,3,0
2024-03-14,East India,Sports,3,3690.99,5,0
2024-03-15,East India,Sports,1,1381.31,1,0
2024-03-16,East India,Sports,3,5774.56,5,0
2024-03-17,East India,Sports,6,10770.78,8,0
2024-03-18,East India,Sports,2,2816.91,3,0
2024-03-19,East India,Sports,8,13082.24,11,0
2024-03-20,East India,Sports,2,4125.05,2,0
2024-03-21,East India,Sports,3,4783.7,4,0
2024-03-22,East India,Sports,5,10057.72,8,0
2024-03-23,East India,Sports,4,5724.6,6,0
2024-03-24,East India,Sports,10,14915.94,17,0
2024-03-26,East India,Sports,2,4132.74,3,0
2024-03-27,East India,Sports,1,1284.28,1,0
2024-03-28,East India,Sports,2,3573.99,3,0
2024-03-29,East India,Sports,3,3322.0,5,0
2024-03-30,East India,Sports,6,11301.58,9,0
2024-03-31,East India,Sports,5,11520.08,7,0
2024-04-01,East India,Sports,2,3409.91,3,0
2024-04-02,East India,Sports,3,3780.41,4,0
2024-04-03,East India,Sports,5,8570.09,8,0
2024-04-04,East India,Sports,2,2390.46,2,0
2024-04-05,East India,Sports,3,5012.26,5,0
2024-04-06,East India,Sports,3,4496.02,4,0
2024-04-07,East India,Sports,3,5574.85,4,0
2024-04-08,East India,Sports,2,3217.12,3,0
2024-04-09,East India,Sports,1,2275.69,1,0
2024-04-10,East India,Sports,2,3143.97,3,0
2024-04-11,East India,Sports,4,7557.8,6,0
2024-04-12,East India,Sports,3,4148.03,4,0
2024-04-13,East India,Sports,2,3024.23,3,0
2024-04-14,East India,Sports,6,11278.24,10,0
2024-04-15,East India,Sports,2,3932.67,3,0
2024-04-16,East India,Sports,4,7033.82,6,0
2024-04-17,East India,Sports,5,6374.93,7,0
2024-04-18,East India,Sports,5,5863.39,7,0
2024-04-19,East India,Sports,3,4154.04,4,0
2024-04-20,East India,Sports,8,18725.95,12,0
2024-04-21,East India,Sports,6,10992.43,10,0
2024-04-22,East India,Sports,4,6037.81,6,0
2024-04-23,East India,Sports,4,10055.58,6,0
2024-04-24,East India,Sports,1,1781.16,1,0
2024-04-25,East India,Sports,3,6354.55,4,0
2024-04-26,East India,Sports,3,4036.92,5,0
2024-04-27,East India,Sports,5,11389.44,7,0
2024-04-28,East India,Sports,7,10065.48,9,0
2024-04-29,East India,Sports,6,8281.69,11,0
2024-04-30,East India,Sports,10,14384.24,17,0
2024-05-01,East India,Sports,2,3367.03,3,0
2024-05-02,East India,Sports,1,1888.84,1,0
2024-05-03,East India,Sports,4,4342.39,5,0
2024-05-04,East India,Sports,7,9985.75,12,0
2024-05-05,East India,Sports,5,5140.45,8,0
2024-05-06,East India,Sports,5,6115.72,8,0
2024-05-07,East India,Sports,1,1743.59,1,0
2024-05-08,East India,Sports,3,4520.18,4,0
2024-05-09,East India,Sports,1,2012.07,1,0
2024-05-10,East India,Sports,3,6980.44,4,0
2024-05-11,East India,Sports,5,4937.31,8,0
2024-05-12,East India,Sports,2,2139.19,3,0
2024-05-14,East India,Sports,1,1503.79,1,0
2024-05-15,East India,Sports,4,7352.11,6,0
2024-05-16,East India,Sports,4,5319.07,6,0
2024-05-17,East India,Sports,4,7873.57,6,0
2024-05-18,East India,Sports,1,1744.57,1,0
2024-05-19,East India,Sports,4,5747.93,7,0
2024-05-20,East India,Sports,3,5775.89,5,0
2024-05-22,East India,Sports,8,12045.39,11,0
2024-05-23,East India,Sports,5,7105.87,8,0
2024-05-24,East India,Sports,4,6912.74,5,0
2024-05-25,East India,Sports,8,14606.48,13,0
2024-05-26,East India,Sports,4,5845.12,6,0
2024-05-28,East India,Sports,5,8519.58,8,0
2024-05-29,East India,Sports,2,2887.16,3,0
2024-05-30,East India,Sports,3,5505.15,5,0
2024-05-31,East India,Sports,3,4311.29,4,0
2024-06-01,East India,Sports,10,12808.76,15,0
2024-06-02,East India,Sports,3,4407.03,5,0
2024-06-03,East India,Sports,1,1241.92,1,0
2024-06-04,East India,Sports,3,4452.11,4,0
2024-06-05,East India,Sports,4,4387.63,7,0
2024-06-06,East India,Sports,4,5791.98,5,0
2024-06-07,East India,Sports,2,2190.29,3,0
2024-06-08,East India,Sports,8,10161.24,14,0
2024-06-09,East India,Sports,4,5929.9,7,0
2024-06-10,East India,Sports,3,5827.49,4,0
2024-06-11,East India,Sports,3,4425.43,4,0
2024-06-12,East India,Sports,4,6322.03,6,0
2024-06-13,East India,Sports,7,15450.53,12,0
2024-06-14,East India,Sports,6,9139.55,10,0
2024-06-15,East India,Sports,6,11341.97,10,0
2024-06-16,East India,Sports,3,4328.57,4,0
2024-06-17,East India,Sports,3,5886.85,4,0
2024-06-18,East India,Sports,3,4268.53,4,0
2024-06-19,East India,Sports,2,2490.22,3,0
2024-06-20,East India,Sports,3,4719.27,4,0
2024-06-21,East India,Sports,1,1603.95,1,0
2024-06-22,East India,Sports,2,2752.1,2,0
2024-06-23,East India,Sports,4,4903.52,6,0
2024-06-24,East India,Sports,2,3301.81,3,0
2024-06-25,East India,Sports,3,5390.72,4,0
2024-06-26,East India,Sports,4,4628.92,7,0
2024-06-27,East India,Sports,3,3656.51,4,0
2024-06-28,East India,Sports,3,5365.71,4,0
2024-06-29,East India,Sports,6,7789.18,11,0
2024-06-30,East India,Sports,6,10736.75,9,0
2024-07-01,East India,Sports,5,10087.16,8,0
2024-07-02,East India,Sports,1,1453.81,1,0
2024-07-03,East India,Sports,2,3876.73,3,0
2024-07-04,East India,Sports,3,3484.97,5,0
2024-07-05,East India,Sports,3,3672.77,4,0
2024-07-06,East India,Sports,5,8288.77,9,0
2024-07-07,East India,Sports,5,6495.35,8,0
2024-07-09,East India,Sports,3,4467.24,4,0
2024-07-10,East India,Sports,3,4957.58,4,0
2024-07-11,East India,Sports,6,8904.55,10,0
2024-07-12,East India,Sports,6,10222.5,11,0
2024-07-13,East India,Sports,4,7126.07,6,0
2024-07-14,East India,Sports,4,5952.46,7,0
2024-07-15,East India,Sports,5,7871.3,9,0
2024-07-16,East India,Sports,2,2279.43,3,0
2024-07-17,East India,Sports,1,1623.46,1,0
2024-07-18,East India,Sports,9,13394.72,15,0
2024-07-19,East India,Sports,3,4679.16,4,0
2024-07-20,East India,Sports,6,8067.12,11,0
2024-07-21,East India,Sports,8,14857.27,14,0
2024-07-22,East India,Sports,2,2099.64,2,0
2024-07-23,East India,Sports,3,3571.91,4,0
2024-07-24,East India,Sports,5,5867.82,9,0
2024-07-25,East India,Sports,5,7680.87,7,0
2024-07-26,East India,Sports,1,2127.68,1,0
2024-07-27,East India,Sports,8,11437.32,11,0
2024-07-28,East India,Sports,5,6805.22,8,0
2024-07-29,East India,Sports,2,3391.24,3,0
2024-07-30,East India,Sports,7,14056.0,12,0
2024-07-31,East India,Sports,5,7341.8,8,0
2024-08-01,East India,Sports,7,10250.56,10,0
2024-08-02,East India,Sports,2,4010.29,3,0
2024-08-03,East India,Sports,7,12896.16,12,0
2024-08-04,East India,Sports,9,12505.42,13,0
2024-08-05,East India,Sports,8,9496.66,13,0
2024-08-06,East India,Sports,6,11470.13,9,0
2024-08-07,East India,Sports,2,2678.27,3,0
2024-08-08,East India,Sports,1,1611.4,1,0
2024-08-09,East India,Sports,3,5233.47,5,0
2024-08-10,East India,Sports,7,10093.66,11,0
2024-08-11,East India,Sports,6,10877.49,10,0
2024-08-13,East India,Sports,6,9420.74,8,0
2024-08-14,East India,Sports,4,5848.4,5,0
2024-08-15,East India,Sports,3,5313.31,4,0
2024-08-16,East India,Sports,2,2127.37,2,0
2024-08-17,East India,Sports,7,16104.53,10,0
2024-08-18,East India,Sports,5,7845.23,7,0
2024-08-19,East India,Sports,4,6809.07,6,0
2024-08-20,East India,Sports,4,5672.37,6,0
2024-08-21,East India,Sports,5,7946.67,8,0
2024-08-22,East India,Sports,4,5140.17,6,0
2024-08-23,East India,Sports,2,2585.02,3,0
2024-08-24,East India,Sports,5,10946.94,7,0
2024-08-25,East India,Sports,7,14451.19,12,0
2024-08-26,East India,Sports,3,5504.12,5,0
2024-08-27,East India,Sports,2,3832.2,3,0
2024-08-28,East India,Sports,4,7808.79,6,0
2024-08-29,East India,Sports,4,4375.75,6,0
2024-08-30,East India,Sports,3,4605.59,4,0
2024-08-31,East India,Sports,4,7008.46,7,0
2024-09-01,East India,Sports,8,13313.92,11,0
2024-09-02,East India,Sports,5,9263.28,8,0
2024-09-03,East India,Sports,2,3911.51,3,0
2024-09-04,East India,Sports,4,5874.56,6,0
2024-09-05,East India,Sports,5,9397.31,7,0
2024-09-06,East India,Sports,2,3021.1,3,0
2024-09-07,East India,Sports,5,9493.69,8,0
2024-09-08,East India,Sports,5,10021.14,8,0
2024-09-09,East India,Sports,7,8295.08,10,0
2024-09-10,East India,Sports,1,1401.34,1,0
2024-09-11,East India,Sports,1,1424.44,1,0
2024-09-12,East India,Sports,4,10790.67,6,0
2024-09-13,East India,Sports,4,6507.04,5,0
2024-09-14,East India,Sports,5,5514.88,8,0
2024-09-15,East India,Sports,6,11805.51,9,0
2024-09-16,East India,Sports,4,5795.83,6,0
2024-09-17,East India,Sports,2,3849.23,3,0
2024-09-18,East India,Sports,2,3377.0,3,0
2024-09-19,East India,Sports,3,6202.2,4,0
2024-09-20,East India,Sports,4,7115.36,7,0
2024-09-21,East India,Sports,5,8085.68,7,0
2024-09-22,East India,Sports,1,2330.54,1,0
2024-09-23,East India,Sports,3,5435.29,5,0
2024-09-24,East India,Sports,3,5588.8,5,0
2024-09-25,East India,Sports,4,4895.68,7,0
2024-09-26,East India,Sports,3,5956.13,4,0
2024-09-28,East India,Sports,10,12252.77,18,0
2024-09-29,East India,Sports,2,3387.95,3,0
2024-09-30,East India,Sports,4,6275.34,7,0
2024-10-01,East India,Sports,6,8340.61,10,0
2024-10-02,East India,Sports,1,1749.0,1,0
2024-10-03,East India,Sports,5,8569.43,9,0
2024-10-04,East India,Sports,11,15128.29,20,0
2024-10-05,East India,Sports,10,14877.46,14,0
2024-10-06,East India,Sports,11,16065.87,19,0
2024-10-07,East India,Sports,3,4282.47,5,0
2024-10-08,East India,Sports,6,10464.86,8,0
2024-10-09,East India,Sports,3,4370.44,4,0
2024-10-10,East India,Sports,7,12922.84,10,0
2024-10-11,East India,Sports,9,10928.46,15,0
2024-10-12,East India,Sports,5,9678.47,8,0
2024-10-13,East India,Sports,9,17490.24,14,0
2024-10-14,East India,Sports,3,3764.34,4,0
2024-10-15,East India,Sports,5,10909.36,9,0
2024-10-16,East India,Sports,8,11753.49,11,0
2024-10-17,East India,Sports,4,5693.94,7,0
2024-10-18,East India,Sports,8,8080.38,11,0
2024-10-19,East India,Sports,10,14635.65,16,0
2024-10-20,East India,Sports,9,16656.55,13,0
2024-10-21,East India,Sports,6,10316.46,8,0
2024-10-22,East India,Sports,6,8743.23,9,0
2024-10-23,East India,Sports,4,7504.61,6,0
2024-10-24,East India,Sports,7,10014.0,11,0
2024-10-25,East India,Sports,4,6537.32,5,0
2024-10-26,East India,Sports,9,14892.78,13,0
2024-10-27,East India,Sports,8,10866.48,12,0
2024-10-28,East India,Sports,15,29873.03,24,0
2024-10-29,East India,Sports,9,11925.27,15,0
2024-10-30,East India,Sports,6,9590.85,11,0
2024-10-31,East India,Sports,6,8445.49,11,0
2024-11-01,East India,Sports,8,11024.01,12,0
2024-11-02,East India,Sports,12,13734.82,20,0
2024-11-03,East India,Sports,7,8167.44,10,0
2024-11-04,East India,Sports,7,7500.57,11,0
2024-11-05,East India,Sports,3,5846.5,4,0
2024-11-06,East India,Sports,9,12068.9,16,0
2024-11-07,East India,Sports,3,4498.92,5,0
2024-11-08,East India,Sports,8,7641.12,14,0
2024-11-09,East India,Sports,10,16343.99,14,0
2024-11-10,East India,Sports,13,14723.04,18,0
2024-11-11,East India,Sports,6,6511.53,10,0
2024-11-12,East India,Sports,8,12374.65,14,0
2024-11-13,East India,Sports,6,9002.69,9,0
2024-11-14,East India,Sports,8,14658.4,12,0
2024-11-15,East India,Sports,8,10480.72,12,0
2024-11-16,East India,Sports,12,27872.08,20,0
2024-11-17,East India,Sports,7,9723.5,12,0
2024-11-18,East India,Sports,2,3210.42,3,0
2024-11-19,East India,Sports,7,16358.76,10,0
2024-11-20,East India,Sports,3,4081.43,4,0
2024-11-21,East India,Sports,2,3301.59,3,0
2024-11-22,East India,Sports,4,7043.45,7,0
2024-11-23,East India,Sports,7,11669.94,13,0
2024-11-24,East India,Sports,14,25188.68,20,0
2024-11-25,East India,Sports,5,7837.22,9,0
2024-11-26,East India,Sports,7,12415.79,12,0
2024-11-27,East India,Sports,6,10383.92,9,0
2024-11-28,East India,Sports,9,10990.25,16,0
2024-11-29,East India,Sports,12,21024.25,19,0
2024-11-30,East India,Sports,20,40156.27,28,1
2024-12-01,East India,Sports,8,15382.77,11,0
2024-12-02,East India,Sports,3,5355.37,4,0
2024-12-03,East India,Sports,3,4994.77,5,0
2024-12-04,East India,Sports,5,6939.96,9,0
2024-12-05,East India,Sports,1,1990.99,1,0
2024-12-06,East India,Sports,5,12681.07,7,0
2024-12-07,East India,Sports,4,6138.34,7,0
2024-12-08,East India,Sports,10,12501.49,15,0
2024-12-09,East India,Sports,3,4880.44,5,0
2024-12-10,East India,Sports,7,11840.98,10,0
2024-12-11,East India,Sports,4,5294.88,6,0
2024-12-12,East India,Sports,4,4766.38,6,0
2024-12-14,East India,Sports,6,9940.78,10,0
2024-12-15,East India,Sports,4,6879.31,6,0
2024-12-16,East India,Sports,4,6834.18,5,0
2024-12-17,East India,Sports,4,6466.61,6,0
2024-12-18,East India,Sports,5,10024.52,7,0
2024-12-19,East India,Sports,3,4249.91,5,0
2024-12-20,East India,Sports,4,3730.62,6,0
2024-12-21,East India,Sports,7,11862.26,11,0
2024-12-22,East India,Sports,5,9482.28,7,0
2024-12-23,East India,Sports,1,1721.07,1,0
2024-12-24,East India,Sports,1,1645.39,1,0
2024-12-25,East India,Sports,2,2810.98,3,0
2024-12-26,East India,Sports,4,7004.6,5,0
2024-12-27,East India,Sports,4,4865.85,6,0
2024-12-28,East India,Sports,7,10547.23,12,0
2024-12-29,East India,Sports,9,13997.21,15,0
2024-12-30,East India,Sports,4,4814.68,6,0
2024-12-31,East India,Sports,8,10862.57,14,0
2025-01-01,East India,Sports,1,1874.47,1,0
2025-01-02,East India,Sports,7,13416.98,11,0
2025-01-03,East India,Sports,4,7514.11,6,0
2025-01-04,East India,Sports,5,8150.2,8,0
2025-01-05,East India,Sports,7,9088.86,12,0
2025-01-06,East India,Sports,7,11113.2,10,0
2025-01-07,East India,Sports,4,6689.84,7,0
2025-01-08,East India,Sports,3,5582.57,4,0
2025-01-09,East India,Sports,5,8261.9,8,0
2025-01-10,East India,Sports,5,7510.24,7,0
2025-01-11,East India,Sports,12,20578.58,20,0
2025-01-12,East India,Sports,5,9862.9,7,0
2025-01-13,East India,Sports,5,4742.88,9,0
2025-01-14,East India,Sports,4,6872.53,5,0
2025-01-15,East India,Sports,2,4583.62,2,0
2025-01-16,East India,Sports,4,7491.13,5,0
2025-01-17,East India,Sports,4,6011.2,5,0
2025-01-18,East India,Sports,9,11022.96,15,0
2025-01-19,East India,Sports,6,6846.48,10,0
2025-01-20,East India,Sports,3,3270.43,5,0
2025-01-21,East India,Sports,3,3762.99,5,0
2025-01-22,East India,Sports,3,5205.06,4,0
2025-01-23,East India,Sports,5,4847.26,8,0
2025-01-24,East India,Sports,6,6016.13,9,0
2025-01-25,East India,Sports,4,7219.91,7,0
2025-01-26,East India,Sports,5,6833.56,7,0
2025-01-27,East India,Sports,1,1409.89,1,0
2025-01-29,East India,Sports,4,5730.51,6,0
2025-01-30,East India,Sports,4,6177.86,5,0
2025-01-31,East India,Sports,6,8391.13,8,0
2025-02-01,East India,Sports,10,16068.23,14,0
2025-02-02,East India,Sports,3,6798.88,5,0
2025-02-03,East India,Sports,2,2409.74,3,0
2025-02-04,East India,Sports,3,5224.4,4,0
2025-02-05,East India,Sports,2,4223.56,2,0
2025-02-06,East India,Sports,3,4349.09,5,0
2025-02-07,East India,Sports,3,4768.37,4,0
2025-02-08,East India,Sports,6,9232.47,9,0
2025-02-09,East India,Sports,3,4778.56,4,0
2025-02-10,East India,Sports,3,4176.87,4,0
2025-02-11,East India,Sports,7,12580.66,10,0
2025-02-12,East India,Sports,9,13370.83,14,0
2025-02-13,East India,Sports,8,12701.02,14,0
2025-02-14,East India,Sports,3,4969.32,5,0
2025-02-15,East India,Sports,2,3539.21,3,0
2025-02-16,East India,Sports,4,6872.39,5,0
2025-02-17,East India,Sports,2,3485.98,3,0
2025-02-18,East India,Sports,3,4365.36,4,0
2025-02-19,East India,Sports,5,12696.44,8,0
2025-02-20,East India,Sports,12,24537.52,17,0
2025-02-21,East India,Sports,5,11048.7,7,0
2025-02-22,East India,Sports,2,3611.49,3,0
2025-02-23,East India,Sports,4,6134.91,6,0
2025-02-24,East India,Sports,7,16003.43,10,0
2025-02-25,East India,Sports,5,8546.43,9,0
2025-02-26,East India,Sports,8,16959.48,11,0
2025-02-27,East India,Sports,3,3931.84,4,0
2025-02-28,East India,Sports,4,7095.78,7,0
2025-03-01,East India,Sports,6,12818.95,8,0
2025-03-02,East India,Sports,8,9991.43,14,0
2025-03-04,East India,Sports,1,1647.34,1,0
2025-03-05,East India,Sports,5,5097.83,8,0
2025-03-06,East India,Sports,6,9156.58,8,0
2025-03-07,East India,Sports,6,8433.25,9,0
2025-03-08,East India,Sports,4,5429.43,7,0
2025-03-09,East India,Sports,2,3250.57,2,0
2025-03-10,East India,Sports,3,2762.72,5,0
2025-03-11,East India,Sports,5,7798.35,8,0
2025-03-12,East India,Sports,3,6167.45,5,0
2025-03-13,East India,Sports,4,5994.58,6,0
2025-03-15,East India,Sports,8,11065.42,13,0
2025-03-16,East India,Sports,2,2696.23,2,0
2025-03-17,East India,Sports,4,8040.82,6,0
2025-03-18,East India,Sports,2,4453.55,2,0
2025-03-19,East India,Sports,1,1689.3,1,0
2025-03-20,East India,Sports,3,5499.66,5,0
2025-03-21,East India,Sports,3,4139.12,4,0
2025-03-22,East India,Sports,8,10215.37,13,0
2025-03-23,East India,Sports,12,16183.31,22,0
2025-03-24,East India,Sports,2,3529.07,3,0
2025-03-25,East India,Sports,3,4967.54,5,0
2025-03-26,East India,Sports,4,6370.26,6,0
2025-03-27,East India,Sports,6,9815.39,9,0
2025-03-28,East India,Sports,7,11250.92,11,0
2025-03-29,East India,Sports,5,7430.2,8,0
2025-03-30,East India,Sports,4,9291.76,5,0
2025-03-31,East India,Sports,6,9114.45,10,0
2025-04-01,East India,Sports,8,8226.57,14,0
2025-04-02,East India,Sports,8,14186.46,13,0
2025-04-03,East India,Sports,6,10351.18,10,0
2025-04-04,East India,Sports,3,4746.17,5,0
2025-04-05,East India,Sports,8,11687.99,14,0
2025-04-06,East India,Sports,4,6328.69,6,0
2025-04-07,East India,Sports,3,4249.76,4,0
2025-04-08,East India,Sports,3,4210.56,5,0
2025-04-09,East India,Sports,3,4939.32,5,0
2025-04-10,East India,Sports,3,4172.92,4,0
2025-04-11,East India,Sports,3,4120.65,4,0
2025-04-12,East India,Sports,3,7103.05,4,0
2025-04-13,East India,Sports,2,3233.07,3,0
2025-04-14,East India,Sports,2,2858.59,2,0
2025-04-15,East India,Sports,4,7410.51,6,0
2025-04-16,East India,Sports,5,8324.37,8,0
2025-04-17,East India,Sports,4,5513.71,6,0
2025-04-18,East India,Sports,3,6103.15,4,0
2025-04-19,East India,Sports,5,6362.43,8,0
2025-04-20,East India,Sports,5,9445.7,8,0
2025-04-21,East India,Sports,5,10193.11,8,0
2025-04-22,East India,Sports,4,6463.1,6,0
2025-04-23,East India,Sports,6,10929.92,10,0
2025-04-24,East India,Sports,2,2600.12,3,0
2025-04-25,East India,Sports,3,5452.45,4,0
2025-04-26,East India,Sports,11,14358.05,17,0
2025-04-27,East India,Sports,1,1901.01,1,0
2025-04-28,East India,Sports,9,12229.96,12,0
2025-04-29,East India,Sports,10,14193.93,18,0
2025-04-30,East India,Sports,5,7761.19,9,0
2025-05-01,East India,Sports,6,7954.51,9,0
2025-05-02,East India,Sports,6,8919.91,10,0
2025-05-03,East India,Sports,2,2852.35,2,0
2025-05-04,East India,Sports,1,1346.18,1,0
2025-05-05,East India,Sports,3,6384.99,4,0
2025-05-06,East India,Sports,7,8594.17,11,0
2025-05-07,East India,Sports,7,11184.21,10,0
2025-05-09,East India,Sports,4,6934.91,6,0
2025-05-10,East India,Sports,11,11701.15,19,0
2025-05-11,East India,Sports,8,13131.07,11,0
2025-05-12,East India,Sports,3,4473.82,5,0
2025-05-13,East India,Sports,3,4901.88,4,0
2025-05-14,East India,Sports,6,7984.86,10,0
2025-05-15,East India,Sports,8,10005.63,14,0
2025-05-16,East India,Sports,5,4739.23,7,0
2025-05-17,East India,Sports,3,6567.33,4,0
2025-05-18,East India,Sports,8,12719.22,12,0
2025-05-19,East India,Sports,4,8258.96,6,0
2025-05-20,East India,Sports,5,5805.15,8,0
2025-05-21,East India,Sports,1,2016.73,1,0
2025-05-22,East India,Sports,3,4695.6,4,0
2025-05-23,East India,Sports,1,1692.52,1,0
2025-05-24,East India,Sports,6,12488.39,9,0
2025-05-25,East India,Sports,7,12136.52,10,0
2025-05-26,East India,Sports,3,4970.32,4,0
2025-05-27,East India,Sports,5,7372.34,7,0
2025-05-28,East India,Sports,4,8744.61,6,0
2025-05-29,East India,Sports,6,8885.02,8,0
2025-05-30,East India,Sports,5,5477.58,8,0
2025-05-31,East India,Sports,8,11405.52,13,0
2025-06-01,East India,Sports,2,2766.34,3,0
2025-06-02,East India,Sports,2,2927.25,3,0
2025-06-03,East India,Sports,2,2679.57,3,0
2025-06-04,East India,Sports,5,7879.09,8,0
2025-06-05,East India,Sports,4,5062.03,6,0
2025-06-06,East India,Sports,1,1518.08,1,0
2025-06-07,East India,Sports,5,6911.05,9,0
2025-06-08,East India,Sports,3,5807.47,5,0
2025-06-09,East India,Sports,4,6255.36,6,0
2025-06-10,East India,Sports,1,1624.22,1,0
2025-06-11,East India,Sports,4,7306.74,7,0
2025-06-12,East India,Sports,5,7623.72,9,0
2025-06-13,East India,Sports,4,6433.88,6,0
2025-06-14,East India,Sports,6,8562.68,11,0
2025-06-15,East India,Sports,4,6787.85,6,0
2025-06-16,East India,Sports,2,3133.92,2,0
2025-06-17,East India,Sports,4,6657.47,6,0
2025-06-18,East India,Sports,4,6623.04,6,0
2025-06-19,East India,Sports,4,4874.43,5,0
2025-06-20,East India,Sports,5,9161.75,8,0
2025-06-21,East India,Sports,4,6057.65,6,0
2025-06-22,East India,Sports,9,12931.03,13,0
2025-06-23,East India,Sports,4,6037.51,6,0
2025-06-24,East India,Sports,5,6666.09,8,0
2025-06-25,East India,Sports,4,8726.13,7,0
2025-06-26,East India,Sports,5,5348.35,8,0
2025-06-27,East India,Sports,4,7028.72,6,0
2025-06-28,East India,Sports,7,9038.31,11,0
2025-06-29,East India,Sports,6,9142.81,9,0
2025-06-30,East India,Sports,6,7642.49,9,0
2025-07-01,East India,Sports,2,2263.31,2,0
2025-07-02,East India,Sports,4,6289.97,7,0
2025-07-03,East India,Sports,8,16002.22,14,0
2025-07-04,East India,Sports,4,5097.61,6,0
2025-07-05,East India,Sports,5,5136.42,7,0
2025-07-06,East India,Sports,9,18548.59,17,0
2025-07-07,East India,Sports,7,9915.84,10,0
2025-07-08,East India,Sports,6,12517.4,8,0
2025-07-09,East India,Sports,3,4948.01,4,0
2025-07-10,East India,Sports,5,8232.92,8,0
2025-07-11,East India,Sports,5,9240.66,9,0
2025-07-12,East India,Sports,6,11509.87,10,0
2025-07-13,East India,Sports,6,11733.78,10,0
2025-07-14,East India,Sports,2,2452.98,3,0
2025-07-15,East India,Sports,3,4213.64,4,0
2025-07-16,East India,Sports,4,7484.32,6,0
2025-07-17,East India,Sports,3,4890.7,5,0
2025-07-18,East India,Sports,3,3605.38,4,0
2025-07-19,East India,Sports,9,15484.37,13,0
2025-07-20,East India,Sports,9,14980.12,16,0
2025-07-21,East India,Sports,2,2791.67,3,0
2025-07-22,East India,Sports,7,12633.23,11,0
2025-07-23,East India,Sports,5,8940.01,8,0
2025-07-24,East India,Sports,2,3495.18,3,0
2025-07-25,East India,Sports,4,6167.18,6,0
2025-07-26,East India,Sports,7,10051.42,11,0
2025-07-27,East India,Sports,13,23246.12,24,1
2025-07-28,East India,Sports,3,2949.67,5,0
2025-07-29,East India,Sports,4,8047.53,6,0
2025-07-30,East India,Sports,7,12139.22,13,0
2025-07-31,East India,Sports,7,10968.68,12,0
2025-08-01,East India,Sports,6,10162.21,8,0
2025-08-02,East India,Sports,5,8382.92,7,0
2025-08-03,East India,Sports,6,7879.93,10,0
2025-08-04,East India,Sports,8,13117.48,15,0
2025-08-05,East India,Sports,3,4192.28,5,0
2025-08-06,East India,Sports,4,7423.31,7,0
2025-08-07,East India,Sports,8,17112.32,12,0
2025-08-08,East India,Sports,2,3941.02,3,0
2025-08-09,East India,Sports,8,18256.25,15,0
2025-08-10,East India,Sports,7,11402.68,10,0
2025-08-11,East India,Sports,2,3365.34,3,0
2025-08-12,East India,Sports,4,7035.18,6,0
2025-08-13,East India,Sports,6,5569.16,10,0
2025-08-14,East India,Sports,1,1449.34,1,0
2025-08-15,East India,Sports,6,7348.82,9,0
2025-08-16,East India,Sports,8,13902.42,12,0
2025-08-17,East India,Sports,2,4992.32,3,0
2025-08-18,East India,Sports,6,7977.54,9,0
2025-08-19,East India,Sports,2,2812.11,3,0
2025-08-20,East India,Sports,2,3482.09,3,0
2025-08-22,East India,Sports,6,9907.87,8,0
2025-08-23,East India,Sports,8,14048.92,12,0
2025-08-24,East India,Sports,7,13807.7,13,0
2025-08-25,East India,Sports,5,7207.5,7,0
2025-08-26,East India,Sports,5,8767.38,8,0
2025-08-27,East India,Sports,4,6543.25,6,0
2025-08-28,East India,Sports,5,7486.96,7,0
2025-08-29,East India,Sports,2,3755.1,3,0
2025-08-30,East India,Sports,6,7268.87,8,0
2025-08-31,East India,Sports,10,16312.34,17,0
2025-09-01,East India,Sports,1,1716.62,1,0
2025-09-02,East India,Sports,9,15111.76,16,0
2025-09-03,East India,Sports,2,3197.04,3,0
2025-09-04,East India,Sports,9,21378.59,15,0
2025-09-05,East India,Sports,10,16403.99,17,0
2025-09-06,East India,Sports,3,4771.65,4,0
2025-09-07,East India,Sports,3,4754.33,4,0
2025-09-08,East India,Sports,2,3221.74,3,0
2025-09-09,East India,Sports,4,4595.76,7,0
2025-09-10,East India,Sports,5,10501.36,8,0
2025-09-11,East India,Sports,6,10676.89,9,0
2025-09-12,East India,Sports,3,4989.22,4,0
2025-09-13,East India,Sports,6,10440.94,11,0
2025-09-14,East India,Sports,8,14561.84,13,0
2025-09-15,East India,Sports,6,8285.07,8,0
2025-09-17,East India,Sports,6,7355.54,9,0
2025-09-18,East India,Sports,4,5844.2,7,0
2025-09-19,East India,Sports,5,4926.68,8,0
2025-09-20,East India,Sports,10,17191.92,16,0
2025-09-21,East India,Sports,4,6323.53,7,0
2025-09-22,East India,Sports,2,3720.73,3,0
2025-09-24,East India,Sports,2,3139.07,3,0
2025-09-25,East India,Sports,5,7501.84,9,0
2025-09-26,East India,Sports,3,3984.05,4,0
2025-09-27,East India,Sports,5,6067.0,7,0
2025-09-28,East India,Sports,6,9362.79,8,0
2025-09-29,East India,Sports,5,8310.92,7,0
2025-09-30,East India,Sports,3,4913.76,5,0
2025-10-01,East India,Sports,8,10425.41,12,0
2025-10-02,East India,Sports,6,11133.22,8,0
2025-10-03,East India,Sports,8,14066.97,13,0
2025-10-04,East India,Sports,9,11395.17,15,0
2025-10-05,East India,Sports,12,13075.96,19,0
2025-10-06,East India,Sports,4,8153.53,7,0
2025-10-07,East India,Sports,2,3006.89,3,0
2025-10-08,East India,Sports,4,7731.73,7,0
2025-10-09,East India,Sports,6,7183.1,11,0
2025-10-10,East India,Sports,8,15088.51,12,0
2025-10-11,East India,Sports,8,9832.05,11,0
2025-10-12,East India,Sports,10,13522.3,15,0
2025-10-13,East India,Sports,4,6570.92,7,0
2025-10-14,East India,Sports,10,11305.65,16,0
2025-10-15,East India,Sports,6,10164.96,11,0
2025-10-16,East India,Sports,6,8959.32,11,0
2025-10-17,East India,Sports,11,14643.92,16,0
2025-10-18,East India,Sports,11,16832.54,15,0
2025-10-19,East India,Sports,10,21653.18,15,0
2025-10-20,East India,Sports,8,9776.49,12,0
2025-10-21,East India,Sports,3,2227.7,5,0
2025-10-22,East India,Sports,5,6783.96,7,0
2025-10-23,East India,Sports,5,6133.97,7,0
2025-10-24,East India,Sports,4,5500.41,7,0
2025-10-25,East India,Sports,6,11198.38,10,0
2025-10-26,East India,Sports,9,15663.67,16,0
2025-10-27,East India,Sports,6,13115.53,8,0
2025-10-28,East India,Sports,5,10111.01,8,0
2025-10-29,East India,Sports,5,9572.15,9,0
2025-10-30,East India,Sports,9,12724.81,15,0
2025-10-31,East India,Sports,8,14365.04,14,0
2025-11-01,East India,Sports,8,15361.18,13,0
2025-11-02,East India,Sports,8,12034.76,13,0
2025-11-03,East India,Sports,7,10031.28,10,0
2025-11-04,East India,Sports,8,14357.71,11,0
2025-11-05,East India,Sports,12,19400.63,18,0
2025-11-06,East India,Sports,11,20001.75,17,0
2025-11-07,East India,Sports,5,7731.39,8,0
2025-11-08,East India,Sports,12,16203.95,18,0
2025-11-09,East India,Sports,14,20295.51,23,0
2025-11-10,East India,Sports,4,6232.52,6,0
2025-11-11,East India,Sports,7,11000.28,12,0
2025-11-12,East India,Sports,4,6305.65,5,0
2025-11-13,East India,Sports,7,8654.98,11,0
2025-11-14,East India,Sports,7,10085.95,12,0
2025-11-15,East India,Sports,9,10467.12,15,0
2025-11-16,East India,Sports,7,7824.65,13,0
2025-11-17,East India,Sports,6,8302.67,8,0
2025-11-18,East India,Sports,8,12844.32,12,0
2025-11-19,East India,Sports,9,16227.42,12,0
2025-11-20,East India,Sports,4,6821.73,7,0
2025-11-21,East India,Sports,10,10710.83,14,0
2025-11-22,East India,Sports,12,17111.07,21,0
2025-11-23,East India,Sports,11,22426.64,16,0
2025-11-24,East India,Sports,8,14575.64,12,0
2025-11-25,East India,Sports,8,9913.56,11,0
2025-11-26,East India,Sports,14,19272.54,24,0
2025-11-27,East India,Sports,8,16384.77,12,0
2025-11-28,East India,Sports,11,13961.23,15,0
2025-11-29,East India,Sports,15,24955.59,22,0
2025-11-30,East India,Sports,19,45562.5,30,0
2025-12-01,East India,Sports,5,9424.34,9,0
2025-12-02,East India,Sports,4,8595.81,6,0
2025-12-03,East India,Sports,7,11672.43,11,0
2025-12-04,East India,Sports,4,5278.23,5,0
2025-12-05,East India,Sports,1,1976.17,1,0
2025-12-06,East India,Sports,4,4931.48,6,0
2025-12-07,East India,Sports,6,13188.47,9,0
2025-12-08,East India,Sports,4,7810.1,6,0
2025-12-09,East India,Sports,5,9583.29,9,0
2025-12-10,East India,Sports,5,8596.86,8,0
2025-12-11,East India,Sports,1,1694.9,1,0
2025-12-12,East India,Sports,6,10264.39,8,0
2025-12-13,East India,Sports,5,5774.32,7,0
2025-12-14,East India,Sports,3,4895.54,4,0
2025-12-15,East India,Sports,3,3995.77,4,0
2025-12-16,East India,Sports,3,5532.2,4,0
2025-12-17,East India,Sports,2,4597.64,3,0
2025-12-18,East India,Sports,6,10921.21,10,0
2025-12-19,East India,Sports,7,12409.32,11,0
2025-12-20,East India,Sports,4,5106.58,6,0
2025-12-21,East India,Sports,9,13726.38,13,0
2025-12-22,East India,Sports,3,4621.11,4,0
2025-12-23,East India,Sports,4,6231.74,6,0
2025-12-24,East India,Sports,2,4303.98,3,0
2025-12-25,East India,Sports,3,6571.4,4,0
2025-12-26,East India,Sports,3,5107.83,5,0
2025-12-27,East India,Sports,2,2318.3,3,0
2025-12-28,East India,Sports,12,10553.91,19,0
2025-12-29,East India,Sports,1,1875.61,1,0
2025-12-30,East India,Sports,5,9465.69,8,0
2025-12-31,East India,Sports,3,3754.25,4,0
2024-01-01,West India,Electronics,7,23467.87,11,0
2024-01-02,West India,Electronics,6,15826.9,10,0
2024-01-03,West India,Electronics,2,6653.53,2,0
2024-01-04,West India,Electronics,5,13013.42,9,0
2024-01-05,West India,Electronics,7,25107.97,12,0
2024-01-06,West India,Electronics,11,31879.11,18,0
2024-01-07,West India,Electronics,8,21849.79,13,0
2024-01-08,West India,Electronics,6,22251.54,10,0
2024-01-09,West India,Electronics,2,5582.68,2,0
2024-01-10,West India,Electronics,5,12400.73,7,0
2024-01-11,West India,Electronics,5,15459.89,7,0
2024-01-12,West India,Electronics,5,16652.47,8,0
2024-01-13,West India,Electronics,9,24734.58,15,0
2024-01-14,West India,Electronics,6,23617.26,10,0
2024-01-15,West India,Electronics,3,8966.49,4,0
2024-01-16,West India,Electronics,6,15884.32,11,0
2024-01-17,West India,Electronics,10,32082.88,15,0
2024-01-18,West India,Electronics,5,13799.94,8,0
2024-01-19,West India,Electronics,1,3216.89,1,0
2024-01-20,West India,Electronics,10,33323.43,18,0
2024-01-21,West India,Electronics,4,16377.89,6,0
2024-01-22,West India,Electronics,4,11736.93,6,0
2024-01-23,West India,Electronics,9,29017.18,14,0
2024-01-24,West India,Electronics,3,12331.13,4,0
2024-01-25,West India,Electronics,9,29344.36,13,0
2024-01-26,West India,Electronics,4,10288.69,5,0
2024-01-27,West India,Electronics,8,32001.02,11,0
2024-01-28,West India,Electronics,12,32194.45,18,0
2024-01-29,West India,Electronics,8,18359.8,14,0
2024-01-30,West India,Electronics,7,24502.96,11,0
2024-01-31,West India,Electronics,13,35120.92,24,0
2024-02-01,West India,Electronics,3,9492.09,4,0
2024-02-02,West India,Electronics,5,15136.7,7,0
2024-02-03,West India,Electronics,7,17148.73,12,0
2024-02-04,West India,Electronics,8,22571.77,12,0
2024-02-05,West India,Electronics,5,15481.26,9,0
2024-02-06,West India,Electronics,5,12421.08,8,0
2024-02-07,West India,Electronics,3,8375.39,5,0
2024-02-08,West India,Electronics,8,19436.22,13,0
2024-02-09,West India,Electronics,3,10548.31,5,0
2024-02-10,West India,Electronics,12,38581.86,18,0
2024-02-11,West India,Electronics,10,41028.79,14,0
2024-02-12,West India,Electronics,6,23902.49,9,0
2024-02-13,West India,Electronics,7,22044.13,11,0
2024-02-14,West India,Electronics,3,9745.59,4,0
2024-02-15,West India,Electronics,8,21094.52,11,0
2024-02-16,West India,Electronics,8,28813.99,13,0
2024-02-17,West India,Electronics,6,19018.99,9,0
2024-02-18,West India,Electronics,9,30096.73,16,0
2024-02-19,West India,Electronics,5,15369.95,8,0
2024-02-20,West India,Electronics,4,12578.66,6,0
2024-02-21,West India,Electronics,3,11100.84,5,0
2024-02-22,West India,Electronics,8,28334.58,13,0
2024-02-23,West India,Electronics,5,22144.01,7,0
2024-02-24,West India,Electronics,6,18888.2,11,0
2024-02-25,West India,Electronics,7,22258.28,10,0
2024-02-26,West India,Electronics,7,25647.22,12,0
2024-02-27,West India,Electronics,11,35307.24,18,1
2024-02-28,West India,Electronics,9,26471.53,15,0
2024-02-29,West India,Electronics,7,22845.41,12,0
2024-03-01,West India,Electronics,10,30419.81,15,0
2024-03-02,West India,Electronics,6,20421.44,10,0
2024-03-03,West India,Electronics,8,27692.16,15,0
2024-03-04,West India,Electronics,8,27953.92,12,0
2024-03-05,West India,Electronics,5,14937.07,7,0
2024-03-06,West India,Electronics,6,19946.45,10,0
2024-03-07,West India,Electronics,14,41640.37,22,1
2024-03-08,West India,Electronics,10,32531.14,18,0
2024-03-09,West India,Electronics,10,28134.38,17,0
2024-03-10,West India,Electronics,11,36405.76,18,0
2024-03-11,West India,Electronics,4,15212.39,6,0
2024-03-12,West India,Electronics,8,28715.6,11,0
2024-03-13,West India,Electronics,5,15726.82,7,0
2024-03-14,West India,Electronics,5,14410.67,7,0
2024-03-15,West India,Electronics,6,18001.26,10,0
2024-03-16,West India,Electronics,6,18864.48,9,0
2024-03-17,West India,Electronics,10,31559.54,15,0
2024-03-18,West India,Electronics,3,9025.51,4,0
2024-03-19,West India,Electronics,6,20282.27,11,0
2024-03-20,West India,Electronics,3,9884.64,5,0
2024-03-21,West India,Electronics,9,30401.85,12,0
2024-03-22,West India,Electronics,10,35028.25,17,0
2024-03-23,West India,Electronics,13,40784.39,20,0
2024-03-24,West India,Electronics,10,33107.16,15,0
2024-03-25,West India,Electronics,7,34060.07,11,0
2024-03-26,West India,Electronics,7,26003.59,13,0
2024-03-27,West India,Electronics,6,13043.05,8,0
2024-03-28,West India,Electronics,9,30104.78,15,0
2024-03-29,West India,Electronics,11,33510.27,16,0
2024-03-30,West India,Electronics,13,36387.11,20,0
2024-03-31,West India,Electronics,15,38495.66,22,1
2024-04-01,West India,Electronics,6,15329.86,10,0
2024-04-02,West India,Electronics,4,12647.58,7,0
2024-04-03,West India,Electronics,7,23556.28,13,0
2024-04-04,West India,Electronics,9,25746.71,15,0
2024-04-05,West India,Electronics,7,24483.78,12,0
2024-04-06,West India,Electronics,10,35282.94,16,0
2024-04-07,West India,Electronics,14,60898.34,20,1
2024-04-08,West India,Electronics,7,31018.79,11,0
2024-04-09,West India,Electronics,7,22695.98,12,0
2024-04-10,West India,Electronics,5,19228.89,7,0
2024-04-11,West India,Electronics,6,15359.02,10,0
2024-04-12,West India,Electronics,6,16271.19,10,0
2024-04-13,West India,Electronics,11,39299.14,19,0
2024-04-14,West India,Electronics,12,34210.06,17,0
2024-04-15,West India,Electronics,3,12092.04,5,0
2024-04-16,West India,Electronics,6,19671.88,10,0
2024-04-17,West India,Electronics,7,16654.19,13,0
2024-04-18,West India,Electronics,6,19138.81,10,0
2024-04-19,West India,Electronics,7,21168.85,12,0
2024-04-20,West India,Electronics,5,15783.26,8,0
2024-04-21,West India,Electronics,6,17528.53,10,0
2024-04-22,West India,Electronics,3,8454.75,5,0
2024-04-23,West India,Electronics,3,11506.13,4,0
2024-04-24,West India,Electronics,6,17316.59,10,0
2024-04-25,West India,Electronics,11,41691.05,19,0
2024-04-26,West India,Electronics,4,12584.2,7,0
2024-04-27,West India,Electronics,9,29618.16,16,0
2024-04-28,West India,Electronics,9,24639.73,14,0
2024-04-29,West India,Electronics,11,38134.53,16,0
2024-04-30,West India,Electronics,2,8145.48,3,0
2024-05-01,West India,Electronics,5,12049.45,8,0
2024-05-02,West India,Electronics,7,19258.57,12,0
2024-05-03,West India,Electronics,6,16614.25,11,0
2024-05-04,West India,Electronics,11,36425.95,19,0
2024-05-05,West India,Electronics,6,14945.37,8,0
2024-05-06,West India,Electronics,4,14877.1,7,0
2024-05-07,West India,Electronics,12,39305.73,17,0
2024-05-08,West India,Electronics,9,23520.61,15,0
2024-05-09,West India,Electronics,4,13069.67,6,0
2024-05-10,West India,Electronics,7,25227.75,12,0
2024-05-11,West India,Electronics,8,23317.78,11,0
2024-05-12,West India,Electronics,9,27183.24,15,0
2024-05-13,West India,Electronics,8,23445.65,11,0
2024-05-14,West India,Electronics,6,13663.99,10,0
2024-05-15,West India,Electronics,9,27680.91,13,0
2024-05-16,West India,Electronics,9,28837.28,16,0
2024-05-17,West India,Electronics,9,24621.56,16,0
2024-05-18,West India,Electronics,8,21980.95,12,0
2024-05-19,West India,Electronics,6,20416.33,10,0
2024-05-20,West India,Electronics,9,27266.8,16,0
2024-05-21,West India,Electronics,5,14195.17,8,0
2024-05-22,West India,Electronics,4,12642.09,5,0
2024-05-23,West India,Electronics,4,12122.61,6,0
2024-05-24,West India,Electronics,5,14892.56,7,0
2024-05-25,West India,Electronics,6,19150.81,11,0
2024-05-26,West India,Electronics,9,20865.45,15,0
2024-05-27,West India,Electronics,5,16927.99,7,0
2024-05-28,West India,Electronics,6,17876.78,10,0
2024-05-29,West India,Electronics,8,18356.48,12,0
2024-05-30,West India,Electronics,5,13936.39,8,0
2024-05-31,West India,Electronics,4,13870.93,5,0
2024-06-01,West India,Electronics,7,21207.49,11,0
2024-06-02,West India,Electronics,9,21900.8,14,0
2024-06-03,West India,Electronics,4,12382.62,5,0
2024-06-04,West India,Electronics,5,14134.13,7,0
2024-06-05,West India,Electronics,8,27535.9,12,0
2024-06-06,West India,Electronics,13,41908.96,20,0
2024-06-07,West India,Electronics,10,33986.06,17,0
2024-06-08,West India,Electronics,10,26189.33,14,0
2024-06-09,West India,Electronics,13,48984.73,23,1
2024-06-10,West India,Electronics,10,39447.79,14,0
2024-06-11,West India,Electronics,8,26238.29,12,0
2024-06-12,West India,Electronics,3,8553.45,5,0
2024-06-13,West India,Electronics,11,28149.34,20,0
2024-06-14,West India,Electronics,6,23505.33,10,0
2024-06-15,West India,Electronics,5,16469.43,7,0
2024-06-16,West India,Electronics,9,38145.13,16,0
2024-06-17,West India,Electronics,6,23948.26,9,0
2024-06-18,West India,Electronics,8,24990.95,13,0
2024-06-19,West India,Electronics,3,11348.1,4,0
2024-06-20,West India,Electronics,8,23949.92,13,0
2024-06-21,West India,Electronics,8,28520.6,13,0
2024-06-22,West India,Electronics,13,46755.44,23,1
2024-06-23,West India,Electronics,11,36950.5,17,0
2024-06-24,West India,Electronics,7,21101.58,12,0
2024-06-25,West India,Electronics,6,13546.02,10,0
2024-06-26,West India,Electronics,10,30535.22,17,0
2024-06-27,West India,Electronics,2,7398.52,2,0
2024-06-28,West India,Electronics,7,19290.22,13,0
2024-06-29,West India,Electronics,20,65847.95,28,0
2024-06-30,West India,Electronics,8,20531.34,11,0
2024-07-01,West India,Electronics,3,13110.63,5,0
2024-07-02,West India,Electronics,8,24748.1,12,0
2024-07-03,West India,Electronics,7,17515.31,12,0
2024-07-04,West India,Electronics,8,22319.58,11,0
2024-07-05,West India,Electronics,6,20039.54,10,0
2024-07-06,West India,Electronics,4,13029.89,7,0
2024-07-07,West India,Electronics,6,22402.28,9,0
2024-07-08,West India,Electronics,4,14516.36,5,0
2024-07-09,West India,Electronics,7,21493.55,9,0
2024-07-10,West India,Electronics,6,22593.35,9,0
2024-07-11,West India,Electronics,5,14461.8,7,0
2024-07-12,West India,Electronics,5,17196.18,7,0
2024-07-13,West India,Electronics,16,52356.54,22,0
2024-07-14,West India,Electronics,9,26078.02,13,0
2024-07-15,West India,Electronics,3,13156.75,4,0
2024-07-16,West India,Electronics,6,17582.84,10,0
2024-07-17,West India,Electronics,10,34846.91,16,0
2024-07-18,West India,Electronics,6,16838.19,9,0
2024-07-19,West India,Electronics,5,12363.24,7,0
2024-07-20,West India,Electronics,14,43146.71,22,0
2024-07-21,West India,Electronics,13,39363.03,23,0
2024-07-22,West India,Electronics,5,13937.31,7,0
2024-07-23,West India,Electronics,5,16125.82,8,0
2024-07-24,West India,Electronics,3,11794.38,5,0
2024-07-25,West India,Electronics,10,37219.44,14,0
2024-07-26,West India,Electronics,6,16485.8,10,0
2024-07-27,West India,Electronics,8,16582.69,12,0
2024-07-28,West India,Electronics,15,41459.26,23,0
2024-07-29,West India,Electronics,10,36393.96,14,0
2024-07-30,West India,Electronics,6,16899.12,8,0
2024-07-31,West India,Electronics,12,44647.03,17,0
2024-08-01,West India,Electronics,1,2554.36,1,0
2024-08-02,West India,Electronics,7,20064.25,12,0
2024-08-03,West India,Electronics,7,25012.86,11,0
2024-08-04,West India,Electronics,9,25029.11,13,0
2024-08-05,West India,Electronics,7,23950.88,10,0
2024-08-06,West India,Electronics,10,34601.48,18,0
2024-08-07,West India,Electronics,4,12048.08,6,0
2024-08-08,West India,Electronics,5,12387.23,8,0
2024-08-09,West India,Electronics,3,9886.31,4,0
2024-08-10,West India,Electronics,11,36524.92,18,0
2024-08-11,West India,Electronics,7,18831.68,13,0
2024-08-12,West India,Electronics,4,11811.54,6,0
2024-08-13,West India,Electronics,5,15069.75,7,0
2024-08-14,West India,Electronics,3,9687.03,4,0
2024-08-15,West India,Electronics,9,27517.03,12,0
2024-08-16,West India,Electronics,2,4782.71,3,0
2024-08-17,West India,Electronics,8,19796.4,14,0
2024-08-18,West India,Electronics,9,34753.57,13,0
2024-08-19,West India,Electronics,8,25499.41,13,0
2024-08-20,West India,Electronics,6,20397.47,10,0
2024-08-21,West India,Electronics,7,17664.58,11,0
2024-08-22,West India,Electronics,5,17849.9,8,0
2024-08-23,West India,Electronics,4,12310.32,6,0
2024-08-24,West India,Electronics,10,32446.56,16,0
2024-08-25,West India,Electronics,10,30900.45,15,0
2024-08-26,West India,Electronics,4,11730.72,5,0
2024-08-27,West India,Electronics,2,6237.97,3,0
2024-08-28,West India,Electronics,9,26530.86,14,0
2024-08-29,West India,Electronics,9,28681.27,13,0
2024-08-30,West India,Electronics,8,26804.0,11,0
2024-08-31,West India,Electronics,18,64644.57,30,1
2024-09-01,West India,Electronics,13,53706.7,21,1
2024-09-02,West India,Electronics,7,18102.67,10,0
2024-09-03,West India,Electronics,9,27524.91,16,0
2024-09-04,West India,Electronics,8,27965.7,14,0
2024-09-05,West India,Electronics,7,19351.41,11,0
2024-09-06,West India,Electronics,4,16472.61,6,0
2024-09-07,West India,Electronics,9,24435.99,14,0
2024-09-08,West India,Electronics,5,19165.36,8,0
2024-09-09,West India,Electronics,6,19435.05,11,0
2024-09-10,West India,Electronics,7,20958.14,11,0
2024-09-11,West India,Electronics,2,8074.43,3,0
2024-09-12,West India,Electronics,3,13208.62,5,0
2024-09-13,West India,Electronics,4,12432.82,6,0
2024-09-14,West India,Electronics,9,19405.6,15,0
2024-09-15,West India,Electronics,13,52671.78,20,0
2024-09-16,West India,Electronics,9,26390.41,13,0
2024-09-17,West India,Electronics,7,20543.15,11,0
2024-09-18,West India,Electronics,5,16665.12,7,0
2024-09-19,West India,Electronics,4,9697.35,6,0
2024-09-20,West India,Electronics,11,46010.54,18,0
2024-09-21,West India,Electronics,6,18065.83,8,0
2024-09-22,West India,Electronics,4,15373.27,5,0
2024-09-23,West India,Electronics,6,19445.72,11,0
2024-09-24,West India,Electronics,4,11755.68,6,0
2024-09-25,West India,Electronics,11,35438.37,20,1
2024-09-26,West India,Electronics,8,21437.91,12,0
2024-09-27,West India,Electronics,4,11939.75,6,0
2024-09-28,West India,Electronics,11,35916.26,17,0
2024-09-29,West India,Electronics,15,44744.64,25,1
2024-09-30,West India,Electronics,9,21847.31,16,0
2024-10-01,West India,Electronics,11,34673.39,18,0
2024-10-02,West India,Electronics,8,26661.5,13,0
2024-10-03,West India,Electronics,11,36215.15,17,0
2024-10-04,West India,Electronics,9,21031.33,14,0
2024-10-05,West India,Electronics,12,32112.82,22,1
2024-10-06,West India,Electronics,18,45984.22,26,1
2024-10-07,West India,Electronics,8,22713.91,14,0
2024-10-08,West India,Electronics,8,30954.6,15,0
2024-10-09,West India,Electronics,10,28457.34,15,0
2024-10-10,West India,Electronics,7,18240.27,11,0
2024-10-11,West India,Electronics,7,17685.63,10,0
2024-10-12,West India,Electronics,15,48527.82,23,1
2024-10-13,West India,Electronics,7,27470.22,12,0
2024-10-14,West India,Electronics,11,35427.95,15,0
2024-10-15,West India,Electronics,12,33872.03,18,0
2024-10-16,West India,Electronics,6,18418.23,9,0
2024-10-17,West India,Electronics,13,44844.61,23,0
2024-10-18,West India,Electronics,10,31489.29,14,0
2024-10-19,West India,Electronics,12,30156.53,20,0
2024-10-20,West India,Electronics,14,29291.34,25,0
2024-10-21,West India,Electronics,11,35043.62,19,0
2024-10-22,West India,Electronics,11,42068.67,16,0
2024-10-23,West India,Electronics,11,31981.25,16,0
2024-10-24,West India,Electronics,15,38642.34,21,0
2024-10-25,West India,Electronics,8,23703.53,13,0
2024-10-26,West India,Electronics,17,52570.46,26,0
2024-10-27,West India,Electronics,10,45319.29,18,0
2024-10-28,West India,Electronics,16,43853.59,22,0
2024-10-29,West India,Electronics,14,49693.77,26,0
2024-10-30,West India,Electronics,15,50576.65,27,1
2024-10-31,West India,Electronics,8,31589.15,14,0
2024-11-01,West India,Electronics,9,30257.9,13,0
2024-11-02,West India,Electronics,22,73810.18,35,1
2024-11-03,West India,Electronics,11,39354.22,16,0
2024-11-04,West India,Electronics,13,34027.61,18,0
2024-11-05,West India,Electronics,7,25005.27,9,0
2024-11-06,West India,Electronics,8,23172.42,11,0
2024-11-07,West India,Electronics,15,32550.06,24,0
2024-11-08,West India,Electronics,9,18047.97,14,0
2024-11-09,West India,Electronics,17,61148.59,28,0
2024-11-10,West India,Electronics,16,49299.36,28,0
2024-11-11,West India,Electronics,5,13986.03,9,0
2024-11-12,West India,Electronics,15,43099.96,25,0
2024-11-13,West India,Electronics,8,28950.62,13,0
2024-11-14,West India,Electronics,12,48150.91,19,0
2024-11-15,West India,Electronics,10,33097.74,14,0
2024-11-16,West India,Electronics,15,48575.08,24,0
2024-11-17,West India,Electronics,23,68632.03,40,0
2024-11-18,West India,Electronics,11,38853.47,15,0
2024-11-19,West India,Electronics,6,18091.99,10,0
2024-11-20,West India,Electronics,6,21158.54,11,0
2024-11-21,West India,Electronics,11,30195.45,19,0
2024-11-22,West India,Electronics,4,14141.96,7,0
2024-11-23,West India,Electronics,17,46094.1,28,0
2024-11-24,West India,Electronics,11,32479.32,16,0
2024-11-25,West India,Electronics,11,30777.92,17,0
2024-11-26,West India,Electronics,11,24803.5,15,0
2024-11-27,West India,Electronics,8,31874.08,11,0
2024-11-28,West India,Electronics,13,47507.96,23,0
2024-11-29,West India,Electronics,10,34519.93,14,0
2024-11-30,West India,Electronics,24,74105.21,41,1
2024-12-01,West India,Electronics,9,27892.82,16,0
2024-12-02,West India,Electronics,6,17959.94,9,0
2024-12-03,West India,Electronics,7,25504.16,12,0
2024-12-04,West India,Electronics,4,11382.23,6,0
2024-12-05,West India,Electronics,9,27216.18,16,0
2024-12-06,West India,Electronics,3,8431.87,5,0
2024-12-07,West India,Electronics,8,31516.39,14,0
2024-12-08,West India,Electronics,11,38947.87,15,0
2024-12-09,West India,Electronics,8,18746.27,13,0
2024-12-10,West India,Electronics,4,11839.68,7,0
2024-12-11,West India,Electronics,3,8648.74,4,0
2024-12-12,West India,Electronics,6,22218.98,8,0
2024-12-13,West India,Electronics,8,24474.58,15,0
2024-12-14,West India,Electronics,9,24265.99,16,0
2024-12-15,West India,Electronics,7,20834.97,12,0
2024-12-16,West India,Electronics,7,22502.73,12,0
2024-12-17,West India,Electronics,5,18138.62,8,0
2024-12-18,West India,Electronics,6,20020.03,10,0
2024-12-19,West India,Electronics,6,23777.9,10,0
2024-12-20,West India,Electronics,6,17478.02,8,0
2024-12-21,West India,Electronics,5,14951.2,9,0
2024-12-22,West India,Electronics,12,38921.98,19,0
2024-12-23,West India,Electronics,13,50241.68,21,0
2024-12-24,West India,Electronics,8,22946.58,13,0
2024-12-25,West India,Electronics,7,21181.85,12,0
2024-12-26,West India,Electronics,7,25164.76,9,0
2024-12-27,West India,Electronics,8,23644.48,13,0
2024-12-28,West India,Electronics,18,59990.13,33,0
2024-12-29,West India,Electronics,16,46712.19,27,0
2024-12-30,West India,Electronics,9,34586.13,14,0
2024-12-31,West India,Electronics,10,32768.44,14,0
2025-01-01,West India,Electronics,4,9486.05,6,0
2025-01-02,West India,Electronics,5,14673.51,8,0
2025-01-03,West India,Electronics,2,6113.68,3,0
2025-01-04,West India,Electronics,6,23632.26,10,0
2025-01-05,West India,Electronics,13,38266.05,22,0
2025-01-06,West India,Electronics,10,31587.18,14,0
2025-01-07,West India,Electronics,9,27201.85,15,0
2025-01-08,West India,Electronics,9,25989.58,15,0
2025-01-09,West India,Electronics,4,11929.63,6,0
2025-01-10,West India,Electronics,5,12803.18,7,0
2025-01-11,West India,Electronics,16,32481.86,28,1
2025-01-12,West India,Electronics,6,16559.88,10,0
2025-01-13,West India,Electronics,6,11040.05,8,0
2025-01-14,West India,Electronics,3,10537.29,4,0
2025-01-15,West India,Electronics,6,18338.49,11,0
2025-01-16,West India,Electronics,8,24408.97,12,0
2025-01-17,West India,Electronics,9,28492.17,13,0
2025-01-18,West India,Electronics,10,31311.39,18,0
2025-01-19,West India,Electronics,13,47250.63,22,0
2025-01-20,West India,Electronics,14,49836.04,24,0
2025-01-21,West India,Electronics,8,19291.84,13,0
2025-01-22,West India,Electronics,6,19618.48,11,0
2025-01-24,West India,Electronics,8,26947.01,11,0
2025-01-25,West India,Electronics,13,35573.02,24,0
2025-01-26,West India,Electronics,14,34310.26,22,0
2025-01-27,West India,Electronics,5,15245.42,7,0
2025-01-28,West India,Electronics,10,39310.0,14,0
2025-01-29,West India,Electronics,7,21634.29,12,0
2025-01-30,West India,Electronics,4,12203.6,6,0
2025-01-31,West India,Electronics,9,26111.27,16,0
2025-02-01,West India,Electronics,12,46234.8,22,1
2025-02-02,West India,Electronics,17,63117.48,28,0
2025-02-03,West India,Electronics,7,18351.28,12,0
2025-02-04,West India,Electronics,10,36077.32,15,0
2025-02-05,West India,Electronics,6,21336.33,10,0
2025-02-06,West India,Electronics,5,16347.55,9,0
2025-02-07,West India,Electronics,6,17117.21,10,0
2025-02-08,West India,Electronics,10,31631.21,15,0
2025-02-09,West India,Electronics,7,25074.86,10,0
2025-02-10,West India,Electronics,7,19290.39,12,0
2025-02-11,West India,Electronics,6,14372.92,9,0
2025-02-12,West India,Electronics,6,22435.95,11,0
2025-02-13,West India,Electronics,11,37776.5,16,0
2025-02-14,West India,Electronics,7,21484.84,10,0
2025-02-15,West India,Electronics,17,50381.37,29,0
2025-02-16,West India,Electronics,6,22271.77,9,0
2025-02-17,West India,Electronics,4,12556.46,5,0
2025-02-18,West India,Electronics,4,12078.33,7,0
2025-02-19,West India,Electronics,4,12878.88,6,0
2025-02-20,West India,Electronics,13,41607.18,18,0
2025-02-21,West India,Electronics,6,19590.99,9,0
2025-02-22,West India,Electronics,10,27898.73,18,0
2025-02-23,West India,Electronics,12,37589.85,18,0
2025-02-24,West India,Electronics,8,28230.15,13,0
2025-02-25,West India,Electronics,5,13702.38,8,0
2025-02-26,West India,Electronics,7,21462.87,12,0
2025-02-27,West India,Electronics,7,19602.02,11,0
2025-02-28,West India,Electronics,4,11428.33,6,0
2025-03-01,West India,Electronics,11,44829.41,17,0
2025-03-02,West India,Electronics,10,32574.97,14,0
2025-03-03,West India,Electronics,8,32145.27,13,0
2025-03-04,West India,Electronics,8,26002.75,12,0
2025-03-05,West India,Electronics,11,37330.95,16,0
2025-03-06,West India,Electronics,7,22211.99,12,0
2025-03-07,West India,Electronics,4,11330.85,6,0
2025-03-08,West India,Electronics,9,27692.87,14,0
2025-03-09,West India,Electronics,12,40858.9,19,0
2025-03-10,West India,Electronics,11,36737.43,18,0
2025-03-11,West India,Electronics,7,21389.66,11,0
2025-03-12,West India,Electronics,9,38636.73,14,0
2025-03-13,West India,Electronics,5,13048.33,7,0
2025-03-14,West India,Electronics,5,16087.07,7,0
2025-03-15,West India,Electronics,4,14362.73,5,0
2025-03-16,West India,Electronics,8,26623.89,14,0
2025-03-17,West India,Electronics,10,28912.54,14,0
2025-03-18,West India,Electronics,3,8771.37,4,0
2025-03-19,West India,Electronics,7,26049.91,13,0
2025-03-20,West India,Electronics,7,17965.3,12,0
2025-03-21,West India,Electronics,10,41805.95,16,0
2025-03-22,West India,Electronics,9,29413.11,16,0
2025-03-23,West India,Electronics,12,47638.66,18,0
2025-03-24,West India,Electronics,7,21235.79,12,0
2025-03-25,West India,Electronics,11,33839.79,16,0
2025-03-26,West India,Electronics,3,9486.66,5,0
2025-03-27,West India,Electronics,7,26127.79,11,0
2025-03-28,West India,Electronics,10,33012.44,16,0
2025-03-29,West India,Electronics,22,59480.23,36,0
2025-03-30,West India,Electronics,15,42857.09,24,0
2025-03-31,West India,Electronics,6,18988.64,8,0
2025-04-01,West India,Electronics,7,23829.92,11,0
2025-04-02,West India,Electronics,8,26913.61,12,0
2025-04-03,West India,Electronics,3,8228.07,4,0
2025-04-04,West India,Electronics,6,20197.8,10,0
2025-04-05,West India,Electronics,12,28360.83,17,0
2025-04-06,West India,Electronics,19,63852.66,33,1
2025-04-07,West India,Electronics,12,36242.88,20,0
2025-04-08,West India,Electronics,5,13886.02,7,0
2025-04-09,West India,Electronics,3,9625.63,5,0
2025-04-10,West India,Electronics,4,11845.54,5,0
2025-04-11,West India,Electronics,4,11728.87,6,0
2025-04-12,West India,Electronics,11,34508.04,17,0
2025-04-13,West India,Electronics,9,26256.08,16,0
2025-04-14,West India,Electronics,6,18267.11,9,0
2025-04-15,West India,Electronics,10,26280.3,15,0
2025-04-16,West India,Electronics,8,24651.84,11,0
2025-04-17,West India,Electronics,4,9200.4,5,0
2025-04-18,West India,Electronics,8,24152.24,12,0
2025-04-19,West India,Electronics,9,21572.46,14,0
2025-04-20,West India,Electronics,6,20047.66,9,0
2025-04-21,West India,Electronics,5,18906.82,7,0
2025-04-22,West India,Electronics,7,27052.92,13,0
2025-04-23,West India,Electronics,13,46405.56,22,1
2025-04-24,West India,Electronics,4,14592.81,6,0
2025-04-25,West India,Electronics,9,32003.28,16,0
2025-04-26,West India,Electronics,14,49604.24,20,0
2025-04-27,West India,Electronics,6,19112.56,10,0
2025-04-28,West India,Electronics,10,32397.41,16,0
2025-04-29,West India,Electronics,16,55206.94,26,1
2025-04-30,West India,Electronics,18,62357.18,26,1
2025-05-01,West India,Electronics,8,27103.23,14,0
2025-05-02,West India,Electronics,12,43304.51,21,0
2025-05-03,West India,Electronics,10,26146.28,18,0
2025-05-04,West India,Electronics,10,30303.08,14,0
2025-05-05,West India,Electronics,7,23336.76,10,0
2025-05-06,West India,Electronics,17,59399.13,25,0
2025-05-07,West India,Electronics,7,29446.57,10,0
2025-05-08,West India,Electronics,6,22145.77,8,0
2025-05-09,West India,Electronics,6,16201.71,10,0
2025-05-10,West India,Electronics,12,39647.89,17,0
2025-05-11,West India,Electronics,7,25335.85,11,0
2025-05-12,West India,Electronics,11,39604.24,20,0
2025-05-13,West India,Electronics,11,43012.05,19,0
2025-05-14,West India,Electronics,7,19001.75,10,0
2025-05-15,West India,Electronics,6,18529.57,10,0
2025-05-16,West India,Electronics,10,34082.0,14,0
2025-05-17,West India,Electronics,13,32873.81,18,0
2025-05-18,West India,Electronics,9,28258.95,16,0
2025-05-19,West India,Electronics,6,15361.51,9,0
2025-05-20,West India,Electronics,9,25035.48,16,0
2025-05-21,West India,Electronics,7,18648.8,10,0
2025-05-22,West India,Electronics,7,23070.49,10,0
2025-05-23,West India,Electronics,5,16690.39,7,0
2025-05-24,West India,Electronics,9,27091.2,13,0
2025-05-25,West India,Electronics,11,23781.54,17,0
2025-05-26,West India,Electronics,6,18631.17,9,0
2025-05-27,West India,Electronics,5,16743.33,8,0
2025-05-28,West India,Electronics,8,19478.17,12,0
2025-05-29,West India,Electronics,12,41950.2,22,0
2025-05-30,West India,Electronics,9,33621.58,12,0
2025-05-31,West India,Electronics,12,36895.69,18,0
2025-06-01,West India,Electronics,10,33950.73,16,0
2025-06-02,West India,Electronics,7,24798.51,11,0
2025-06-03,West India,Electronics,9,30045.36,16,0
2025-06-04,West India,Electronics,6,21614.29,8,0
2025-06-05,West India,Electronics,8,25112.51,12,0
2025-06-06,West India,Electronics,5,17095.84,7,0
2025-06-07,West India,Electronics,10,35756.65,14,0
2025-06-08,West India,Electronics,8,21277.73,15,0
2025-06-09,West India,Electronics,5,15003.57,8,0
2025-06-10,West India,Electronics,7,20440.49,12,0
2025-06-11,West India,Electronics,6,19967.49,9,0
2025-06-12,West India,Electronics,9,18794.08,14,0
2025-06-13,West India,Electronics,5,20677.74,8,0
2025-06-14,West India,Electronics,13,44686.71,19,1
2025-06-15,West India,Electronics,5,14940.58,7,0
2025-06-16,West India,Electronics,9,27355.98,16,0
2025-06-17,West India,Electronics,7,23511.75,12,0
2025-06-18,West India,Electronics,9,26783.76,15,0
2025-06-19,West India,Electronics,5,12731.74,7,0
2025-06-20,West India,Electronics,6,13413.58,9,0
2025-06-21,West India,Electronics,18,63180.36,29,0
2025-06-22,West India,Electronics,7,22691.68,10,0
2025-06-23,West India,Electronics,11,33023.51,20,0
2025-06-24,West India,Electronics,7,18350.43,10,0
2025-06-25,West India,Electronics,7,24276.78,11,0
2025-06-26,West India,Electronics,10,33379.21,17,0
2025-06-27,West India,Electronics,9,32601.34,14,0
2025-06-28,West India,Electronics,22,70972.84,38,0
2025-06-29,West India,Electronics,23,68981.46,37,0
2025-06-30,West India,Electronics,11,32772.89,16,0
2025-07-01,West India,Electronics,4,10905.02,7,0
2025-07-02,West India,Electronics,5,12209.78,8,0
2025-07-03,West India,Electronics,7,20090.85,12,0
2025-07-04,West India,Electronics,8,23367.98,12,0
2025-07-05,West India,Electronics,11,35999.14,16,0
2025-07-06,West India,Electronics,10,29098.13,18,0
2025-07-07,West India,Electronics,4,11349.87,6,0
2025-07-08,West India,Electronics,7,25268.77,11,0
2025-07-09,West India,Electronics,6,19580.25,9,0
2025-07-10,West India,Electronics,7,26029.26,11,0
2025-07-11,West India,Electronics,4,12521.66,6,0
2025-07-12,West India,Electronics,17,60181.03,30,1
2025-07-13,West India,Electronics,11,38358.2,16,0
2025-07-14,West India,Electronics,14,52977.13,23,0
2025-07-15,West India,Electronics,15,44065.34,21,0
2025-07-16,West India,Electronics,2,5991.68,3,0
2025-07-17,West India,Electronics,8,24914.67,12,0
2025-07-18,West India,Electronics,7,27101.23,11,0
2025-07-19,West India,Electronics,11,39797.67,18,0
2025-07-20,West India,Electronics,13,54611.34,18,0
2025-07-21,West India,Electronics,4,13864.62,6,0
2025-07-22,West India,Electronics,6,17032.26,10,0
2025-07-23,West India,Electronics,4,10596.72,6,0
2025-07-24,West India,Electronics,12,39046.16,19,0
2025-07-25,West India,Electronics,3,10699.08,5,0
2025-07-26,West India,Electronics,8,31476.69,11,0
2025-07-27,West India,Electronics,7,17739.58,11,0
2025-07-28,West India,Electronics,10,37647.94,18,0
2025-07-29,West India,Electronics,7,19702.18,11,0
2025-07-30,West India,Electronics,8,30663.03,11,0
2025-07-31,West India,Electronics,10,35007.96,14,0
2025-08-01,West India,Electronics,6,16445.19,9,0
2025-08-02,West India,Electronics,10,31262.61,17,0
2025-08-03,West India,Electronics,8,29497.41,11,0
2025-08-04,West India,Electronics,11,35156.91,18,0
2025-08-05,West India,Electronics,9,28377.74,16,0
2025-08-06,West India,Electronics,5,13291.82,8,0
2025-08-07,West India,Electronics,7,20320.84,11,0
2025-08-08,West India,Electronics,5,16981.66,9,0
2025-08-09,West India,Electronics,6,19974.19,8,0
2025-08-10,West India,Electronics,7,20582.22,12,0
2025-08-11,West India,Electronics,12,37763.09,22,1
2025-08-12,West India,Electronics,8,29400.45,14,0
2025-08-13,West India,Electronics,7,19380.91,13,0
2025-08-14,West India,Electronics,6,18046.41,9,0
2025-08-15,West India,Electronics,6,15022.86,8,0
2025-08-16,West India,Electronics,13,44647.2,22,1
2025-08-17,West India,Electronics,12,35159.9,17,0
2025-08-18,West India,Electronics,6,20556.68,9,0
2025-08-19,West India,Electronics,9,26365.79,13,0
2025-08-20,West India,Electronics,7,23852.71,11,0
2025-08-21,West India,Electronics,9,32254.73,13,0
2025-08-22,West India,Electronics,9,29735.4,14,0
2025-08-23,West India,Electronics,12,30875.46,22,1
2025-08-24,West India,Electronics,14,36631.02,21,1
2025-08-25,West India,Electronics,10,37479.8,14,0
2025-08-26,West India,Electronics,10,31074.0,15,0
2025-08-27,West India,Electronics,4,10849.62,7,0
2025-08-28,West India,Electronics,6,16799.32,11,0
2025-08-29,West India,Electronics,12,44474.55,22,1
2025-08-30,West India,Electronics,13,48421.6,21,1
2025-08-31,West India,Electronics,10,33723.06,16,0
2025-09-01,West India,Electronics,8,25393.02,14,0
2025-09-02,West India,Electronics,5,16621.3,8,0
2025-09-03,West India,Electronics,6,16411.81,9,0
2025-09-04,West India,Electronics,4,9618.9,6,0
2025-09-05,West India,Electronics,7,22480.98,10,0
2025-09-06,West India,Electronics,11,39220.5,16,0
2025-09-07,West India,Electronics,12,41962.74,22,1
2025-09-08,West India,Electronics,9,27417.69,14,0
2025-09-09,West India,Electronics,2,6679.26,2,0
2025-09-10,West India,Electronics,9,31937.74,13,0
2025-09-11,West India,Electronics,5,11881.66,8,0
2025-09-12,West India,Electronics,7,22432.25,11,0
2025-09-13,West India,Electronics,8,18832.33,13,0
2025-09-14,West India,Electronics,4,16733.79,6,0
2025-09-15,West India,Electronics,3,10656.45,5,0
2025-09-16,West India,Electronics,12,33913.71,19,0
2025-09-17,West India,Electronics,12,39565.36,16,0
2025-09-18,West India,Electronics,8,28129.46,12,0
2025-09-19,West India,Electronics,10,29240.37,15,0
2025-09-20,West India,Electronics,13,44031.86,23,0
2025-09-21,West India,Electronics,10,35674.47,15,0
2025-09-22,West India,Electronics,8,20665.7,13,0
2025-09-23,West India,Electronics,11,28305.87,19,0
2025-09-24,West India,Electronics,7,22037.37,10,0
2025-09-25,West India,Electronics,4,16244.98,7,0
2025-09-26,West India,Electronics,9,24702.57,16,0
2025-09-27,West India,Electronics,14,52953.48,25,0
2025-09-28,West India,Electronics,15,50324.25,27,0
2025-09-29,West India,Electronics,7,16820.58,11,0
2025-09-30,West India,Electronics,6,20919.38,10,0
2025-10-01,West India,Electronics,10,25254.21,18,0
2025-10-02,West India,Electronics,16,50145.61,27,1
2025-10-03,West India,Electronics,7,20185.48,11,0
2025-10-04,West India,Electronics,15,48518.34,28,0
2025-10-05,West India,Electronics,22,63031.46,37,1
2025-10-06,West India,Electronics,15,40487.92,22,0
2025-10-07,West India,Electronics,14,51170.05,25,1
2025-10-08,West India,Electronics,15,62620.57,21,0
2025-10-09,West India,Electronics,3,9048.43,5,0
2025-10-10,West India,Electronics,17,58602.57,26,0
2025-10-11,West India,Electronics,15,55097.89,25,0
2025-10-12,West India,Electronics,25,59570.49,37,1
2025-10-13,West India,Electronics,18,65939.29,26,0
2025-10-14,West India,Electronics,12,40105.92,16,0
2025-10-15,West India,Electronics,9,29905.78,14,0
2025-10-16,West India,Electronics,17,47522.53,27,1
2025-10-17,West India,Electronics,18,44210.49,30,1
2025-10-18,West India,Electronics,16,52268.23,24,0
2025-10-19,West India,Electronics,17,48818.4,29,1
2025-10-20,West India,Electronics,16,52687.16,29,1
2025-10-21,West India,Electronics,10,32987.24,16,0
2025-10-22,West India,Electronics,12,32688.9,19,0
2025-10-23,West India,Electronics,18,58200.95,27,0
2025-10-24,West India,Electronics,14,40517.65,25,0
2025-10-25,West India,Electronics,17,64103.44,25,1
2025-10-26,West India,Electronics,16,54551.63,27,1
2025-10-27,West India,Electronics,11,33654.83,19,0
2025-10-28,West India,Electronics,10,22074.67,18,1
2025-10-29,West India,Electronics,14,43284.75,26,0
2025-10-30,West India,Electronics,13,43958.95,23,1
2025-10-31,West India,Electronics,11,33568.54,16,0
2025-11-01,West India,Electronics,10,32159.91,17,0
2025-11-02,West India,Electronics,20,87395.67,37,2
2025-11-03,West India,Electronics,8,21871.78,12,0
2025-11-04,West India,Electronics,9,20122.12,13,0
2025-11-05,West India,Electronics,9,33818.87,13,0
2025-11-06,West India,Electronics,15,38738.29,21,1
2025-11-07,West India,Electronics,15,56098.22,26,1
2025-11-08,West India,Electronics,15,51086.09,24,0
2025-11-09,West India,Electronics,15,48951.2,27,1
2025-11-10,West India,Electronics,9,39333.57,16,0
2025-11-11,West India,Electronics,6,18786.92,10,0
2025-11-12,West India,Electronics,10,27121.12,14,0
2025-11-13,West India,Electronics,11,45577.83,18,0
2025-11-14,West India,Electronics,14,56160.75,22,0
2025-11-15,West India,Electronics,21,68532.54,33,0
2025-11-16,West India,Electronics,22,74500.24,39,0
2025-11-17,West India,Electronics,11,38810.75,16,0
2025-11-18,West India,Electronics,6,18338.13,9,0
2025-11-19,West India,Electronics,10,26459.58,16,0
2025-11-20,West India,Electronics,13,39827.41,21,0
2025-11-21,West India,Electronics,8,28610.89,11,0
2025-11-22,West India,Electronics,20,73152.27,33,1
2025-11-23,West India,Electronics,20,71828.54,37,1
2025-11-24,West India,Electronics,9,32629.14,13,0
2025-11-25,West India,Electronics,8,28590.06,13,0
2025-11-26,West India,Electronics,16,57619.06,28,0
2025-11-27,West India,Electronics,11,46745.89,17,0
2025-11-28,West India,Electronics,15,45815.73,26,0
2025-11-29,West India,Electronics,25,83257.81,36,1
2025-11-30,West India,Electronics,25,88265.01,38,0
2025-12-01,West India,Electronics,7,20451.39,12,0
2025-12-02,West India,Electronics,9,31376.37,12,0
2025-12-03,West India,Electronics,6,19033.38,8,0
2025-12-04,West India,Electronics,8,26707.84,11,0
2025-12-05,West India,Electronics,6,19095.25,9,0
2025-12-06,West India,Electronics,13,38569.35,23,0
2025-12-07,West India,Electronics,10,25866.39,14,0
2025-12-08,West India,Electronics,4,14119.54,6,0
2025-12-09,West India,Electronics,7,20656.4,10,0
2025-12-10,West India,Electronics,7,22087.39,12,0
2025-12-11,West India,Electronics,3,11327.31,5,0
2025-12-12,West India,Electronics,9,37540.96,15,0
2025-12-13,West India,Electronics,8,24127.08,13,0
2025-12-14,West India,Electronics,14,40897.56,25,1
2025-12-15,West India,Electronics,6,22249.57,9,0
2025-12-16,West India,Electronics,8,27406.1,11,0
2025-12-17,West India,Electronics,11,29140.55,18,0
2025-12-18,West India,Electronics,10,26542.29,16,0
2025-12-19,West India,Electronics,9,20374.59,13,0
2025-12-20,West India,Electronics,7,18657.74,12,0
2025-12-21,West India,Electronics,13,34345.59,20,0
2025-12-22,West India,Electronics,12,26220.04,22,0
2025-12-23,West India,Electronics,8,24179.69,14,0
2025-12-24,West India,Electronics,5,17488.55,8,0
2025-12-25,West India,Electronics,9,28915.95,13,0
2025-12-26,West India,Electronics,8,23328.59,13,0
2025-12-27,West India,Electronics,7,25507.26,12,0
2025-12-28,West India,Electronics,13,42732.76,24,0
2025-12-29,West India,Electronics,12,42533.71,21,0
2025-12-30,West India,Electronics,7,19830.27,10,0
2025-12-31,West India,Electronics,9,40104.08,16,0
2024-01-01,West India,Fashion,4,6788.04,5,0
2024-01-02,West India,Fashion,3,3919.09,4,0
2024-01-03,West India,Fashion,5,8302.07,7,0
2024-01-04,West India,Fashion,7,11368.92,11,0
2024-01-05,West India,Fashion,4,4133.64,6,0
2024-01-06,West India,Fashion,8,8963.21,13,0
2024-01-07,West India,Fashion,5,6963.53,7,0
2024-01-08,West India,Fashion,4,5800.97,7,0
2024-01-09,West India,Fashion,2,2493.21,2,0
2024-01-10,West India,Fashion,2,2223.12,3,0
2024-01-11,West India,Fashion,6,8244.27,9,0
2024-01-12,West India,Fashion,7,14994.33,12,0
2024-01-13,West India,Fashion,12,20209.34,22,1
2024-01-14,West India,Fashion,8,12698.05,12,0
2024-01-15,West India,Fashion,1,1772.16,1,0
2024-01-16,West India,Fashion,4,5850.34,5,0
2024-01-17,West India,Fashion,1,1202.23,1,0
2024-01-18,West India,Fashion,3,4658.98,5,0
2024-01-19,West India,Fashion,4,4014.65,6,0
2024-01-20,West India,Fashion,8,10001.2,12,0
2024-01-21,West India,Fashion,8,11499.87,15,0
2024-01-22,West India,Fashion,5,7876.64,7,0
2024-01-23,West India,Fashion,3,4915.85,4,0
2024-01-24,West India,Fashion,5,7200.69,8,0
2024-01-25,West India,Fashion,1,1223.14,1,0
2024-01-26,West India,Fashion,7,12757.25,10,0
2024-01-27,West India,Fashion,11,23350.05,19,0
2024-01-28,West India,Fashion,9,11514.76,14,0
2024-01-29,West India,Fashion,4,5620.67,7,0
2024-01-30,West India,Fashion,6,6155.58,11,0
2024-01-31,West India,Fashion,9,15094.81,16,0
2024-02-01,West India,Fashion,5,7710.41,9,0
2024-02-02,West India,Fashion,8,12410.5,14,0
2024-02-03,West India,Fashion,10,14654.03,16,0
2024-02-04,West India,Fashion,11,9285.61,18,0
2024-02-05,West India,Fashion,1,1355.36,1,0
2024-02-06,West India,Fashion,5,7873.99,9,0
2024-02-07,West India,Fashion,6,7670.72,8,0
2024-02-08,West India,Fashion,6,9985.57,11,0
2024-02-09,West India,Fashion,6,10077.37,10,0
2024-02-10,West India,Fashion,10,11916.97,18,0
2024-02-11,West India,Fashion,14,23332.58,24,0
2024-02-12,West India,Fashion,5,6962.86,7,0
2024-02-13,West India,Fashion,5,5494.88,9,0
2024-02-14,West India,Fashion,4,5779.83,5,0
2024-02-15,West India,Fashion,9,15490.83,16,0
2024-02-16,West India,Fashion,5,8495.36,8,0
2024-02-17,West India,Fashion,9,14371.2,15,0
2024-02-18,West India,Fashion,9,22733.67,15,0
2024-02-19,West India,Fashion,4,6307.46,6,0
2024-02-20,West India,Fashion,3,5365.66,4,0
2024-02-21,West India,Fashion,7,7136.66,12,0
2024-02-22,West India,Fashion,3,3681.39,5,0
2024-02-23,West India,Fashion,5,9629.13,9,0
2024-02-24,West India,Fashion,8,8188.56,11,0
2024-02-25,West India,Fashion,15,24692.45,23,0
2024-02-26,West India,Fashion,5,5506.19,8,0
2024-02-27,West India,Fashion,8,13294.54,11,0
2024-02-28,West India,Fashion,10,13258.62,15,0
2024-02-29,West India,Fashion,4,6652.22,6,0
2024-03-01,West India,Fashion,3,3251.02,5,0
2024-03-02,West India,Fashion,7,8226.88,10,0
2024-03-03,West India,Fashion,9,10048.75,16,0
2024-03-04,West India,Fashion,3,2946.86,4,0
2024-03-05,West India,Fashion,4,5986.42,5,0
2024-03-06,West India,Fashion,6,6955.66,10,0
2024-03-07,West India,Fashion,4,6331.91,5,0
2024-03-08,West India,Fashion,6,5602.27,10,0
2024-03-09,West India,Fashion,10,18527.84,14,0
2024-03-10,West India,Fashion,7,11161.73,11,0
2024-03-11,West India,Fashion,11,17128.92,20,0
2024-03-12,West India,Fashion,5,4631.27,9,0
2024-03-13,West India,Fashion,9,12524.87,12,0
2024-03-14,West India,Fashion,4,6823.73,5,0
2024-03-15,West India,Fashion,5,7552.88,8,0
2024-03-16,West India,Fashion,8,16711.87,12,0
2024-03-17,West India,Fashion,10,17198.33,17,0
2024-03-18,West India,Fashion,6,11072.78,10,0
2024-03-19,West India,Fashion,7,14844.7,12,0
2024-03-20,West India,Fashion,11,12598.05,20,0
2024-03-21,West India,Fashion,7,11252.66,10,0
2024-03-22,West India,Fashion,7,8796.84,10,0
2024-03-23,West India,Fashion,7,9945.83,12,0
2024-03-24,West India,Fashion,6,9465.48,8,0
2024-03-25,West India,Fashion,7,11367.13,12,0
2024-03-26,West India,Fashion,3,4203.58,4,0
2024-03-27,West India,Fashion,5,4587.87,7,0
2024-03-28,West India,Fashion,6,9407.64,9,0
2024-03-29,West India,Fashion,5,3774.89,9,0
2024-03-30,West India,Fashion,9,15924.11,12,0
2024-03-31,West India,Fashion,11,20476.21,16,0
2024-04-01,West India,Fashion,4,6082.5,6,0
2024-04-02,West India,Fashion,7,10363.83,9,0
2024-04-03,West India,Fashion,5,6395.29,7,0
2024-04-04,West India,Fashion,4,4322.35,6,0
2024-04-05,West India,Fashion,2,2501.72,3,0
2024-04-06,West India,Fashion,10,18911.75,17,0
2024-04-07,West India,Fashion,10,15349.38,17,0
2024-04-08,West India,Fashion,6,9332.23,10,0
2024-04-09,West India,Fashion,3,6877.27,4,0
2024-04-10,West India,Fashion,2,1974.95,3,0
2024-04-11,West India,Fashion,3,4113.37,5,0
2024-04-12,West India,Fashion,6,7292.85,9,0
2024-04-13,West India,Fashion,10,11922.09,14,0
2024-04-14,West India,Fashion,8,11443.39,13,0
2024-04-15,West India,Fashion,8,11229.14,12,0
2024-04-16,West India,Fashion,3,4505.86,4,0
2024-04-17,West India,Fashion,4,5912.46,6,0
2024-04-18,West India,Fashion,4,6185.21,7,0
2024-04-19,West India,Fashion,4,3798.84,7,0
2024-04-20,West India,Fashion,7,9969.99,10,0
2024-04-21,West India,Fashion,11,17246.79,17,0
2024-04-22,West India,Fashion,5,6963.2,9,0
2024-04-23,West India,Fashion,8,10205.53,12,0
2024-04-24,West India,Fashion,7,8705.51,10,0
2024-04-25,West India,Fashion,1,2019.01,1,0
2024-04-26,West India,Fashion,7,8671.92,12,0
2024-04-27,West India,Fashion,6,11851.61,9,0
2024-04-28,West India,Fashion,10,15607.1,14,0
2024-04-29,West India,Fashion,2,3308.03,3,0
2024-04-30,West India,Fashion,7,7458.73,11,0
2024-05-01,West India,Fashion,5,5708.61,8,0
2024-05-02,West India,Fashion,5,8176.18,8,0
2024-05-03,West India,Fashion,5,10603.46,7,0
2024-05-04,West India,Fashion,10,14858.06,15,0
2024-05-05,West India,Fashion,10,13696.87,14,0
2024-05-06,West India,Fashion,7,10699.59,11,0
2024-05-07,West India,Fashion,9,14869.14,14,0
2024-05-08,West India,Fashion,5,4905.99,7,0
2024-05-09,West India,Fashion,4,4952.27,6,0
2024-05-10,West India,Fashion,6,11984.82,10,0
2024-05-11,West India,Fashion,7,5495.51,11,0
2024-05-12,West India,Fashion,12,15188.45,19,1
2024-05-13,West India,Fashion,4,4932.87,6,0
2024-05-14,West India,Fashion,8,7213.98,12,0
2024-05-15,West India,Fashion,6,9881.39,11,0
2024-05-16,West India,Fashion,7,10567.37,13,0
2024-05-17,West India,Fashion,4,5162.18,6,0
2024-05-18,West India,Fashion,7,10162.07,12,0
2024-05-19,West India,Fashion,8,12297.01,14,0
2024-05-20,West India,Fashion,8,17460.87,13,0
2024-05-21,West India,Fashion,7,11938.52,10,0
2024-05-22,West India,Fashion,4,6775.04,6,0
2024-05-23,West India,Fashion,2,3570.75,2,0
2024-05-24,West India,Fashion,6,8469.23,8,0
2024-05-25,West India,Fashion,5,8961.44,9,0
2024-05-26,West India,Fashion,5,8305.35,9,0
2024-05-27,West India,Fashion,2,2687.1,3,0
2024-05-28,West India,Fashion,6,11014.19,11,0
2024-05-29,West India,Fashion,9,15207.37,14,0
2024-05-30,West India,Fashion,8,9453.87,13,0
2024-05-31,West India,Fashion,6,8043.25,9,0
2024-06-01,West India,Fashion,10,19886.97,18,0
2024-06-02,West India,Fashion,3,4461.69,5,0
2024-06-03,West India,Fashion,5,7029.01,7,0
2024-06-04,West India,Fashion,6,10850.11,8,0
2024-06-05,West India,Fashion,8,11283.81,12,0
2024-06-06,West India,Fashion,4,6617.5,5,0
2024-06-07,West India,Fashion,5,7075.16,7,0
2024-06-08,West India,Fashion,4,8789.47,5,0
2024-06-09,West India,Fashion,6,8753.85,9,0
2024-06-10,West India,Fashion,10,11587.41,16,0
2024-06-11,West India,Fashion,4,6798.75,6,0
2024-06-12,West India,Fashion,6,6884.27,10,0
2024-06-13,West India,Fashion,6,7548.21,10,0
2024-06-14,West India,Fashion,8,9921.66,12,0
2024-06-15,West India,Fashion,8,13056.19,13,0
2024-06-16,West India,Fashion,3,5995.4,5,0
2024-06-17,West India,Fashion,4,5109.21,6,0
2024-06-18,West India,Fashion,11,19708.87,17,0
2024-06-19,West India,Fashion,5,9108.9,7,0
2024-06-20,West India,Fashion,5,8270.55,8,0
2024-06-21,West India,Fashion,5,6766.12,7,0
2024-06-22,West India,Fashion,8,12577.19,13,0
2024-06-23,West India,Fashion,3,3468.9,4,0
2024-06-25,West India,Fashion,1,1634.47,1,0
2024-06-26,West India,Fashion,1,1546.52,1,0
2024-06-27,West India,Fashion,11,12495.21,16,0
2024-06-28,West India,Fashion,7,12322.93,10,0
2024-06-29,West India,Fashion,11,20605.18,17,0
2024-06-30,West India,Fashion,9,15280.54,15,0
2024-07-01,West India,Fashion,9,12228.71,14,0
2024-07-02,West India,Fashion,9,8851.16,14,0
2024-07-03,West India,Fashion,7,6910.0,10,0
2024-07-04,West India,Fashion,3,4835.94,4,0
2024-07-05,West India,Fashion,4,6417.56,5,0
2024-07-06,West India,Fashion,5,6181.93,7,0
2024-07-07,West India,Fashion,10,12565.26,18,0
2024-07-08,West India,Fashion,5,7431.52,8,0
2024-07-09,West India,Fashion,5,6838.97,7,0
2024-07-10,West India,Fashion,7,9256.64,10,0
2024-07-11,West India,Fashion,7,9902.65,13,0
2024-07-12,West India,Fashion,5,5685.47,7,0
2024-07-13,West India,Fashion,10,18885.23,18,0
2024-07-14,West India,Fashion,4,6763.41,6,0
2024-07-15,West India,Fashion,6,11454.53,9,0
2024-07-16,West India,Fashion,5,5935.54,8,0
2024-07-17,West India,Fashion,3,4490.02,4,0
2024-07-18,West India,Fashion,7,8758.52,11,0
2024-07-19,West India,Fashion,5,6483.14,7,0
2024-07-20,West India,Fashion,6,7624.73,11,0
2024-07-21,West India,Fashion,4,6224.07,6,0
2024-07-22,West India,Fashion,5,5122.09,8,0
2024-07-23,West India,Fashion,3,3476.96,5,0
2024-07-24,West India,Fashion,5,5539.67,7,0
2024-07-25,West India,Fashion,9,13805.78,13,0
2024-07-26,West India,Fashion,4,5978.83,6,0
2024-07-27,West India,Fashion,4,8096.25,5,0
2024-07-28,West India,Fashion,9,13233.88,16,0
2024-07-29,West India,Fashion,7,10494.22,12,0
2024-07-30,West India,Fashion,7,8863.19,11,0
2024-07-31,West India,Fashion,9,14421.0,13,0
2024-08-01,West India,Fashion,4,4939.0,7,0
2024-08-02,West India,Fashion,7,9072.18,12,0
2024-08-03,West India,Fashion,12,13910.03,22,0
2024-08-04,West India,Fashion,7,12345.53,11,0
2024-08-05,West India,Fashion,4,5651.71,6,0
2024-08-06,West India,Fashion,9,12988.89,12,0
2024-08-07,West India,Fashion,5,5836.24,8,0
2024-08-08,West India,Fashion,1,1064.02,1,0
2024-08-09,West India,Fashion,8,12242.14,11,0
2024-08-10,West India,Fashion,10,17682.79,18,0
2024-08-11,West India,Fashion,11,16842.99,19,0
2024-08-12,West India,Fashion,11,20655.82,17,0
2024-08-13,West India,Fashion,6,6660.22,9,0
2024-08-14,West India,Fashion,9,11360.03,14,0
2024-08-15,West India,Fashion,6,8339.34,9,0
2024-08-16,West India,Fashion,6,8987.47,8,0
2024-08-17,West India,Fashion,8,13741.86,12,0
2024-08-18,West India,Fashion,9,13964.35,16,0
2024-08-19,West India,Fashion,3,4258.18,5,0
2024-08-20,West India,Fashion,5,6434.14,7,0
2024-08-21,West India,Fashion,5,4110.0,7,0
2024-08-22,West India,Fashion,6,7918.94,10,0
2024-08-23,West India,Fashion,5,9499.79,8,0
2024-08-24,West India,Fashion,5,5974.02,8,0
2024-08-25,West India,Fashion,7,9325.81,10,0
2024-08-26,West India,Fashion,3,5061.84,4,0
2024-08-27,West India,Fashion,4,4092.97,5,0
2024-08-28,West India,Fashion,10,10929.13,14,0
2024-08-29,West India,Fashion,7,11758.14,12,0
2024-08-30,West India,Fashion,6,6703.72,9,0
2024-08-31,West India,Fashion,11,11991.36,16,0
2024-09-01,West India,Fashion,13,24206.18,20,0
2024-09-02,West India,Fashion,6,7892.63,8,0
2024-09-03,West India,Fashion,6,6769.46,10,0
2024-09-04,West India,Fashion,4,5350.5,5,0
2024-09-05,West India,Fashion,7,10948.11,12,0
2024-09-06,West India,Fashion,6,6725.9,10,0
2024-09-07,West India,Fashion,10,12857.75,16,0
2024-09-08,West India,Fashion,10,10921.58,14,0
2024-09-09,West India,Fashion,4,4946.72,6,0
2024-09-10,West India,Fashion,6,9737.36,9,0
2024-09-11,West India,Fashion,4,4998.29,6,0
2024-09-12,West India,Fashion,6,7823.51,8,0
2024-09-13,West India,Fashion,4,6426.73,5,0
2024-09-14,West India,Fashion,5,3911.24,7,0
2024-09-15,West India,Fashion,12,13748.74,22,0
2024-09-16,West India,Fashion,4,6096.76,7,0
2024-09-18,West India,Fashion,10,15663.58,15,0
2024-09-19,West India,Fashion,6,6391.24,9,0
2024-09-20,West India,Fashion,7,9765.58,13,0
2024-09-21,West India,Fashion,8,12904.58,12,0
2024-09-22,West India,Fashion,15,25866.46,22,1
2024-09-23,West India,Fashion,3,4093.12,4,0
2024-09-24,West India,Fashion,3,2818.91,4,0
2024-09-25,West India,Fashion,6,5176.9,9,0
2024-09-26,West India,Fashion,5,8200.62,7,0
2024-09-27,West India,Fashion,6,11655.36,10,0
2024-09-28,West India,Fashion,9,15202.89,13,0
2024-09-29,West India,Fashion,11,18445.04,16,0
2024-09-30,West India,Fashion,11,13896.72,18,1
2024-10-01,West India,Fashion,6,10106.1,8,0
2024-10-02,West India,Fashion,7,15444.89,12,0
2024-10-03,West India,Fashion,5,6091.27,9,0
2024-10-04,West India,Fashion,12,21511.14,19,0
2024-10-05,West India,Fashion,17,27888.16,30,0
2024-10-06,West India,Fashion,15,19851.08,27,1
2024-10-07,West India,Fashion,7,10961.48,10,0
2024-10-08,West India,Fashion,6,9987.33,10,0
2024-10-09,West India,Fashion,7,10916.87,10,0
2024-10-10,West India,Fashion,11,8634.62,16,0
2024-10-11,West India,Fashion,8,15195.98,13,0
2024-10-12,West India,Fashion,12,17869.25,22,0
2024-10-13,West India,Fashion,13,20458.99,21,0
2024-10-14,West India,Fashion,10,13814.94,15,0
2024-10-15,West India,Fashion,13,20387.68,19,0
2024-10-16,West India,Fashion,10,11776.7,18,0
2024-10-17,West India,Fashion,9,8433.42,15,0
2024-10-18,West India,Fashion,8,10235.63,14,0
2024-10-19,West India,Fashion,15,20880.36,25,1
2024-10-20,West India,Fashion,10,21025.23,18,0
2024-10-21,West India,Fashion,8,7865.0,12,0
2024-10-22,West India,Fashion,3,6331.27,4,0
2024-10-23,West India,Fashion,12,19406.4,22,1
2024-10-24,West India,Fashion,13,21282.22,20,0
2024-10-25,West India,Fashion,4,7761.9,5,0
2024-10-26,West India,Fashion,17,22328.39,29,0
2024-10-27,West India,Fashion,25,29654.37,38,0
2024-10-28,West India,Fashion,10,13303.87,14,0
2024-10-29,West India,Fashion,8,8287.59,14,0
2024-10-30,West India,Fashion,13,22306.19,20,0
2024-10-31,West India,Fashion,8,11739.5,12,0
2024-11-01,West India,Fashion,13,18768.31,20,0
2024-11-02,West India,Fashion,13,25957.39,24,0
2024-11-03,West India,Fashion,11,18847.97,20,1
2024-11-04,West India,Fashion,13,26302.73,22,1
2024-11-05,West India,Fashion,9,12196.66,13,0
2024-11-06,West India,Fashion,24,34474.75,35,0
2024-11-07,West India,Fashion,5,7469.47,7,0
2024-11-08,West India,Fashion,13,25765.24,20,0
2024-11-09,West India,Fashion,14,13131.6,25,1
2024-11-10,West India,Fashion,9,12308.01,16,0
2024-11-11,West India,Fashion,5,5308.95,8,0
2024-11-12,West India,Fashion,8,13578.61,13,0
2024-11-13,West India,Fashion,8,10180.65,12,0
2024-11-14,West India,Fashion,10,11545.02,17,0
2024-11-15,West India,Fashion,9,14109.49,16,0
2024-11-16,West India,Fashion,10,11202.63,18,0
2024-11-17,West India,Fashion,12,16847.94,21,0
2024-11-18,West India,Fashion,8,7016.31,15,0
2024-11-19,West India,Fashion,8,6429.27,11,0
2024-11-20,West India,Fashion,10,12437.09,15,0
2024-11-21,West India,Fashion,9,7528.13,17,0
2024-11-22,West India,Fashion,5,6501.6,8,0
2024-11-23,West India,Fashion,6,8067.07,10,0
2024-11-24,West India,Fashion,18,33748.62,30,1
2024-11-25,West India,Fashion,9,17063.64,16,0
2024-11-26,West India,Fashion,7,10232.64,11,0
2024-11-27,West India,Fashion,11,13270.11,17,0
2024-11-28,West India,Fashion,15,13059.1,24,0
2024-11-29,West India,Fashion,12,15449.65,22,0
2024-11-30,West India,Fashion,14,21465.45,26,0
2024-12-01,West India,Fashion,12,14282.42,21,0
2024-12-02,West India,Fashion,1,1339.66,1,0
2024-12-03,West India,Fashion,13,13173.51,19,0
2024-12-04,West India,Fashion,10,19257.95,14,0
2024-12-05,West India,Fashion,4,7062.96,6,0
2024-12-06,West India,Fashion,9,18943.03,15,0
2024-12-07,West India,Fashion,14,14474.35,19,0
2024-12-08,West India,Fashion,13,16746.9,19,0
2024-12-09,West India,Fashion,8,14034.89,14,0
2024-12-10,West India,Fashion,5,6215.29,8,0
2024-12-11,West India,Fashion,2,3098.11,2,0
2024-12-12,West India,Fashion,3,4005.74,5,0
2024-12-13,West India,Fashion,8,12239.13,14,0
2024-12-14,West India,Fashion,11,18381.09,15,0
2024-12-15,West India,Fashion,9,13303.3,13,0
2024-12-16,West India,Fashion,6,10007.04,10,0
2024-12-17,West India,Fashion,4,4331.87,5,0
2024-12-18,West India,Fashion,8,12865.88,12,0
2024-12-19,West India,Fashion,3,5360.82,5,0
2024-12-20,West India,Fashion,7,16903.89,13,0
2024-12-21,West India,Fashion,9,11893.1,16,0
2024-12-22,West India,Fashion,5,3868.66,7,0
2024-12-23,West India,Fashion,10,14916.2,14,0
2024-12-24,West India,Fashion,4,4624.76,6,0
2024-12-25,West India,Fashion,1,1457.65,1,0
2024-12-26,West India,Fashion,3,4749.89,4,0
2024-12-27,West India,Fashion,4,5271.24,7,0
2024-12-28,West India,Fashion,14,24551.53,24,0
2024-12-29,West India,Fashion,11,20223.9,20,0
2024-12-30,West India,Fashion,5,8571.25,7,0
2024-12-31,West India,Fashion,10,14986.17,14,0
2025-01-01,West India,Fashion,7,9516.84,13,0
2025-01-02,West India,Fashion,9,13011.85,15,0
2025-01-03,West India,Fashion,8,6890.95,14,0
2025-01-04,West India,Fashion,4,4297.39,7,0
2025-01-05,West India,Fashion,7,8551.18,12,0
2025-01-06,West India,Fashion,2,2247.32,3,0
2025-01-07,West India,Fashion,7,6091.97,10,0
2025-01-08,West India,Fashion,3,3059.88,5,0
2025-01-09,West India,Fashion,4,4766.88,7,0
2025-01-10,West India,Fashion,5,6977.44,8,0
2025-01-11,West India,Fashion,12,21961.25,22,0
2025-01-12,West India,Fashion,5,5509.54,9,0
2025-01-13,West India,Fashion,7,11655.38,11,0
2025-01-14,West India,Fashion,11,16728.0,16,0
2025-01-15,West India,Fashion,8,13238.1,14,0
2025-01-16,West India,Fashion,6,7217.01,9,0
2025-01-17,West India,Fashion,10,12604.99,15,0
2025-01-18,West India,Fashion,10,15203.84,15,0
2025-01-19,West India,Fashion,12,15209.3,20,0
2025-01-20,West India,Fashion,6,7010.76,8,0
2025-01-21,West India,Fashion,6,10781.79,9,0
2025-01-22,West India,Fashion,7,10783.78,11,0
2025-01-23,West India,Fashion,5,6051.15,8,0
2025-01-24,West India,Fashion,8,9857.38,12,0
2025-01-25,West India,Fashion,4,6074.65,5,0
2025-01-26,West India,Fashion,12,18422.5,21,0
2025-01-27,West India,Fashion,7,7591.07,12,0
2025-01-28,West India,Fashion,7,10747.46,11,0
2025-01-29,West India,Fashion,7,7763.39,12,0
2025-01-30,West India,Fashion,8,8308.29,13,0
2025-01-31,West India,Fashion,5,8195.34,9,0
2025-02-01,West India,Fashion,9,8637.55,16,0
2025-02-02,West India,Fashion,7,13157.49,11,0
2025-02-03,West India,Fashion,7,12026.68,12,0
2025-02-04,West India,Fashion,9,16706.2,16,0
2025-02-05,West India,Fashion,4,5864.23,6,0
2025-02-06,West India,Fashion,5,6786.34,9,0
2025-02-07,West India,Fashion,9,19201.13,13,0
2025-02-08,West India,Fashion,14,22831.26,24,0
2025-02-09,West India,Fashion,8,11629.55,14,0
2025-02-10,West India,Fashion,3,4424.94,4,0
2025-02-11,West India,Fashion,8,10633.95,13,0
2025-02-12,West India,Fashion,6,12365.99,11,0
2025-02-13,West India,Fashion,7,10536.86,13,0
2025-02-14,West India,Fashion,8,13884.67,13,0
2025-02-15,West India,Fashion,10,10977.63,18,0
2025-02-16,West India,Fashion,11,20806.43,19,0
2025-02-17,West India,Fashion,4,6300.66,6,0
2025-02-18,West India,Fashion,5,5938.26,8,0
2025-02-19,West India,Fashion,4,6551.76,7,0
2025-02-20,West India,Fashion,5,8096.71,9,0
2025-02-21,West India,Fashion,5,8073.74,9,0
2025-02-22,West India,Fashion,14,15106.49,21,1
2025-02-23,West India,Fashion,9,13612.81,17,0
2025-02-24,West India,Fashion,5,7028.41,7,0
2025-02-25,West India,Fashion,9,16925.42,14,0
2025-02-26,West India,Fashion,12,17586.25,20,1
2025-02-27,West India,Fashion,8,19801.48,13,0
2025-02-28,West India,Fashion,6,6311.05,9,0
2025-03-01,West India,Fashion,8,9224.7,14,0
2025-03-02,West India,Fashion,11,14130.96,20,0
2025-03-03,West India,Fashion,5,9293.99,7,0
2025-03-04,West India,Fashion,5,9658.12,9,0
2025-03-05,West India,Fashion,4,5868.53,5,0
2025-03-06,West India,Fashion,7,12075.69,12,0
2025-03-07,West India,Fashion,7,7982.54,10,0
2025-03-08,West India,Fashion,9,11574.05,12,0
2025-03-09,West India,Fashion,9,18524.82,16,0
2025-03-10,West India,Fashion,5,6737.91,7,0
2025-03-11,West India,Fashion,4,5528.87,6,0
2025-03-12,West India,Fashion,5,7456.74,8,0
2025-03-13,West India,Fashion,8,8983.5,15,0
2025-03-14,West India,Fashion,4,5380.24,7,0
2025-03-15,West India,Fashion,8,11761.78,12,0
2025-03-16,West India,Fashion,5,6607.67,9,0
2025-03-17,West India,Fashion,4,8865.65,6,0
2025-03-18,West India,Fashion,5,5893.21,8,0
2025-03-19,West India,Fashion,4,4762.11,7,0
2025-03-20,West India,Fashion,8,15216.43,13,0
2025-03-21,West India,Fashion,5,6231.56,7,0
2025-03-22,West India,Fashion,6,8465.86,11,0
2025-03-23,West India,Fashion,6,11269.14,10,0
2025-03-24,West India,Fashion,3,4352.01,5,0
2025-03-25,West India,Fashion,8,14125.14,12,0
2025-03-26,West India,Fashion,11,14887.28,19,0
2025-03-27,West India,Fashion,3,3240.58,5,0
2025-03-28,West India,Fashion,6,6945.85,9,0
2025-03-29,West India,Fashion,8,8806.46,12,0
2025-03-30,West India,Fashion,5,5789.05,8,0
2025-03-31,West India,Fashion,11,14883.83,17,0
2025-04-01,West India,Fashion,8,7038.8,12,0
2025-04-02,West India,Fashion,7,10919.56,12,0
2025-04-03,West India,Fashion,8,12648.01,14,0
2025-04-04,West India,Fashion,1,1549.71,1,0
2025-04-05,West India,Fashion,10,20583.45,18,0
2025-04-06,West India,Fashion,8,13485.44,11,0
2025-04-07,West India,Fashion,9,14363.15,13,0
2025-04-08,West India,Fashion,4,3965.74,6,0
2025-04-09,West India,Fashion,9,13369.08,14,0
2025-04-10,West India,Fashion,4,5215.55,7,0
2025-04-11,West India,Fashion,4,8682.66,6,0
2025-04-12,West India,Fashion,6,9042.29,9,0
2025-04-13,West India,Fashion,18,22840.66,30,1
2025-04-14,West India,Fashion,7,9052.76,9,0
2025-04-15,West India,Fashion,2,2507.93,3,0
2025-04-16,West India,Fashion,8,14014.08,13,0
2025-04-17,West India,Fashion,9,14832.14,16,0
2025-04-18,West India,Fashion,6,9329.05,11,0
2025-04-19,West India,Fashion,8,13399.23,13,0
2025-04-20,West India,Fashion,11,15626.44,20,0
2025-04-21,West India,Fashion,7,14673.83,13,0
2025-04-22,West India,Fashion,3,4738.81,4,0
2025-04-23,West India,Fashion,4,5248.08,6,0
2025-04-24,West India,Fashion,6,7148.24,10,0
2025-04-25,West India,Fashion,4,5747.09,5,0
2025-04-26,West India,Fashion,5,5254.29,7,0
2025-04-27,West India,Fashion,9,8684.86,12,0
2025-04-28,West India,Fashion,7,9717.83,10,0
2025-04-29,West India,Fashion,8,13169.82,15,0
2025-04-30,West India,Fashion,9,11908.53,13,0
2025-05-01,West India,Fashion,5,7653.77,9,0
2025-05-02,West India,Fashion,4,6482.52,6,0
2025-05-03,West India,Fashion,6,8358.27,11,0
2025-05-04,West India,Fashion,10,16505.0,14,0
2025-05-05,West India,Fashion,6,8315.03,9,0
2025-05-06,West India,Fashion,7,6895.47,12,0
2025-05-07,West India,Fashion,9,12417.52,15,0
2025-05-08,West India,Fashion,5,5020.06,7,0
2025-05-09,West India,Fashion,16,18323.24,25,1
2025-05-10,West India,Fashion,8,12250.62,12,0
2025-05-11,West India,Fashion,10,15983.46,15,0
2025-05-12,West India,Fashion,5,7292.3,7,0
2025-05-13,West India,Fashion,10,13394.89,16,0
2025-05-14,West India,Fashion,7,13089.93,10,0
2025-05-15,West India,Fashion,4,7525.31,6,0
2025-05-16,West India,Fashion,4,5962.24,5,0
2025-05-17,West India,Fashion,7,11400.74,10,0
2025-05-18,West India,Fashion,11,22128.56,17,0
2025-05-19,West India,Fashion,6,10436.89,9,0
2025-05-20,West India,Fashion,5,5902.3,8,0
2025-05-21,West India,Fashion,8,13784.78,14,0
2025-05-22,West India,Fashion,7,9277.06,11,0
2025-05-23,West India,Fashion,11,16715.9,19,0
2025-05-24,West India,Fashion,7,7105.1,10,0
2025-05-25,West India,Fashion,12,29414.95,18,0
2025-05-26,West India,Fashion,5,7487.11,7,0
2025-05-27,West India,Fashion,9,15339.79,13,0
2025-05-28,West India,Fashion,5,8900.46,8,0
2025-05-29,West India,Fashion,10,13884.8,17,0
2025-05-30,West India,Fashion,10,16769.84,18,0
2025-05-31,West India,Fashion,7,10073.59,12,0
2025-06-01,West India,Fashion,12,21312.9,20,0
2025-06-02,West India,Fashion,10,14404.95,17,0
2025-06-03,West India,Fashion,10,13423.28,17,0
2025-06-04,West India,Fashion,12,18572.93,18,0
2025-06-05,West India,Fashion,11,14805.98,15,0
2025-06-06,West India,Fashion,3,4747.66,5,0
2025-06-07,West India,Fashion,10,12069.06,15,0
2025-06-08,West India,Fashion,8,12120.58,13,0
2025-06-09,West India,Fashion,4,5404.96,6,0
2025-06-10,West India,Fashion,7,9527.2,10,0
2025-06-11,West India,Fashion,6,8375.23,8,0
2025-06-12,West India,Fashion,5,4999.31,8,0
2025-06-13,West India,Fashion,7,9123.9,10,0
2025-06-14,West India,Fashion,9,10648.54,14,0
2025-06-15,West India,Fashion,13,18397.63,23,0
2025-06-16,West India,Fashion,7,9014.9,10,0
2025-06-17,West India,Fashion,3,4781.41,4,0
2025-06-18,West India,Fashion,4,4721.6,6,0
2025-06-19,West India,Fashion,5,9280.38,8,0
2025-06-20,West India,Fashion,3,5265.96,5,0
2025-06-21,West India,Fashion,15,19229.99,21,0
2025-06-22,West India,Fashion,6,9868.26,9,0
2025-06-23,West India,Fashion,7,14291.1,10,0
2025-06-24,West India,Fashion,6,7588.29,10,0
2025-06-25,West India,Fashion,5,8174.48,9,0
2025-06-26,West India,Fashion,4,5410.01,6,0
2025-06-27,West India,Fashion,3,3900.71,5,0
2025-06-28,West India,Fashion,14,16662.23,23,0
2025-06-29,West India,Fashion,11,17994.75,18,1
2025-06-30,West India,Fashion,14,22265.49,19,0
2025-07-01,West India,Fashion,8,13539.33,13,0
2025-07-02,West India,Fashion,9,13362.98,14,0
2025-07-03,West India,Fashion,4,6336.44,7,0
2025-07-04,West India,Fashion,5,6708.85,8,0
2025-07-05,West India,Fashion,11,17739.25,18,0
2025-07-06,West India,Fashion,8,10707.77,13,0
2025-07-07,West India,Fashion,3,4201.35,4,0
2025-07-08,West India,Fashion,7,13022.87,12,0
2025-07-09,West India,Fashion,8,11681.23,11,0
2025-07-10,West India,Fashion,7,8211.79,11,0
2025-07-11,West India,Fashion,9,13661.32,14,0
2025-07-12,West India,Fashion,12,20002.63,17,0
2025-07-13,West India,Fashion,13,20949.71,23,0
2025-07-14,West India,Fashion,9,15350.27,16,0
2025-07-15,West India,Fashion,4,7781.1,7,0
2025-07-16,West India,Fashion,5,8882.05,7,0
2025-07-17,West India,Fashion,4,3325.11,7,0
2025-07-18,West India,Fashion,7,9811.57,11,0
2025-07-19,West India,Fashion,8,12104.68,13,0
2025-07-20,West India,Fashion,10,11419.43,16,0
2025-07-21,West India,Fashion,6,5637.19,10,0
2025-07-22,West India,Fashion,4,4773.05,6,0
2025-07-23,West India,Fashion,13,19303.58,18,0
2025-07-24,West India,Fashion,5,7530.32,8,0
2025-07-25,West India,Fashion,6,11008.46,9,0
2025-07-26,West India,Fashion,4,5812.12,7,0
2025-07-27,West India,Fashion,11,13238.95,15,0
2025-07-28,West India,Fashion,9,13555.02,15,0
2025-07-29,West India,Fashion,7,6017.46,12,0
2025-07-30,West India,Fashion,6,10076.74,8,0
2025-07-31,West India,Fashion,7,12119.78,10,0
2025-08-01,West India,Fashion,6,8597.72,10,0
2025-08-02,West India,Fashion,10,14465.19,15,0
2025-08-03,West India,Fashion,8,12043.46,13,0
2025-08-04,West India,Fashion,6,10769.96,9,0
2025-08-05,West India,Fashion,6,8182.83,9,0
2025-08-06,West India,Fashion,8,12681.34,14,0
2025-08-07,West India,Fashion,6,9333.1,9,0
2025-08-08,West India,Fashion,6,9982.99,10,0
2025-08-09,West India,Fashion,13,28122.34,22,1
2025-08-10,West India,Fashion,10,13015.29,15,0
2025-08-11,West India,Fashion,10,13440.33,15,0
2025-08-12,West India,Fashion,5,5481.43,8,0
2025-08-13,West India,Fashion,6,10082.94,8,0
2025-08-14,West India,Fashion,8,11059.32,14,0
2025-08-15,West India,Fashion,5,6434.12,7,0
2025-08-16,West India,Fashion,12,17707.55,17,0
2025-08-17,West India,Fashion,13,13938.94,23,0
2025-08-18,West India,Fashion,7,8871.45,10,0
2025-08-19,West India,Fashion,8,9350.27,12,0
2025-08-20,West India,Fashion,4,7336.49,7,0
2025-08-21,West India,Fashion,4,4678.82,7,0
2025-08-22,West India,Fashion,5,5347.47,8,0
2025-08-23,West India,Fashion,10,15344.77,18,0
2025-08-24,West India,Fashion,14,21076.35,25,0
2025-08-25,West India,Fashion,7,11959.29,10,0
2025-08-26,West India,Fashion,8,9761.29,14,0
2025-08-27,West India,Fashion,6,8567.92,8,0
2025-08-28,West India,Fashion,9,13006.5,14,0
2025-08-29,West India,Fashion,11,15780.66,17,0
2025-08-30,West India,Fashion,8,9055.2,13,0
2025-08-31,West India,Fashion,20,40029.77,28,0
2025-09-01,West India,Fashion,10,12674.22,16,0
2025-09-02,West India,Fashion,5,6343.94,9,0
2025-09-03,West India,Fashion,10,19418.65,17,0
2025-09-04,West India,Fashion,6,8153.75,11,0
2025-09-05,West India,Fashion,6,9012.51,8,0
2025-09-06,West India,Fashion,9,12840.39,14,0
2025-09-07,West India,Fashion,11,15364.66,15,0
2025-09-08,West India,Fashion,10,17088.67,16,0
2025-09-09,West India,Fashion,5,6318.01,7,0
2025-09-10,West India,Fashion,7,12512.6,12,0
2025-09-11,West India,Fashion,6,6067.92,10,0
2025-09-12,West India,Fashion,9,9020.58,15,0
2025-09-13,West India,Fashion,17,18119.9,28,0
2025-09-14,West India,Fashion,4,4893.01,7,0
2025-09-15,West India,Fashion,8,12450.53,11,0
2025-09-16,West India,Fashion,12,18128.36,21,1
2025-09-17,West India,Fashion,7,6649.53,11,0
2025-09-18,West India,Fashion,2,3639.21,2,0
2025-09-19,West India,Fashion,11,15296.52,19,1
2025-09-20,West India,Fashion,11,14157.49,16,0
2025-09-21,West India,Fashion,5,6624.44,7,0
2025-09-22,West India,Fashion,5,12207.27,8,0
2025-09-23,West India,Fashion,6,7535.03,9,0
2025-09-24,West India,Fashion,8,16151.9,11,0
2025-09-25,West India,Fashion,3,5272.56,4,0
2025-09-26,West India,Fashion,8,8664.64,15,0
2025-09-27,West India,Fashion,6,10640.52,10,0
2025-09-28,West India,Fashion,14,19790.7,20,0
2025-09-29,West India,Fashion,5,5401.14,7,0
2025-09-30,West India,Fashion,7,15117.75,10,0
2025-10-01,West India,Fashion,6,9372.66,10,0
2025-10-02,West India,Fashion,10,14752.64,16,0
2025-10-03,West India,Fashion,13,17651.94,24,0
2025-10-04,West India,Fashion,16,19568.88,27,0
2025-10-05,West India,Fashion,12,13791.59,20,0
2025-10-06,West India,Fashion,9,17142.65,16,0
2025-10-07,West India,Fashion,12,16850.6,20,0
2025-10-08,West India,Fashion,17,34301.85,29,1
2025-10-09,West India,Fashion,6,10327.96,10,0
2025-10-10,West India,Fashion,16,26552.06,27,1
2025-10-11,West India,Fashion,13,24709.46,23,0
2025-10-12,West India,Fashion,20,27837.93,28,1
2025-10-13,West India,Fashion,13,19656.04,20,0
2025-10-14,West India,Fashion,4,5685.86,7,0
2025-10-15,West India,Fashion,15,22853.47,21,0
2025-10-16,West India,Fashion,15,29332.36,21,0
2025-10-17,West India,Fashion,10,14169.34,18,0
2025-10-18,West India,Fashion,15,15559.94,24,1
2025-10-19,West India,Fashion,10,17224.77,18,0
2025-10-20,West India,Fashion,13,18571.8,23,0
2025-10-21,West India,Fashion,13,25074.45,20,0
2025-10-22,West India,Fashion,9,10607.72,16,0
2025-10-23,West India,Fashion,4,4941.35,7,0
2025-10-24,West India,Fashion,11,13263.27,16,0
2025-10-25,West India,Fashion,17,21252.65,26,0
2025-10-26,West India,Fashion,13,20664.65,19,0
2025-10-27,West India,Fashion,13,20748.05,21,1
2025-10-28,West India,Fashion,10,8517.42,15,0
2025-10-29,West India,Fashion,7,11839.95,9,0
2025-10-30,West India,Fashion,14,19298.02,23,1
2025-10-31,West India,Fashion,15,23570.5,26,0
2025-11-01,West India,Fashion,16,18500.32,23,0
2025-11-02,West India,Fashion,20,36160.67,31,1
2025-11-03,West India,Fashion,12,15015.06,20,0
2025-11-04,West India,Fashion,12,21929.37,18,0
2025-11-05,West India,Fashion,16,20017.39,28,0
2025-11-06,West India,Fashion,10,11170.76,15,0
2025-11-07,West India,Fashion,10,13419.79,16,0
2025-11-08,West India,Fashion,17,23375.68,31,1
2025-11-09,West India,Fashion,21,30707.36,34,1
2025-11-10,West India,Fashion,16,29322.75,28,0
2025-11-11,West India,Fashion,10,12866.88,14,0
2025-11-12,West India,Fashion,12,12641.84,19,0
2025-11-13,West India,Fashion,14,26085.05,20,1
2025-11-14,West India,Fashion,9,15051.41,16,0
2025-11-15,West India,Fashion,20,30891.34,29,1
2025-11-16,West India,Fashion,21,15399.76,33,0
2025-11-17,West India,Fashion,11,20803.98,16,0
2025-11-18,West India,Fashion,9,16654.29,12,0
2025-11-19,West India,Fashion,17,19201.42,31,0
2025-11-20,West India,Fashion,11,21502.85,16,0
2025-11-21,West India,Fashion,8,9862.92,14,0
2025-11-22,West India,Fashion,15,24818.94,21,0
2025-11-23,West India,Fashion,21,31362.68,33,0
2025-11-24,West India,Fashion,11,17238.18,18,0
2025-11-25,West India,Fashion,9,11374.66,16,0
2025-11-26,West India,Fashion,10,15044.04,14,0
2025-11-27,West India,Fashion,7,12734.43,12,0
2025-11-28,West India,Fashion,19,26680.82,29,1
2025-11-29,West India,Fashion,20,23198.59,36,1
2025-11-30,West India,Fashion,22,28009.77,36,0
2025-12-01,West India,Fashion,6,9429.47,10,0
2025-12-02,West India,Fashion,12,15016.98,21,0
2025-12-03,West India,Fashion,8,12410.21,14,0
2025-12-04,West India,Fashion,6,9895.59,11,0
2025-12-05,West India,Fashion,10,14364.14,17,0
2025-12-06,West India,Fashion,11,22537.02,18,0
2025-12-07,West India,Fashion,7,8674.32,11,0
2025-12-08,West India,Fashion,7,10527.02,9,0
2025-12-09,West India,Fashion,3,3292.58,5,0
2025-12-10,West India,Fashion,6,11009.32,9,0
2025-12-11,West India,Fashion,2,3505.47,3,0
2025-12-12,West India,Fashion,10,11414.24,15,0
2025-12-13,West India,Fashion,9,14387.37,16,0
2025-12-14,West India,Fashion,13,18029.18,22,0
2025-12-15,West India,Fashion,2,3310.7,3,0
2025-12-16,West India,Fashion,11,18326.19,20,0
2025-12-17,West India,Fashion,4,7229.13,6,0
2025-12-18,West India,Fashion,4,9077.8,6,0
2025-12-19,West India,Fashion,6,6994.91,9,0
2025-12-20,West India,Fashion,11,11925.03,17,0
2025-12-21,West India,Fashion,9,10942.79,13,0
2025-12-22,West India,Fashion,4,7904.68,7,0
2025-12-23,West India,Fashion,9,14808.19,12,0
2025-12-24,West India,Fashion,9,11919.71,14,0
2025-12-25,West India,Fashion,7,6854.7,12,0
2025-12-26,West India,Fashion,7,16281.82,9,0
2025-12-27,West India,Fashion,7,8710.83,9,0
2025-12-28,West India,Fashion,14,20422.7,26,1
2025-12-29,West India,Fashion,7,14288.05,13,0
2025-12-30,West India,Fashion,10,15032.56,18,0
2025-12-31,West India,Fashion,7,6769.36,11,0
2024-01-01,West India,Home & Living,5,7365.17,8,0
2024-01-02,West India,Home & Living,5,9935.98,9,0
2024-01-03,West India,Home & Living,6,12157.43,11,0
2024-01-04,West India,Home & Living,3,4372.29,5,0
2024-01-05,West India,Home & Living,7,12646.53,11,0
2024-01-06,West India,Home & Living,7,12323.07,12,0
2024-01-07,West India,Home & Living,8,17938.26,14,0
2024-01-08,West India,Home & Living,6,13197.42,8,0
2024-01-09,West India,Home & Living,6,6954.96,10,0
2024-01-10,West India,Home & Living,4,5029.34,7,0
2024-01-11,West India,Home & Living,3,4771.06,5,0
2024-01-12,West India,Home & Living,3,3555.99,5,0
2024-01-13,West India,Home & Living,10,13180.15,16,0
2024-01-14,West India,Home & Living,5,8909.73,7,0
2024-01-15,West India,Home & Living,2,4049.24,2,0
2024-01-16,West India,Home & Living,6,8434.26,9,0
2024-01-17,West India,Home & Living,6,8576.89,9,0
2024-01-18,West India,Home & Living,4,7661.82,6,0
2024-01-19,West India,Home & Living,1,1577.71,1,0
2024-01-20,West India,Home & Living,9,18427.63,13,0
2024-01-21,West India,Home & Living,5,10176.63,9,0
2024-01-22,West India,Home & Living,5,7329.82,8,0
2024-01-23,West India,Home & Living,5,12412.69,8,0
2024-01-24,West India,Home & Living,3,4856.18,4,0
2024-01-25,West India,Home & Living,4,8435.47,6,0
2024-01-26,West India,Home & Living,5,9145.71,7,0
2024-01-27,West India,Home & Living,4,7274.08,6,0
2024-01-28,West India,Home & Living,7,13051.28,12,0
2024-01-29,West India,Home & Living,6,10795.02,8,0
2024-01-30,West India,Home & Living,6,7237.36,9,0
2024-01-31,West India,Home & Living,7,16286.73,10,0
2024-02-01,West India,Home & Living,3,5029.64,4,0
2024-02-02,West India,Home & Living,6,9058.68,9,0
2024-02-03,West India,Home & Living,7,12516.68,12,0
2024-02-04,West India,Home & Living,9,16869.45,14,0
2024-02-05,West India,Home & Living,3,5430.77,4,0
2024-02-06,West India,Home & Living,4,7030.47,6,0
2024-02-07,West India,Home & Living,2,3255.7,3,0
2024-02-08,West India,Home & Living,3,4782.0,5,0
2024-02-09,West India,Home & Living,3,5749.98,5,0
2024-02-10,West India,Home & Living,4,7315.36,6,0
2024-02-11,West India,Home & Living,2,4081.92,3,0
2024-02-12,West India,Home & Living,7,12845.89,11,0
2024-02-13,West India,Home & Living,6,9179.69,9,0
2024-02-14,West India,Home & Living,3,6534.22,4,0
2024-02-15,West India,Home & Living,10,21437.58,14,0
2024-02-16,West India,Home & Living,3,3519.54,4,0
2024-02-17,West India,Home & Living,3,5338.17,4,0
2024-02-18,West India,Home & Living,4,6985.02,7,0
2024-02-19,West India,Home & Living,6,10594.1,10,0
2024-02-20,West India,Home & Living,2,3898.02,3,0
2024-02-21,West India,Home & Living,2,2664.27,3,0
2024-02-22,West India,Home & Living,5,8173.62,9,0
2024-02-23,West India,Home & Living,4,6944.08,6,0
2024-02-24,West India,Home & Living,4,8856.22,6,0
2024-02-25,West India,Home & Living,6,12886.4,10,0
2024-02-26,West India,Home & Living,4,5650.24,6,0
2024-02-27,West India,Home & Living,2,3043.54,3,0
2024-02-28,West India,Home & Living,8,15419.12,11,0
2024-02-29,West India,Home & Living,4,6887.24,6,0
2024-03-01,West India,Home & Living,5,6570.87,9,0
2024-03-02,West India,Home & Living,6,8848.68,11,0
2024-03-03,West India,Home & Living,9,14135.1,16,0
2024-03-04,West India,Home & Living,4,7413.42,6,0
2024-03-05,West India,Home & Living,4,8375.97,7,0
2024-03-06,West India,Home & Living,3,6096.94,4,0
2024-03-07,West India,Home & Living,6,13949.47,9,0
2024-03-08,West India,Home & Living,5,6449.74,9,0
2024-03-09,West India,Home & Living,5,5961.66,9,0
2024-03-10,West India,Home & Living,5,10982.14,9,0
2024-03-11,West India,Home & Living,3,5490.4,5,0
2024-03-12,West India,Home & Living,6,9214.42,11,0
2024-03-13,West India,Home & Living,4,7493.36,7,0
2024-03-14,West India,Home & Living,5,7459.96,8,0
2024-03-15,West India,Home & Living,8,14053.59,12,0
2024-03-16,West India,Home & Living,6,17049.34,10,0
2024-03-17,West India,Home & Living,10,18523.49,15,0
2024-03-18,West India,Home & Living,4,6725.05,6,0
2024-03-19,West India,Home & Living,4,6389.64,5,0
2024-03-20,West India,Home & Living,2,4690.19,3,0
2024-03-21,West India,Home & Living,3,5346.87,4,0
2024-03-22,West India,Home & Living,4,7622.62,6,0
2024-03-23,West India,Home & Living,5,8177.8,7,0
2024-03-24,West India,Home & Living,2,4589.12,2,0
2024-03-25,West India,Home & Living,7,12355.83,9,0
2024-03-26,West India,Home & Living,5,7154.47,8,0
2024-03-27,West India,Home & Living,3,4520.94,5,0
2024-03-28,West India,Home & Living,4,8918.93,6,0
2024-03-29,West India,Home & Living,6,9492.09,8,0
2024-03-30,West India,Home & Living,14,34033.98,20,0
2024-03-31,West India,Home & Living,9,13047.78,14,0
2024-04-01,West India,Home & Living,4,7678.66,5,0
2024-04-02,West India,Home & Living,5,10683.63,8,0
2024-04-03,West India,Home & Living,3,7302.38,4,0
2024-04-04,West India,Home & Living,6,15307.21,10,0
2024-04-05,West India,Home & Living,5,9256.33,7,0
2024-04-06,West India,Home & Living,7,16760.23,10,0
2024-04-07,West India,Home & Living,10,16140.5,17,0
2024-04-08,West India,Home & Living,4,9986.28,6,0
2024-04-09,West India,Home & Living,4,7638.33,6,0
2024-04-10,West India,Home & Living,4,7190.92,5,0
2024-04-11,West India,Home & Living,5,7480.39,7,0
2024-04-12,West India,Home & Living,2,4300.8,3,0
2024-04-13,West India,Home & Living,7,11503.14,12,0
2024-04-14,West India,Home & Living,3,6609.68,4,0
2024-04-15,West India,Home & Living,5,9671.24,9,0
2024-04-16,West India,Home & Living,6,8003.82,10,0
2024-04-17,West India,Home & Living,3,4926.03,4,0
2024-04-18,West India,Home & Living,6,8108.96,11,0
2024-04-19,West India,Home & Living,2,3223.49,3,0
2024-04-20,West India,Home & Living,6,12360.73,9,0
2024-04-21,West India,Home & Living,7,10383.69,11,0
2024-04-22,West India,Home & Living,7,12861.29,12,0
2024-04-23,West India,Home & Living,7,11928.93,9,0
2024-04-24,West India,Home & Living,2,3968.78,3,0
2024-04-25,West India,Home & Living,4,7018.21,7,0
2024-04-26,West India,Home & Living,9,19225.39,16,0
2024-04-27,West India,Home & Living,10,14760.37,18,0
2024-04-28,West India,Home & Living,10,24782.1,18,0
2024-04-29,West India,Home & Living,6,9767.27,8,0
2024-04-30,West India,Home & Living,4,4837.74,6,0
2024-05-01,West India,Home & Living,5,9461.32,7,0
2024-05-02,West India,Home & Living,7,10899.41,12,0
2024-05-03,West India,Home & Living,2,3762.55,3,0
2024-05-04,West India,Home & Living,4,8736.44,7,0
2024-05-05,West India,Home & Living,6,8702.92,8,0
2024-05-06,West India,Home & Living,6,9131.04,9,0
2024-05-07,West India,Home & Living,1,1968.38,1,0
2024-05-08,West India,Home & Living,3,4578.02,4,0
2024-05-09,West India,Home & Living,4,9677.44,5,0
2024-05-10,West India,Home & Living,4,8982.87,5,0
2024-05-11,West India,Home & Living,6,10970.97,9,0
2024-05-12,West India,Home & Living,12,19690.37,21,0
2024-05-13,West India,Home & Living,5,7159.99,7,0
2024-05-14,West India,Home & Living,5,8225.13,9,0
2024-05-15,West India,Home & Living,5,9226.85,7,0
2024-05-16,West India,Home & Living,2,2835.91,3,0
2024-05-17,West India,Home & Living,9,16893.56,14,0
2024-05-18,West India,Home & Living,4,6845.46,5,0
2024-05-19,West India,Home & Living,3,4510.99,5,0
2024-05-20,West India,Home & Living,4,5959.41,7,0
2024-05-21,West India,Home & Living,2,3283.46,3,0
2024-05-22,West India,Home & Living,5,11087.16,7,0
2024-05-23,West India,Home & Living,6,9957.17,8,0
2024-05-24,West India,Home & Living,4,7648.68,7,0
2024-05-25,West India,Home & Living,6,8577.88,10,0
2024-05-26,West India,Home & Living,9,16781.02,15,0
2024-05-27,West India,Home & Living,4,10822.19,7,0
2024-05-28,West India,Home & Living,8,12402.54,12,0
2024-05-29,West India,Home & Living,7,16998.84,12,0
2024-05-30,West India,Home & Living,3,5981.89,5,0
2024-05-31,West India,Home & Living,4,9494.61,6,0
2024-06-01,West India,Home & Living,7,11029.11,12,0
2024-06-02,West India,Home & Living,9,16547.48,12,0
2024-06-03,West India,Home & Living,2,4774.25,3,0
2024-06-04,West India,Home & Living,2,3286.92,3,0
2024-06-05,West India,Home & Living,7,13797.02,9,0
2024-06-06,West India,Home & Living,2,4705.54,3,0
2024-06-07,West India,Home & Living,2,3892.31,3,0
2024-06-08,West India,Home & Living,10,25119.29,16,0
2024-06-09,West India,Home & Living,7,13703.9,12,0
2024-06-10,West India,Home & Living,4,7063.7,7,0
2024-06-11,West India,Home & Living,5,11184.5,8,0
2024-06-12,West India,Home & Living,3,4564.02,4,0
2024-06-13,West India,Home & Living,5,10851.39,8,0
2024-06-14,West India,Home & Living,5,8657.35,8,0
2024-06-15,West India,Home & Living,7,11616.97,12,0
2024-06-16,West India,Home & Living,7,14760.65,12,0
2024-06-17,West India,Home & Living,6,10128.5,9,0
2024-06-18,West India,Home & Living,3,3185.24,5,0
2024-06-19,West India,Home & Living,4,7874.66,6,0
2024-06-20,West India,Home & Living,2,3461.47,3,0
2024-06-21,West India,Home & Living,3,6036.81,4,0
2024-06-22,West India,Home & Living,5,12246.74,9,0
2024-06-23,West India,Home & Living,9,18143.78,13,0
2024-06-24,West India,Home & Living,1,1765.71,1,0
2024-06-25,West India,Home & Living,5,7363.39,9,0
2024-06-26,West India,Home & Living,5,8483.44,9,0
2024-06-27,West India,Home & Living,3,4211.58,5,0
2024-06-28,West India,Home & Living,6,8498.16,10,0
2024-06-29,West India,Home & Living,10,15435.37,17,0
2024-06-30,West India,Home & Living,6,8729.15,10,0
2024-07-01,West India,Home & Living,9,12073.76,16,0
2024-07-02,West India,Home & Living,5,9359.17,7,0
2024-07-03,West India,Home & Living,2,4583.41,3,0
2024-07-04,West India,Home & Living,4,6364.17,5,0
2024-07-05,West India,Home & Living,6,10033.83,8,0
2024-07-06,West India,Home & Living,8,13415.04,12,0
2024-07-07,West India,Home & Living,10,14764.72,17,0
2024-07-08,West India,Home & Living,5,9432.13,7,0
2024-07-09,West India,Home & Living,4,7825.86,5,0
2024-07-10,West India,Home & Living,1,1546.83,1,0
2024-07-11,West India,Home & Living,5,8434.53,8,0
2024-07-12,West India,Home & Living,6,6061.17,10,0
2024-07-13,West India,Home & Living,4,8815.67,7,0
2024-07-14,West India,Home & Living,8,11964.18,13,0
2024-07-15,West India,Home & Living,4,7102.23,6,0
2024-07-16,West India,Home & Living,7,11604.8,10,0
2024-07-17,West India,Home & Living,4,7755.36,5,0
2024-07-18,West India,Home & Living,9,15009.47,14,0
2024-07-19,West India,Home & Living,7,12502.36,10,0
2024-07-20,West India,Home & Living,6,7663.96,10,0
2024-07-21,West India,Home & Living,4,7606.66,6,0
2024-07-22,West India,Home & Living,3,6772.9,5,0
2024-07-23,West India,Home & Living,7,11882.61,13,0
2024-07-24,West India,Home & Living,2,3709.17,2,0
2024-07-25,West India,Home & Living,4,7502.03,5,0
2024-07-26,West India,Home & Living,5,6149.71,8,0
2024-07-27,West India,Home & Living,4,5809.2,5,0
2024-07-28,West India,Home & Living,11,21130.29,20,0
2024-07-29,West India,Home & Living,4,7263.2,6,0
2024-07-30,West India,Home & Living,8,19928.18,13,0
2024-07-31,West India,Home & Living,3,4730.39,4,0
2024-08-01,West India,Home & Living,6,9564.87,10,0
2024-08-02,West India,Home & Living,3,5053.35,4,0
2024-08-03,West India,Home & Living,4,7035.56,6,0
2024-08-04,West India,Home & Living,11,22986.7,16,0
2024-08-05,West India,Home & Living,3,5650.87,4,0
2024-08-06,West India,Home & Living,4,6335.99,6,0
2024-08-07,West India,Home & Living,5,11092.77,9,0
2024-08-08,West India,Home & Living,4,6994.21,6,0
2024-08-09,West India,Home & Living,5,10490.08,8,0
2024-08-10,West India,Home & Living,8,15476.22,13,0
2024-08-11,West India,Home & Living,5,5630.98,8,0
2024-08-12,West India,Home & Living,6,10159.68,10,0
2024-08-13,West India,Home & Living,5,8761.6,7,0
2024-08-14,West India,Home & Living,6,6769.87,10,0
2024-08-15,West India,Home & Living,2,3986.08,3,0
2024-08-16,West India,Home & Living,4,7320.3,6,0
2024-08-17,West India,Home & Living,5,11173.51,8,0
2024-08-18,West India,Home & Living,4,8479.88,6,0
2024-08-19,West India,Home & Living,5,8136.55,8,0
2024-08-20,West India,Home & Living,4,5384.21,6,0
2024-08-21,West India,Home & Living,4,6450.63,6,0
2024-08-22,West India,Home & Living,9,17242.84,12,0
2024-08-23,West India,Home & Living,1,2069.36,1,0
2024-08-24,West India,Home & Living,8,18543.26,12,0
2024-08-25,West India,Home & Living,10,16123.82,14,0
2024-08-26,West India,Home & Living,8,15177.41,13,0
2024-08-27,West India,Home & Living,1,1835.76,1,0
2024-08-28,West India,Home & Living,5,6667.77,8,0
2024-08-29,West India,Home & Living,9,13866.31,13,0
2024-08-30,West India,Home & Living,6,8494.23,9,0
2024-08-31,West India,Home & Living,11,23658.58,19,0
2024-09-01,West India,Home & Living,14,24692.7,22,0
2024-09-02,West India,Home & Living,4,8562.86,7,0
2024-09-03,West India,Home & Living,2,4550.96,3,0
2024-09-04,West India,Home & Living,2,3710.92,3,0
2024-09-05,West India,Home & Living,8,16336.71,14,0
2024-09-06,West India,Home & Living,6,8471.49,10,0
2024-09-07,West India,Home & Living,9,15447.22,16,0
2024-09-08,West India,Home & Living,2,2584.6,3,0
2024-09-09,West India,Home & Living,4,7435.03,6,0
2024-09-10,West India,Home & Living,4,6474.34,5,0
2024-09-11,West India,Home & Living,4,5880.44,7,0
2024-09-12,West India,Home & Living,6,10792.55,8,0
2024-09-13,West India,Home & Living,3,4970.64,5,0
2024-09-14,West India,Home & Living,3,5629.46,5,0
2024-09-15,West India,Home & Living,8,14930.07,13,0
2024-09-16,West India,Home & Living,5,9252.13,7,0
2024-09-17,West India,Home & Living,4,7980.1,5,0
2024-09-18,West India,Home & Living,1,1818.38,1,0
2024-09-19,West India,Home & Living,2,3429.88,3,0
2024-09-20,West India,Home & Living,3,5479.96,4,0
2024-09-21,West India,Home & Living,3,5406.98,4,0
2024-09-22,West India,Home & Living,11,19933.1,18,0
2024-09-23,West India,Home & Living,5,9975.64,8,0
2024-09-24,West India,Home & Living,7,13285.16,11,0
2024-09-25,West India,Home & Living,2,3885.57,3,0
2024-09-26,West India,Home & Living,3,4805.93,4,0
2024-09-27,West India,Home & Living,1,2146.68,1,0
2024-09-28,West India,Home & Living,5,5836.63,7,0
2024-09-29,West India,Home & Living,7,10575.98,9,0
2024-09-30,West India,Home & Living,4,6948.64,6,0
2024-10-01,West India,Home & Living,7,16025.86,12,0
2024-10-02,West India,Home & Living,5,10119.47,8,0
2024-10-03,West India,Home & Living,10,19472.24,14,0
2024-10-04,West India,Home & Living,7,14862.66,12,0
2024-10-05,West India,Home & Living,18,31186.24,29,1
2024-10-06,West India,Home & Living,7,11684.74,11,0
2024-10-07,West India,Home & Living,2,3661.17,3,0
2024-10-08,West India,Home & Living,10,15847.7,17,0
2024-10-09,West India,Home & Living,8,20827.15,12,0
2024-10-10,West India,Home & Living,4,7520.74,6,0
2024-10-11,West India,Home & Living,10,17612.64,15,0
2024-10-12,West India,Home & Living,20,29876.4,31,1
2024-10-13,West India,Home & Living,7,12516.86,11,0
2024-10-14,West India,Home & Living,7,13868.13,12,0
2024-10-15,West India,Home & Living,8,13297.15,11,0
2024-10-16,West India,Home & Living,9,18217.81,16,0
2024-10-17,West India,Home & Living,9,18484.01,13,0
2024-10-18,West India,Home & Living,7,7216.94,11,0
2024-10-19,West India,Home & Living,9,16294.67,16,0
2024-10-20,West India,Home & Living,13,24145.49,24,1
2024-10-21,West India,Home & Living,9,15109.38,16,0
2024-10-22,West India,Home & Living,9,15630.42,13,0
2024-10-23,West India,Home & Living,8,14938.52,13,0
2024-10-24,West India,Home & Living,4,8987.83,6,0
2024-10-25,West India,Home & Living,8,13451.95,12,0
2024-10-26,West India,Home & Living,10,14485.22,15,0
2024-10-27,West India,Home & Living,11,23561.3,20,0
2024-10-28,West India,Home & Living,5,8723.77,8,0
2024-10-29,West India,Home & Living,4,5711.09,6,0
2024-10-30,West India,Home & Living,9,12734.9,15,0
2024-10-31,West India,Home & Living,8,17271.95,13,0
2024-11-01,West India,Home & Living,6,12714.96,11,0
2024-11-02,West India,Home & Living,6,13090.13,8,0
2024-11-03,West India,Home & Living,9,16936.64,15,0
2024-11-04,West India,Home & Living,4,7899.98,7,0
2024-11-05,West India,Home & Living,7,13730.9,11,0
2024-11-06,West India,Home & Living,4,5376.73,5,0
2024-11-07,West India,Home & Living,6,7946.91,9,0
2024-11-08,West India,Home & Living,7,9110.94,10,0
2024-11-09,West India,Home & Living,10,16156.35,16,0
2024-11-10,West India,Home & Living,15,25289.49,21,0
2024-11-11,West India,Home & Living,8,13720.93,14,0
2024-11-12,West India,Home & Living,13,22449.55,24,1
2024-11-13,West India,Home & Living,8,16878.23,14,0
2024-11-14,West India,Home & Living,10,15819.54,14,0
2024-11-15,West India,Home & Living,9,11962.93,15,0
2024-11-16,West India,Home & Living,14,29632.42,22,0
2024-11-17,West India,Home & Living,12,26948.97,22,1
2024-11-18,West India,Home & Living,5,8544.32,8,0
2024-11-19,West India,Home & Living,3,4291.29,4,0
2024-11-20,West India,Home & Living,10,17962.16,16,0
2024-11-21,West India,Home & Living,10,15668.77,18,0
2024-11-22,West India,Home & Living,11,17942.18,20,0
2024-11-23,West India,Home & Living,15,25746.97,26,1
2024-11-24,West India,Home & Living,5,9545.81,9,0
2024-11-25,West India,Home & Living,13,19104.61,21,1
2024-11-26,West India,Home & Living,8,9093.05,13,0
2024-11-27,West India,Home & Living,7,12975.45,11,0
2024-11-28,West India,Home & Living,15,35002.16,22,0
2024-11-29,West India,Home & Living,8,10660.6,13,0
2024-11-30,West India,Home & Living,11,21418.63,18,0
2024-12-01,West India,Home & Living,6,11379.82,9,0
2024-12-02,West India,Home & Living,1,1734.41,1,0
2024-12-03,West India,Home & Living,5,9168.17,8,0
2024-12-04,West India,Home & Living,8,11232.85,12,0
2024-12-05,West India,Home & Living,2,3165.04,3,0
2024-12-06,West India,Home & Living,5,10861.22,9,0
2024-12-07,West India,Home & Living,4,7323.85,7,0
2024-12-08,West India,Home & Living,5,11084.89,9,0
2024-12-09,West India,Home & Living,4,6430.32,6,0
2024-12-10,West India,Home & Living,2,3147.04,3,0
2024-12-11,West India,Home & Living,4,10776.61,5,0
2024-12-12,West India,Home & Living,4,5362.25,5,0
2024-12-13,West India,Home & Living,3,6791.14,5,0
2024-12-14,West India,Home & Living,6,9897.79,9,0
2024-12-15,West India,Home & Living,10,17727.24,17,0
2024-12-16,West India,Home & Living,4,6593.45,7,0
2024-12-17,West India,Home & Living,2,3675.36,3,0
2024-12-18,West India,Home & Living,2,2936.19,3,0
2024-12-19,West India,Home & Living,1,1748.82,1,0
2024-12-20,West India,Home & Living,4,5866.57,5,0
2024-12-21,West India,Home & Living,6,9389.47,10,0
2024-12-22,West India,Home & Living,7,9221.1,11,0
2024-12-23,West India,Home & Living,11,23957.18,20,1
2024-12-24,West India,Home & Living,4,6948.05,7,0
2024-12-25,West India,Home & Living,5,7624.28,8,0
2024-12-26,West India,Home & Living,1,2262.02,1,0
2024-12-27,West India,Home & Living,6,13756.21,9,0
2024-12-28,West India,Home & Living,8,12652.85,14,0
2024-12-29,West India,Home & Living,7,10770.44,12,0
2024-12-30,West India,Home & Living,8,18028.35,11,0
2024-12-31,West India,Home & Living,6,10486.39,10,0
2025-01-01,West India,Home & Living,5,8639.77,8,0
2025-01-02,West India,Home & Living,5,8953.85,8,0
2025-01-03,West India,Home & Living,2,3731.55,3,0
2025-01-04,West India,Home & Living,6,9480.63,9,0
2025-01-05,West India,Home & Living,5,12082.42,8,0
2025-01-06,West India,Home & Living,8,9085.38,13,0
2025-01-07,West India,Home & Living,2,3634.98,3,0
2025-01-08,West India,Home & Living,5,11577.14,7,0
2025-01-09,West India,Home & Living,3,4758.21,4,0
2025-01-10,West India,Home & Living,6,9709.76,9,0
2025-01-11,West India,Home & Living,7,13985.85,11,0
2025-01-12,West India,Home & Living,7,15964.45,12,0
2025-01-13,West India,Home & Living,5,7436.18,7,0
2025-01-14,West India,Home & Living,6,13262.37,8,0
2025-01-15,West India,Home & Living,7,15512.27,10,0
2025-01-16,West India,Home & Living,7,15584.85,12,0
2025-01-17,West India,Home & Living,3,4991.38,5,0
2025-01-18,West India,Home & Living,12,20601.5,21,0
2025-01-19,West India,Home & Living,11,21850.03,17,0
2025-01-20,West India,Home & Living,3,4709.17,4,0
2025-01-21,West India,Home & Living,3,6236.06,5,0
2025-01-22,West India,Home & Living,4,7384.65,7,0
2025-01-23,West India,Home & Living,8,18091.36,14,0
2025-01-24,West India,Home & Living,6,13455.83,8,0
2025-01-25,West India,Home & Living,6,10106.34,10,0
2025-01-26,West India,Home & Living,7,11454.09,11,0
2025-01-27,West India,Home & Living,7,10599.71,10,0
2025-01-28,West India,Home & Living,9,17559.97,16,0
2025-01-29,West India,Home & Living,4,8560.81,6,0
2025-01-30,West India,Home & Living,8,16211.41,14,0
2025-01-31,West India,Home & Living,3,3812.74,4,0
2025-02-01,West India,Home & Living,10,13673.26,14,0
2025-02-02,West India,Home & Living,10,13389.85,18,0
2025-02-03,West India,Home & Living,10,11772.39,18,0
2025-02-04,West India,Home & Living,7,13174.95,10,0
2025-02-05,West India,Home & Living,5,8368.18,8,0
2025-02-06,West India,Home & Living,5,6299.66,7,0
2025-02-07,West India,Home & Living,5,11159.58,9,0
2025-02-08,West India,Home & Living,7,13041.83,11,0
2025-02-09,West India,Home & Living,3,5469.05,4,0
2025-02-10,West India,Home & Living,6,11876.62,11,0
2025-02-11,West India,Home & Living,9,15698.13,15,0
2025-02-12,West India,Home & Living,4,6739.69,6,0
2025-02-13,West India,Home & Living,6,10705.65,9,0
2025-02-14,West India,Home & Living,7,12529.55,12,0
2025-02-15,West India,Home & Living,9,19737.24,15,0
2025-02-16,West India,Home & Living,9,15380.11,14,0
2025-02-17,West India,Home & Living,2,4776.99,3,0
2025-02-18,West India,Home & Living,2,4092.21,3,0
2025-02-19,West India,Home & Living,3,4508.85,5,0
2025-02-20,West India,Home & Living,3,7048.7,5,0
2025-02-21,West India,Home & Living,3,6372.45,4,0
2025-02-22,West India,Home & Living,5,6975.12,7,0
2025-02-23,West India,Home & Living,6,10000.34,9,0
2025-02-24,West India,Home & Living,3,5359.58,4,0
2025-02-25,West India,Home & Living,3,6697.85,5,0
2025-02-26,West India,Home & Living,3,5413.05,4,0
2025-02-27,West India,Home & Living,3,4062.37,4,0
2025-02-28,West India,Home & Living,5,5689.66,8,0
2025-03-01,West India,Home & Living,8,10332.75,12,0
2025-03-02,West India,Home & Living,6,9785.13,10,0
2025-03-03,West India,Home & Living,3,3333.81,4,0
2025-03-04,West India,Home & Living,6,11481.55,9,0
2025-03-05,West India,Home & Living,4,6854.09,5,0
2025-03-06,West India,Home & Living,7,15750.31,12,0
2025-03-07,West India,Home & Living,8,13424.73,14,0
2025-03-08,West India,Home & Living,8,15258.59,12,0
2025-03-09,West India,Home & Living,6,11841.01,9,0
2025-03-10,West India,Home & Living,6,8445.18,9,0
2025-03-11,West India,Home & Living,8,18618.11,13,0
2025-03-12,West India,Home & Living,4,5645.31,6,0
2025-03-13,West India,Home & Living,5,10006.99,7,0
2025-03-14,West India,Home & Living,6,8990.04,9,0
2025-03-15,West India,Home & Living,4,7027.27,7,0
2025-03-16,West India,Home & Living,5,10871.17,7,0
2025-03-17,West India,Home & Living,3,4659.43,4,0
2025-03-18,West India,Home & Living,3,5772.3,4,0
2025-03-19,West India,Home & Living,12,17873.72,20,0
2025-03-20,West India,Home & Living,5,8673.76,7,0
2025-03-21,West India,Home & Living,8,14652.63,13,0
2025-03-22,West India,Home & Living,9,12605.93,12,0
2025-03-23,West India,Home & Living,10,19851.74,15,0
2025-03-24,West India,Home & Living,5,8072.43,9,0
2025-03-25,West India,Home & Living,7,9590.22,10,0
2025-03-26,West India,Home & Living,3,5991.83,5,0
2025-03-27,West India,Home & Living,9,15164.49,12,0
2025-03-28,West India,Home & Living,3,3709.93,4,0
2025-03-29,West India,Home & Living,14,24762.82,24,0
2025-03-30,West India,Home & Living,13,18995.35,18,0
2025-03-31,West India,Home & Living,6,8772.89,9,0
2025-04-01,West India,Home & Living,4,7302.65,7,0
2025-04-02,West India,Home & Living,4,7235.12,5,0
2025-04-03,West India,Home & Living,2,3572.57,2,0
2025-04-04,West India,Home & Living,5,11527.91,7,0
2025-04-05,West India,Home & Living,8,14393.0,13,0
2025-04-06,West India,Home & Living,11,17252.48,16,0
2025-04-07,West India,Home & Living,3,6249.0,4,0
2025-04-08,West India,Home & Living,2,5049.32,3,0
2025-04-09,West India,Home & Living,5,9006.49,8,0
2025-04-10,West India,Home & Living,2,4549.39,3,0
2025-04-11,West India,Home & Living,4,6893.1,5,0
2025-04-12,West India,Home & Living,10,18862.3,17,0
2025-04-13,West India,Home & Living,10,15932.36,17,0
2025-04-14,West India,Home & Living,5,9655.11,8,0
2025-04-15,West India,Home & Living,7,13849.97,10,0
2025-04-16,West India,Home & Living,6,7291.81,10,0
2025-04-17,West India,Home & Living,2,3251.61,2,0
2025-04-18,West India,Home & Living,4,7502.49,5,0
2025-04-19,West India,Home & Living,6,11552.12,9,0
2025-04-20,West India,Home & Living,4,8363.76,7,0
2025-04-21,West India,Home & Living,9,15639.21,16,0
2025-04-22,West India,Home & Living,8,12398.17,13,0
2025-04-23,West India,Home & Living,3,5619.98,4,0
2025-04-24,West India,Home & Living,6,10712.35,10,0
2025-04-25,West India,Home & Living,8,15997.22,12,0
2025-04-26,West India,Home & Living,10,13925.37,17,0
2025-04-27,West India,Home & Living,5,8430.72,8,0
2025-04-28,West India,Home & Living,8,20775.17,15,0
2025-04-29,West India,Home & Living,3,5044.97,4,0
2025-04-30,West India,Home & Living,5,8522.21,8,0
2025-05-01,West India,Home & Living,10,12812.88,17,0
2025-05-02,West India,Home & Living,2,4187.06,3,0
2025-05-03,West India,Home & Living,4,8375.56,6,0
2025-05-04,West India,Home & Living,11,25790.25,19,0
2025-05-05,West India,Home & Living,6,10702.85,9,0
2025-05-06,West India,Home & Living,5,10925.77,8,0
2025-05-07,West India,Home & Living,3,7227.99,5,0
2025-05-08,West India,Home & Living,8,15729.12,14,0
2025-05-09,West India,Home & Living,7,13324.68,12,0
2025-05-10,West India,Home & Living,11,15334.3,20,0
2025-05-11,West India,Home & Living,1,1972.06,1,0
2025-05-12,West India,Home & Living,2,4104.71,3,0
2025-05-13,West India,Home & Living,10,20991.97,15,0
2025-05-14,West India,Home & Living,7,11142.62,11,0
2025-05-15,West India,Home & Living,6,9913.49,9,0
2025-05-16,West India,Home & Living,7,11712.82,13,0
2025-05-17,West India,Home & Living,5,10588.47,9,0
2025-05-18,West India,Home & Living,2,4021.33,3,0
2025-05-19,West India,Home & Living,7,10928.24,12,0
2025-05-20,West India,Home & Living,3,5877.06,4,0
2025-05-21,West India,Home & Living,2,3952.84,3,0
2025-05-22,West India,Home & Living,6,12500.07,10,0
2025-05-23,West India,Home & Living,8,14209.92,12,0
2025-05-24,West India,Home & Living,8,18464.02,13,0
2025-05-25,West India,Home & Living,7,10583.45,12,0
2025-05-26,West India,Home & Living,3,4712.84,5,0
2025-05-27,West India,Home & Living,6,10344.31,11,0
2025-05-28,West India,Home & Living,11,24015.25,20,0
2025-05-29,West India,Home & Living,9,10592.46,14,0
2025-05-30,West India,Home & Living,6,10561.5,9,0
2025-05-31,West India,Home & Living,16,30072.33,28,1
2025-06-01,West India,Home & Living,11,23968.77,18,0
2025-06-02,West India,Home & Living,4,5942.67,7,0
2025-06-03,West India,Home & Living,8,16078.18,12,0
2025-06-04,West India,Home & Living,7,10083.67,12,0
2025-06-05,West India,Home & Living,4,5985.76,6,0
2025-06-06,West India,Home & Living,7,13214.95,9,0
2025-06-07,West India,Home & Living,11,17765.37,16,0
2025-06-08,West India,Home & Living,6,13312.15,8,0
2025-06-09,West India,Home & Living,4,5986.71,5,0
2025-06-10,West India,Home & Living,7,11739.46,9,0
2025-06-11,West India,Home & Living,3,4120.2,4,0
2025-06-12,West India,Home & Living,5,8640.15,7,0
2025-06-13,West India,Home & Living,7,15215.21,12,0
2025-06-14,West India,Home & Living,11,18772.04,20,0
2025-06-15,West India,Home & Living,6,15099.65,8,0
2025-06-16,West India,Home & Living,2,4126.58,3,0
2025-06-17,West India,Home & Living,3,5608.85,4,0
2025-06-18,West India,Home & Living,5,8606.24,8,0
2025-06-19,West India,Home & Living,3,5311.07,4,0
2025-06-20,West India,Home & Living,2,3360.02,3,0
2025-06-21,West India,Home & Living,6,9335.41,11,0
2025-06-22,West India,Home & Living,8,17708.28,14,0
2025-06-23,West India,Home & Living,2,3506.6,3,0
2025-06-24,West India,Home & Living,6,9975.82,8,0
2025-06-25,West India,Home & Living,5,9400.04,8,0
2025-06-26,West India,Home & Living,3,3614.99,4,0
2025-06-27,West India,Home & Living,9,25571.64,15,0
2025-06-28,West India,Home & Living,4,6003.38,7,0
2025-06-29,West India,Home & Living,7,16400.55,9,0
2025-06-30,West India,Home & Living,2,4360.96,3,0
2025-07-01,West India,Home & Living,6,7871.41,10,0
2025-07-02,West India,Home & Living,8,14059.02,13,0
2025-07-03,West India,Home & Living,5,6149.59,9,0
2025-07-04,West India,Home & Living,5,10044.34,7,0
2025-07-05,West India,Home & Living,7,12684.16,9,0
2025-07-06,West India,Home & Living,11,18347.49,17,0
2025-07-07,West India,Home & Living,5,6536.84,8,0
2025-07-08,West India,Home & Living,3,4960.33,4,0
2025-07-09,West India,Home & Living,6,9259.62,9,0
2025-07-10,West India,Home & Living,6,8705.91,8,0
2025-07-11,West India,Home & Living,5,7145.94,9,0
2025-07-12,West India,Home & Living,7,14264.64,10,0
2025-07-13,West India,Home & Living,6,7905.79,9,0
2025-07-14,West India,Home & Living,5,8588.25,8,0
2025-07-15,West India,Home & Living,3,6533.21,5,0
2025-07-16,West India,Home & Living,9,16975.02,14,0
2025-07-17,West India,Home & Living,7,11887.34,10,0
2025-07-18,West India,Home & Living,7,11569.41,13,0
2025-07-19,West India,Home & Living,5,7998.9,7,0
2025-07-20,West India,Home & Living,7,12638.84,10,0
2025-07-21,West India,Home & Living,5,8667.03,7,0
2025-07-22,West India,Home & Living,7,12265.49,11,0
2025-07-23,West India,Home & Living,6,9748.53,11,0
2025-07-24,West India,Home & Living,4,8616.08,6,0
2025-07-25,West India,Home & Living,5,8749.16,8,0
2025-07-26,West India,Home & Living,9,16581.79,13,0
2025-07-27,West India,Home & Living,8,9058.44,12,0
2025-07-28,West India,Home & Living,5,10125.34,8,0
2025-07-29,West India,Home & Living,12,23104.93,21,0
2025-07-30,West India,Home & Living,8,18398.47,14,0
2025-07-31,West India,Home & Living,5,9500.82,9,0
2025-08-01,West India,Home & Living,8,12775.88,12,0
2025-08-02,West India,Home & Living,6,11221.87,11,0
2025-08-03,West India,Home & Living,4,5219.24,6,0
2025-08-04,West India,Home & Living,3,5655.4,4,0
2025-08-05,West India,Home & Living,7,10378.37,11,0
2025-08-06,West India,Home & Living,3,5738.36,4,0
2025-08-07,West India,Home & Living,8,16645.03,14,0
2025-08-08,West India,Home & Living,5,7306.88,7,0
2025-08-09,West India,Home & Living,4,6799.58,7,0
2025-08-10,West India,Home & Living,7,13458.36,12,0
2025-08-11,West India,Home & Living,6,8371.16,8,0
2025-08-12,West India,Home & Living,3,4998.36,5,0
2025-08-13,West India,Home & Living,6,10994.59,10,0
2025-08-14,West India,Home & Living,5,10838.69,7,0
2025-08-15,West India,Home & Living,7,13967.01,12,0
2025-08-16,West India,Home & Living,5,9118.07,7,0
2025-08-17,West India,Home & Living,5,9705.18,8,0
2025-08-18,West India,Home & Living,2,4207.34,3,0
2025-08-19,West India,Home & Living,6,12257.55,10,0
2025-08-20,West India,Home & Living,7,10291.37,11,0
2025-08-21,West India,Home & Living,4,8275.94,6,0
2025-08-22,West India,Home & Living,4,6307.47,5,0
2025-08-23,West India,Home & Living,8,14085.35,12,0
2025-08-24,West India,Home & Living,11,19456.92,19,0
2025-08-25,West India,Home & Living,4,7540.35,5,0
2025-08-26,West India,Home & Living,4,7601.78,7,0
2025-08-27,West India,Home & Living,5,7474.78,9,0
2025-08-28,West India,Home & Living,2,3669.67,3,0
2025-08-29,West India,Home & Living,7,13259.79,10,0
2025-08-30,West India,Home & Living,13,23585.8,24,0
2025-08-31,West India,Home & Living,17,34300.37,31,0
2025-09-01,West India,Home & Living,4,6498.89,7,0
2025-09-02,West India,Home & Living,3,4873.5,4,0
2025-09-03,West India,Home & Living,8,14708.34,13,0
2025-09-04,West India,Home & Living,4,8510.02,5,0
2025-09-05,West India,Home & Living,9,12539.34,16,0
2025-09-06,West India,Home & Living,3,4689.55,5,0
2025-09-07,West India,Home & Living,18,28337.48,32,1
2025-09-08,West India,Home & Living,2,2235.51,3,0
2025-09-09,West India,Home & Living,4,7022.91,6,0
2025-09-10,West India,Home & Living,6,11467.59,10,0
2025-09-11,West India,Home & Living,8,12392.05,12,0
2025-09-12,West India,Home & Living,7,13249.91,9,0
2025-09-13,West India,Home & Living,12,14782.59,17,0
2025-09-14,West India,Home & Living,10,12482.46,17,0
2025-09-15,West India,Home & Living,1,1608.5,1,0
2025-09-16,West India,Home & Living,1,1445.76,1,0
2025-09-17,West India,Home & Living,4,6410.63,6,0
2025-09-18,West India,Home & Living,6,9459.56,9,0
2025-09-19,West India,Home & Living,5,8454.94,8,0
2025-09-20,West India,Home & Living,7,8477.96,13,0
2025-09-21,West India,Home & Living,12,23820.79,16,0
2025-09-22,West India,Home & Living,4,6935.65,7,0
2025-09-23,West India,Home & Living,15,23545.97,21,0
2025-09-24,West India,Home & Living,7,14507.94,12,0
2025-09-25,West India,Home & Living,7,12665.8,11,0
2025-09-26,West India,Home & Living,4,8247.85,6,0
2025-09-27,West India,Home & Living,8,14250.01,11,0
2025-09-28,West India,Home & Living,13,21954.35,19,0
2025-09-29,West India,Home & Living,4,9125.36,6,0
2025-09-30,West India,Home & Living,9,21455.47,13,0
2025-10-01,West India,Home & Living,11,19056.12,17,0
2025-10-02,West India,Home & Living,6,13107.59,11,0
2025-10-03,West India,Home & Living,10,18273.33,18,1
2025-10-04,West India,Home & Living,10,20510.99,18,0
2025-10-05,West India,Home & Living,17,27288.11,28,0
2025-10-06,West India,Home & Living,9,19718.58,14,0
2025-10-07,West India,Home & Living,8,12685.43,13,0
2025-10-08,West India,Home & Living,11,19515.03,15,0
2025-10-09,West India,Home & Living,10,20486.28,15,0
2025-10-10,West India,Home & Living,4,6733.37,5,0
2025-10-11,West India,Home & Living,15,25916.75,24,1
2025-10-12,West India,Home & Living,8,12036.64,11,0
2025-10-13,West India,Home & Living,8,18880.62,14,0
2025-10-14,West India,Home & Living,11,21838.54,19,0
2025-10-15,West India,Home & Living,7,15357.71,12,0
2025-10-16,West India,Home & Living,6,11933.46,10,0
2025-10-17,West India,Home & Living,6,11813.08,9,0
2025-10-18,West India,Home & Living,11,16621.03,20,0
2025-10-19,West India,Home & Living,7,10802.3,10,0
2025-10-20,West India,Home & Living,8,16479.16,13,0
2025-10-21,West India,Home & Living,10,16401.65,15,0
2025-10-22,West India,Home & Living,9,19785.56,15,0
2025-10-23,West India,Home & Living,11,23118.02,20,0
2025-10-24,West India,Home & Living,3,5763.92,5,0
2025-10-25,West India,Home & Living,18,37329.55,30,1
2025-10-26,West India,Home & Living,10,19115.73,18,0
2025-10-27,West India,Home & Living,4,7763.4,6,0
2025-10-28,West India,Home & Living,13,19600.86,20,0
2025-10-29,West India,Home & Living,11,22825.62,19,0
2025-10-30,West India,Home & Living,14,20705.12,23,0
2025-10-31,West India,Home & Living,14,25574.16,23,1
2025-11-01,West India,Home & Living,10,17069.48,18,0
2025-11-02,West India,Home & Living,17,21217.22,25,1
2025-11-03,West India,Home & Living,15,24443.25,24,0
2025-11-04,West India,Home & Living,12,18641.14,19,0
2025-11-05,West India,Home & Living,7,14351.48,12,0
2025-11-06,West India,Home & Living,10,14498.42,14,0
2025-11-07,West India,Home & Living,9,17730.63,14,0
2025-11-08,West India,Home & Living,11,26851.68,16,0
2025-11-09,West India,Home & Living,17,31156.09,28,0
2025-11-10,West India,Home & Living,7,13757.71,10,0
2025-11-11,West India,Home & Living,5,10038.47,9,0
2025-11-12,West India,Home & Living,4,6796.83,5,0
2025-11-13,West India,Home & Living,5,8742.44,7,0
2025-11-14,West India,Home & Living,10,17149.47,18,0
2025-11-15,West India,Home & Living,10,26508.41,17,0
2025-11-16,West India,Home & Living,11,26552.32,15,0
2025-11-17,West India,Home & Living,10,17618.12,16,0
2025-11-18,West India,Home & Living,9,18051.34,14,0
2025-11-19,West India,Home & Living,10,19918.65,15,0
2025-11-20,West India,Home & Living,2,3434.08,3,0
2025-11-21,West India,Home & Living,5,7221.36,8,0
2025-11-22,West India,Home & Living,12,17450.24,16,0
2025-11-23,West India,Home & Living,11,23453.89,19,0
2025-11-24,West India,Home & Living,7,12063.49,10,0
2025-11-25,West India,Home & Living,10,21903.77,14,0
2025-11-26,West India,Home & Living,7,14583.45,10,0
2025-11-27,West India,Home & Living,11,19668.3,19,0
2025-11-28,West India,Home & Living,14,27620.34,20,0
2025-11-29,West India,Home & Living,19,39816.24,32,1
2025-11-30,West India,Home & Living,18,37442.52,26,0
2025-12-01,West India,Home & Living,11,20149.11,16,0
2025-12-02,West India,Home & Living,6,6439.68,8,0
2025-12-03,West India,Home & Living,4,9036.01,7,0
2025-12-04,West India,Home & Living,6,10422.8,10,0
2025-12-05,West India,Home & Living,6,13624.11,9,0
2025-12-06,West India,Home & Living,9,19746.71,15,0
2025-12-07,West India,Home & Living,14,28326.29,26,1
2025-12-08,West India,Home & Living,5,9373.76,9,0
2025-12-09,West India,Home & Living,2,4521.65,2,0
2025-12-10,West India,Home & Living,7,14243.78,10,0
2025-12-11,West India,Home & Living,7,10809.18,12,0
2025-12-12,West India,Home & Living,4,6235.72,5,0
2025-12-13,West India,Home & Living,9,14632.65,13,0
2025-12-14,West India,Home & Living,5,9578.75,8,0
2025-12-15,West India,Home & Living,9,16492.46,16,0
2025-12-16,West India,Home & Living,7,13255.26,11,0
2025-12-17,West India,Home & Living,6,14363.97,10,0
2025-12-18,West India,Home & Living,6,9463.19,11,0
2025-12-19,West India,Home & Living,4,5069.66,6,0
2025-12-20,West India,Home & Living,12,20130.42,18,0
2025-12-21,West India,Home & Living,13,20303.1,19,0
2025-12-22,West India,Home & Living,3,4900.62,5,0
2025-12-23,West India,Home & Living,6,10019.21,10,0
2025-12-24,West India,Home & Living,4,7403.64,6,0
2025-12-25,West India,Home & Living,4,5637.11,5,0
2025-12-26,West India,Home & Living,4,7099.53,6,0
2025-12-27,West India,Home & Living,14,24191.31,20,0
2025-12-28,West India,Home & Living,11,25226.29,20,0
2025-12-29,West India,Home & Living,5,11953.23,7,0
2025-12-30,West India,Home & Living,11,14635.92,19,0
2025-12-31,West India,Home & Living,4,7830.67,5,0
2024-01-01,West India,Beauty,4,3571.29,5,0
2024-01-02,West India,Beauty,3,3207.4,5,0
2024-01-03,West India,Beauty,4,5482.95,7,0
2024-01-04,West India,Beauty,3,3042.05,5,0
2024-01-05,West India,Beauty,1,844.63,1,0
2024-01-06,West India,Beauty,2,2020.22,3,0
2024-01-07,West India,Beauty,6,6213.2,9,0
2024-01-08,West India,Beauty,3,2679.04,4,0
2024-01-09,West India,Beauty,3,3500.13,5,0
2024-01-10,West India,Beauty,5,5549.09,7,0
2024-01-11,West India,Beauty,4,4449.41,6,0
2024-01-12,West India,Beauty,5,6259.04,7,0
2024-01-13,West India,Beauty,8,5661.91,13,0
2024-01-14,West India,Beauty,7,9403.28,12,0
2024-01-15,West India,Beauty,2,1341.05,3,0
2024-01-16,West India,Beauty,5,3999.24,9,0
2024-01-17,West India,Beauty,1,977.71,1,0
2024-01-18,West India,Beauty,4,3217.58,5,0
2024-01-19,West India,Beauty,2,2253.86,3,0
2024-01-20,West India,Beauty,6,4792.45,8,0
2024-01-21,West India,Beauty,9,10342.61,15,0
2024-01-22,West India,Beauty,1,997.91,1,0
2024-01-23,West India,Beauty,4,5908.22,5,0
2024-01-24,West India,Beauty,3,4078.61,5,0
2024-01-25,West India,Beauty,5,5317.49,8,0
2024-01-26,West India,Beauty,5,5988.44,8,0
2024-01-27,West India,Beauty,9,5088.47,14,0
2024-01-28,West India,Beauty,4,4469.8,5,0
2024-01-29,West India,Beauty,5,1794.42,7,0
2024-01-30,West India,Beauty,7,4771.19,10,0
2024-01-31,West India,Beauty,3,3830.87,5,0
2024-02-01,West India,Beauty,3,2517.01,4,0
2024-02-02,West India,Beauty,2,1088.93,3,0
2024-02-03,West India,Beauty,7,6737.63,11,0
2024-02-04,West India,Beauty,5,6054.37,8,0
2024-02-05,West India,Beauty,1,1367.25,1,0
2024-02-06,West India,Beauty,6,4407.95,9,0
2024-02-07,West India,Beauty,4,4657.11,5,0
2024-02-08,West India,Beauty,2,1184.06,3,0
2024-02-09,West India,Beauty,4,2557.85,7,0
2024-02-10,West India,Beauty,4,5442.44,5,0
2024-02-11,West India,Beauty,4,3296.26,5,0
2024-02-12,West India,Beauty,7,6088.86,11,0
2024-02-13,West India,Beauty,2,1312.65,3,0
2024-02-14,West India,Beauty,8,5615.56,14,0
2024-02-15,West India,Beauty,3,2107.22,4,0
2024-02-16,West India,Beauty,2,2098.37,3,0
2024-02-17,West India,Beauty,7,8998.07,11,0
2024-02-18,West India,Beauty,1,952.87,1,0
2024-02-19,West India,Beauty,4,3563.89,6,0
2024-02-20,West India,Beauty,2,660.69,2,0
2024-02-21,West India,Beauty,5,5400.48,9,0
2024-02-22,West India,Beauty,7,9702.35,11,0
2024-02-23,West India,Beauty,3,4165.57,4,0
2024-02-24,West India,Beauty,4,4381.88,6,0
2024-02-25,West India,Beauty,6,8988.52,10,0
2024-02-26,West India,Beauty,4,2637.62,6,0
2024-02-27,West India,Beauty,1,887.55,1,0
2024-02-28,West India,Beauty,5,4091.58,9,0
2024-02-29,West India,Beauty,5,5516.58,7,0
2024-03-01,West India,Beauty,3,3704.52,4,0
2024-03-02,West India,Beauty,7,8521.83,10,0
2024-03-03,West India,Beauty,5,4853.26,7,0
2024-03-04,West India,Beauty,4,4361.1,6,0
2024-03-05,West India,Beauty,2,2699.52,3,0
2024-03-06,West India,Beauty,4,1564.93,6,0
2024-03-07,West India,Beauty,4,4357.31,6,0
2024-03-08,West India,Beauty,6,7493.33,9,0
2024-03-09,West India,Beauty,11,15464.87,15,0
2024-03-10,West India,Beauty,4,2368.14,6,0
2024-03-11,West India,Beauty,2,1520.35,3,0
2024-03-12,West India,Beauty,1,1109.64,1,0
2024-03-13,West India,Beauty,4,4023.04,7,0
2024-03-14,West India,Beauty,2,1735.37,3,0
2024-03-15,West India,Beauty,3,1954.98,5,0
2024-03-16,West India,Beauty,3,3541.75,5,0
2024-03-17,West India,Beauty,6,6808.76,9,0
2024-03-18,West India,Beauty,3,2282.4,5,0
2024-03-19,West India,Beauty,2,1437.77,3,0
2024-03-20,West India,Beauty,2,421.69,3,0
2024-03-21,West India,Beauty,7,4884.21,12,0
2024-03-22,West India,Beauty,9,5278.22,14,0
2024-03-23,West India,Beauty,6,9145.19,10,0
2024-03-24,West India,Beauty,3,4889.06,5,0
2024-03-25,West India,Beauty,3,2497.2,5,0
2024-03-26,West India,Beauty,3,2363.11,4,0
2024-03-27,West India,Beauty,1,553.8,1,0
2024-03-28,West India,Beauty,2,1504.32,3,0
2024-03-29,West India,Beauty,6,6238.91,10,0
2024-03-30,West India,Beauty,7,8546.64,9,0
2024-03-31,West India,Beauty,5,4853.55,7,0
2024-04-02,West India,Beauty,3,2969.01,4,0
2024-04-03,West India,Beauty,1,941.67,1,0
2024-04-04,West India,Beauty,1,502.35,1,0
2024-04-05,West India,Beauty,5,4549.98,9,0
2024-04-06,West India,Beauty,12,10087.74,18,0
2024-04-07,West India,Beauty,6,3168.77,9,0
2024-04-08,West India,Beauty,3,3006.09,5,0
2024-04-09,West India,Beauty,7,3896.28,12,0
2024-04-10,West India,Beauty,2,1717.48,3,0
2024-04-11,West India,Beauty,3,3282.47,5,0
2024-04-12,West India,Beauty,4,4152.95,6,0
2024-04-13,West India,Beauty,6,4224.53,8,0
2024-04-14,West India,Beauty,6,7882.02,8,0
2024-04-15,West India,Beauty,6,4570.05,9,0
2024-04-16,West India,Beauty,2,2749.53,3,0
2024-04-17,West India,Beauty,5,6785.25,7,0
2024-04-18,West India,Beauty,5,4289.67,8,0
2024-04-19,West India,Beauty,3,2562.34,5,0
2024-04-20,West India,Beauty,7,5216.49,10,0
2024-04-21,West India,Beauty,5,5275.94,7,0
2024-04-22,West India,Beauty,2,2313.88,3,0
2024-04-23,West India,Beauty,2,1436.54,3,0
2024-04-24,West India,Beauty,3,1742.57,4,0
2024-04-25,West India,Beauty,3,2248.25,5,0
2024-04-26,West India,Beauty,4,3435.02,6,0
2024-04-27,West India,Beauty,6,5103.9,10,0
2024-04-28,West India,Beauty,7,7126.2,12,0
2024-04-29,West India,Beauty,3,2121.44,4,0
2024-04-30,West India,Beauty,6,7434.02,8,0
2024-05-01,West India,Beauty,2,634.26,3,0
2024-05-02,West India,Beauty,2,1214.71,3,0
2024-05-03,West India,Beauty,2,1474.71,3,0
2024-05-04,West India,Beauty,9,5370.25,16,0
2024-05-05,West India,Beauty,5,7346.83,7,0
2024-05-06,West India,Beauty,2,1365.16,2,0
2024-05-07,West India,Beauty,8,8777.74,13,0
2024-05-08,West India,Beauty,10,8348.65,17,0
2024-05-09,West India,Beauty,3,3199.94,4,0
2024-05-10,West India,Beauty,5,4179.64,8,0
2024-05-11,West India,Beauty,8,9522.17,11,0
2024-05-12,West India,Beauty,8,3933.2,12,0
2024-05-13,West India,Beauty,4,3456.41,6,0
2024-05-14,West India,Beauty,2,1726.6,3,0
2024-05-15,West India,Beauty,6,7036.15,11,0
2024-05-16,West India,Beauty,5,5936.37,9,0
2024-05-17,West India,Beauty,4,4058.1,6,0
2024-05-18,West India,Beauty,9,12961.56,16,0
2024-05-19,West India,Beauty,8,6784.21,14,0
2024-05-20,West India,Beauty,4,5689.33,6,0
2024-05-21,West India,Beauty,8,8173.22,14,0
2024-05-22,West India,Beauty,2,2282.61,3,0
2024-05-23,West India,Beauty,2,2496.09,3,0
2024-05-24,West India,Beauty,3,2717.16,4,0
2024-05-25,West India,Beauty,6,7499.54,10,0
2024-05-26,West India,Beauty,11,10165.7,17,0
2024-05-27,West India,Beauty,3,2701.33,4,0
2024-05-28,West India,Beauty,2,1548.15,2,0
2024-05-29,West India,Beauty,1,1019.66,1,0
2024-05-30,West India,Beauty,3,2736.3,4,0
2024-05-31,West India,Beauty,4,4906.06,5,0
2024-06-01,West India,Beauty,2,1427.08,3,0
2024-06-02,West India,Beauty,9,5181.76,15,0
2024-06-03,West India,Beauty,4,3295.09,7,0
2024-06-04,West India,Beauty,4,3198.6,5,0
2024-06-05,West India,Beauty,3,3152.65,4,0
2024-06-06,West India,Beauty,3,3985.44,4,0
2024-06-07,West India,Beauty,1,1327.99,1,0
2024-06-08,West India,Beauty,8,6723.99,13,0
2024-06-09,West India,Beauty,4,3307.8,6,0
2024-06-10,West India,Beauty,6,8146.96,10,0
2024-06-11,West India,Beauty,3,3701.39,5,0
2024-06-12,West India,Beauty,6,4865.83,11,0
2024-06-13,West India,Beauty,4,3653.03,5,0
2024-06-14,West India,Beauty,2,2607.98,3,0
2024-06-15,West India,Beauty,3,3108.31,4,0
2024-06-16,West India,Beauty,10,12253.78,17,0
2024-06-17,West India,Beauty,5,3198.12,7,0
2024-06-18,West India,Beauty,5,5209.16,9,0
2024-06-19,West India,Beauty,6,5372.16,8,0
2024-06-20,West India,Beauty,4,3799.45,6,0
2024-06-21,West India,Beauty,5,5965.24,8,0
2024-06-22,West India,Beauty,6,5334.44,9,0
2024-06-23,West India,Beauty,10,9348.48,17,0
2024-06-24,West India,Beauty,4,3359.86,6,0
2024-06-25,West India,Beauty,3,3213.13,5,0
2024-06-26,West India,Beauty,2,2016.06,3,0
2024-06-27,West India,Beauty,2,2319.44,2,0
2024-06-28,West India,Beauty,12,8639.95,21,0
2024-06-29,West India,Beauty,14,9227.44,20,0
2024-06-30,West India,Beauty,12,10874.49,21,0
2024-07-01,West India,Beauty,2,1250.31,3,0
2024-07-02,West India,Beauty,5,4590.22,8,0
2024-07-03,West India,Beauty,7,7359.97,10,0
2024-07-04,West India,Beauty,2,1713.03,3,0
2024-07-05,West India,Beauty,6,6326.75,9,0
2024-07-06,West India,Beauty,10,5780.96,18,0
2024-07-07,West India,Beauty,6,7272.03,8,0
2024-07-08,West India,Beauty,2,1790.66,3,0
2024-07-09,West India,Beauty,3,2324.81,5,0
2024-07-10,West India,Beauty,6,6240.26,8,0
2024-07-11,West India,Beauty,3,3347.27,4,0
2024-07-12,West India,Beauty,2,1779.23,3,0
2024-07-13,West India,Beauty,6,3569.12,10,0
2024-07-14,West India,Beauty,7,3032.82,13,0
2024-07-15,West India,Beauty,2,2742.54,3,0
2024-07-16,West India,Beauty,2,1509.81,3,0
2024-07-17,West India,Beauty,4,2978.82,7,0
2024-07-18,West India,Beauty,3,3089.88,4,0
2024-07-19,West India,Beauty,4,4183.93,6,0
2024-07-20,West India,Beauty,4,2514.8,7,0
2024-07-21,West India,Beauty,4,3471.6,7,0
2024-07-22,West India,Beauty,1,1098.04,1,0
2024-07-23,West India,Beauty,5,5174.45,7,0
2024-07-24,West India,Beauty,8,12442.48,13,0
2024-07-25,West India,Beauty,4,4486.71,6,0
2024-07-26,West India,Beauty,2,1731.34,3,0
2024-07-27,West India,Beauty,7,5560.27,12,0
2024-07-28,West India,Beauty,11,8958.76,16,0
2024-07-29,West India,Beauty,3,3305.04,5,0
2024-07-30,West India,Beauty,8,5479.13,15,0
2024-07-31,West India,Beauty,2,3714.71,3,0
2024-08-01,West India,Beauty,3,2990.37,4,0
2024-08-02,West India,Beauty,1,956.14,1,0
2024-08-03,West India,Beauty,11,10205.73,16,0
2024-08-04,West India,Beauty,4,2831.87,6,0
2024-08-05,West India,Beauty,1,1453.32,1,0
2024-08-06,West India,Beauty,5,3640.87,9,0
2024-08-07,West India,Beauty,2,2267.99,3,0
2024-08-08,West India,Beauty,5,4542.71,7,0
2024-08-09,West India,Beauty,4,2697.36,5,0
2024-08-10,West India,Beauty,3,3814.94,4,0
2024-08-11,West India,Beauty,5,2998.99,8,0
2024-08-12,West India,Beauty,3,2316.06,4,0
2024-08-13,West India,Beauty,5,5451.42,7,0
2024-08-14,West India,Beauty,6,7679.25,8,0
2024-08-15,West India,Beauty,6,7944.1,8,0
2024-08-16,West India,Beauty,1,895.48,1,0
2024-08-17,West India,Beauty,7,5397.36,11,0
2024-08-18,West India,Beauty,6,4632.25,11,0
2024-08-19,West India,Beauty,2,1108.92,2,0
2024-08-20,West India,Beauty,2,1043.43,3,0
2024-08-21,West India,Beauty,8,8406.59,13,0
2024-08-22,West India,Beauty,2,1281.31,3,0
2024-08-23,West India,Beauty,4,2445.42,7,0
2024-08-24,West India,Beauty,3,3262.65,5,0
2024-08-25,West India,Beauty,10,8619.66,14,0
2024-08-26,West India,Beauty,6,3705.15,9,0
2024-08-27,West India,Beauty,6,5144.06,11,0
2024-08-28,West India,Beauty,6,3826.37,11,0
2024-08-29,West India,Beauty,9,9492.85,16,0
2024-08-30,West India,Beauty,11,8728.01,18,0
2024-08-31,West India,Beauty,14,15629.53,21,0
2024-09-01,West India,Beauty,6,4371.81,9,0
2024-09-02,West India,Beauty,5,3744.35,7,0
2024-09-03,West India,Beauty,5,4094.97,8,0
2024-09-04,West India,Beauty,2,2873.51,3,0
2024-09-05,West India,Beauty,5,3008.09,7,0
2024-09-06,West India,Beauty,6,3538.01,10,0
2024-09-07,West India,Beauty,9,11362.13,15,0
2024-09-08,West India,Beauty,4,6064.47,6,0
2024-09-09,West India,Beauty,1,1149.63,1,0
2024-09-10,West India,Beauty,3,3316.64,4,0
2024-09-11,West India,Beauty,2,2051.09,3,0
2024-09-12,West India,Beauty,4,3189.0,7,0
2024-09-13,West India,Beauty,1,1007.27,1,0
2024-09-14,West India,Beauty,5,4325.52,8,0
2024-09-15,West India,Beauty,6,3524.46,8,0
2024-09-16,West India,Beauty,1,631.38,1,0
2024-09-17,West India,Beauty,3,4233.52,5,0
2024-09-19,West India,Beauty,4,2318.81,7,0
2024-09-20,West India,Beauty,3,3359.92,4,0
2024-09-21,West India,Beauty,8,7819.07,11,0
2024-09-22,West India,Beauty,9,10240.01,16,0
2024-09-23,West India,Beauty,2,2114.92,3,0
2024-09-24,West India,Beauty,3,4039.34,5,0
2024-09-25,West India,Beauty,6,5669.35,9,0
2024-09-26,West India,Beauty,9,7218.34,16,0
2024-09-27,West India,Beauty,5,7026.03,8,0
2024-09-28,West India,Beauty,2,1358.5,3,0
2024-09-29,West India,Beauty,5,3224.04,8,0
2024-09-30,West India,Beauty,4,3339.49,6,0
2024-10-01,West India,Beauty,7,8815.62,12,0
2024-10-02,West India,Beauty,1,582.83,1,0
2024-10-03,West India,Beauty,6,8083.11,10,0
2024-10-04,West India,Beauty,4,4396.37,5,0
2024-10-05,West India,Beauty,2,1236.91,3,0
2024-10-07,West India,Beauty,6,4381.47,11,0
2024-10-08,West India,Beauty,6,5287.88,10,0
2024-10-09,West India,Beauty,3,3798.61,5,0
2024-10-10,West India,Beauty,8,4353.54,11,0
2024-10-11,West India,Beauty,7,8150.27,10,0
2024-10-12,West India,Beauty,10,7124.43,15,0
2024-10-13,West India,Beauty,10,6305.05,16,0
2024-10-14,West India,Beauty,6,6550.21,10,0
2024-10-15,West India,Beauty,7,9397.72,9,0
2024-10-16,West India,Beauty,6,5356.15,10,0
2024-10-17,West India,Beauty,5,2052.05,8,0
2024-10-18,West India,Beauty,4,4158.95,7,0
2024-10-19,West India,Beauty,5,5469.41,9,0
2024-10-20,West India,Beauty,15,14742.87,24,1
2024-10-21,West India,Beauty,8,10233.13,12,0
2024-10-22,West India,Beauty,9,9042.97,14,0
2024-10-23,West India,Beauty,9,11647.09,14,0
2024-10-24,West India,Beauty,5,5964.38,8,0
2024-10-25,West India,Beauty,7,8588.01,10,0
2024-10-26,West India,Beauty,11,9431.85,20,0
2024-10-27,West India,Beauty,6,2917.93,11,0
2024-10-28,West India,Beauty,9,5195.41,16,0
2024-10-29,West India,Beauty,16,21185.92,27,1
2024-10-30,West India,Beauty,11,13481.51,17,0
2024-10-31,West India,Beauty,10,7033.05,15,0
2024-11-01,West India,Beauty,4,4190.76,6,0
2024-11-02,West India,Beauty,10,7658.58,15,0
2024-11-03,West India,Beauty,11,7884.46,18,0
2024-11-04,West India,Beauty,6,3517.51,9,0
2024-11-05,West India,Beauty,2,2111.93,2,0
2024-11-06,West India,Beauty,8,7813.16,13,0
2024-11-07,West India,Beauty,5,5277.98,7,0
2024-11-08,West India,Beauty,2,2225.88,3,0
2024-11-09,West India,Beauty,8,11105.0,14,0
2024-11-10,West India,Beauty,9,13754.27,16,0
2024-11-11,West India,Beauty,6,6327.79,9,0
2024-11-12,West India,Beauty,8,4633.17,13,0
2024-11-13,West India,Beauty,4,4420.61,6,0
2024-11-14,West India,Beauty,6,2666.47,11,0
2024-11-15,West India,Beauty,4,4707.16,5,0
2024-11-16,West India,Beauty,10,11043.64,17,0
2024-11-17,West India,Beauty,11,11739.66,18,0
2024-11-18,West India,Beauty,4,1978.6,6,0
2024-11-19,West India,Beauty,5,5906.92,8,0
2024-11-20,West India,Beauty,4,1681.0,7,0
2024-11-21,West India,Beauty,4,4093.12,6,0
2024-11-22,West India,Beauty,8,7186.39,14,0
2024-11-23,West India,Beauty,15,12690.59,27,0
2024-11-24,West India,Beauty,10,9806.38,15,0
2024-11-25,West India,Beauty,4,4300.42,7,0
2024-11-26,West India,Beauty,2,1291.43,2,0
2024-11-27,West India,Beauty,8,6738.35,12,0
2024-11-28,West India,Beauty,7,7040.7,10,0
2024-11-29,West India,Beauty,9,12523.81,13,0
2024-11-30,West India,Beauty,12,15460.72,21,0
2024-12-01,West India,Beauty,4,3567.19,5,0
2024-12-02,West India,Beauty,2,1771.89,2,0
2024-12-03,West India,Beauty,5,5388.84,7,0
2024-12-04,West India,Beauty,3,2012.25,4,0
2024-12-05,West India,Beauty,2,1659.58,3,0
2024-12-06,West India,Beauty,4,4895.9,5,0
2024-12-07,West India,Beauty,4,3373.54,7,0
2024-12-08,West India,Beauty,7,6833.85,12,0
2024-12-09,West India,Beauty,3,2899.81,4,0
2024-12-10,West India,Beauty,4,6311.71,6,0
2024-12-11,West India,Beauty,4,2617.02,6,0
2024-12-12,West India,Beauty,4,5661.18,6,0
2024-12-13,West India,Beauty,2,1415.18,3,0
2024-12-14,West India,Beauty,6,4474.83,9,0
2024-12-15,West India,Beauty,7,6338.71,11,0
2024-12-16,West India,Beauty,1,439.04,1,0
2024-12-17,West India,Beauty,5,6135.8,8,0
2024-12-18,West India,Beauty,6,5989.58,10,0
2024-12-19,West India,Beauty,4,3288.19,6,0
2024-12-20,West India,Beauty,5,4949.44,7,0
2024-12-21,West India,Beauty,9,7772.11,13,0
2024-12-22,West India,Beauty,3,3481.68,4,0
2024-12-23,West India,Beauty,4,1681.93,6,0
2024-12-24,West India,Beauty,5,5114.09,8,0
2024-12-25,West India,Beauty,7,5332.16,11,0
2024-12-26,West India,Beauty,4,2006.77,6,0
2024-12-27,West India,Beauty,5,3022.48,7,0
2024-12-28,West India,Beauty,7,6312.36,11,0
2024-12-29,West India,Beauty,10,11757.65,15,0
2024-12-30,West India,Beauty,6,7493.93,10,0
2024-12-31,West India,Beauty,5,4996.11,8,0
2025-01-01,West India,Beauty,1,1036.09,1,0
2025-01-02,West India,Beauty,3,3249.3,5,0
2025-01-03,West India,Beauty,7,8909.62,13,0
2025-01-04,West India,Beauty,9,4287.27,15,0
2025-01-05,West India,Beauty,4,3067.46,7,0
2025-01-06,West India,Beauty,3,4727.52,5,0
2025-01-07,West India,Beauty,2,1576.96,3,0
2025-01-08,West India,Beauty,4,4820.37,7,0
2025-01-09,West India,Beauty,5,5775.35,7,0
2025-01-10,West India,Beauty,7,6459.61,13,0
2025-01-11,West India,Beauty,6,2264.55,9,0
2025-01-12,West India,Beauty,6,5532.48,8,0
2025-01-13,West India,Beauty,5,6674.66,8,0
2025-01-14,West India,Beauty,4,4403.14,5,0
2025-01-15,West India,Beauty,3,2152.3,5,0
2025-01-16,West India,Beauty,4,5181.9,7,0
2025-01-17,West India,Beauty,1,828.19,1,0
2025-01-18,West India,Beauty,8,5506.93,11,0
2025-01-19,West India,Beauty,9,12092.33,16,0
2025-01-20,West India,Beauty,2,2037.81,3,0
2025-01-21,West India,Beauty,4,4413.65,7,0
2025-01-22,West India,Beauty,4,3750.97,7,0
2025-01-23,West India,Beauty,6,6334.02,9,0
2025-01-24,West India,Beauty,6,8576.26,10,0
2025-01-25,West India,Beauty,6,4900.85,10,0
2025-01-26,West India,Beauty,4,3871.95,6,0
2025-01-27,West India,Beauty,5,8464.29,8,0
2025-01-28,West India,Beauty,1,990.69,1,0
2025-01-29,West India,Beauty,6,3836.27,10,0
2025-01-30,West India,Beauty,4,4655.93,6,0
2025-01-31,West India,Beauty,12,13640.41,21,0
2025-02-01,West India,Beauty,5,5480.65,7,0
2025-02-02,West India,Beauty,9,7771.47,14,0
2025-02-03,West India,Beauty,5,3161.92,7,0
2025-02-04,West India,Beauty,5,4847.04,7,0
2025-02-05,West India,Beauty,5,3560.72,8,0
2025-02-06,West India,Beauty,3,3766.25,5,0
2025-02-07,West India,Beauty,4,3727.56,5,0
2025-02-08,West India,Beauty,5,6814.47,7,0
2025-02-09,West India,Beauty,6,6121.59,10,0
2025-02-10,West India,Beauty,6,5827.57,10,0
2025-02-11,West India,Beauty,3,2417.87,4,0
2025-02-12,West India,Beauty,4,3066.11,5,0
2025-02-13,West India,Beauty,3,1738.11,5,0
2025-02-14,West India,Beauty,3,3909.22,5,0
2025-02-15,West India,Beauty,9,4227.56,13,0
2025-02-16,West India,Beauty,11,11212.13,16,0
2025-02-17,West India,Beauty,2,2236.42,3,0
2025-02-18,West India,Beauty,2,2054.47,2,0
2025-02-19,West India,Beauty,8,9857.75,13,0
2025-02-20,West India,Beauty,3,3026.3,5,0
2025-02-21,West India,Beauty,3,3589.1,4,0
2025-02-22,West India,Beauty,5,4068.04,8,0
2025-02-23,West India,Beauty,6,6268.44,10,0
2025-02-24,West India,Beauty,2,3104.94,3,0
2025-02-25,West India,Beauty,1,922.03,1,0
2025-02-26,West India,Beauty,1,901.06,1,0
2025-02-27,West India,Beauty,5,5282.63,8,0
2025-02-28,West India,Beauty,4,4582.89,6,0
2025-03-01,West India,Beauty,7,4772.02,10,0
2025-03-02,West India,Beauty,10,16832.6,18,0
2025-03-03,West India,Beauty,4,2653.47,5,0
2025-03-04,West India,Beauty,3,2367.84,4,0
2025-03-05,West India,Beauty,1,1029.49,1,0
2025-03-06,West India,Beauty,4,3873.67,6,0
2025-03-07,West India,Beauty,4,2353.58,6,0
2025-03-08,West India,Beauty,4,3545.53,6,0
2025-03-09,West India,Beauty,5,1658.67,8,0
2025-03-10,West India,Beauty,2,1207.21,3,0
2025-03-11,West India,Beauty,4,2796.18,6,0
2025-03-12,West India,Beauty,6,5162.29,8,0
2025-03-13,West India,Beauty,6,4988.85,11,0
2025-03-14,West India,Beauty,2,2171.66,2,0
2025-03-15,West India,Beauty,8,8159.83,12,0
2025-03-16,West India,Beauty,11,11303.82,17,0
2025-03-17,West India,Beauty,5,7477.77,9,0
2025-03-18,West India,Beauty,4,5100.46,6,0
2025-03-19,West India,Beauty,3,1549.21,5,0
2025-03-20,West India,Beauty,3,4151.81,5,0
2025-03-21,West India,Beauty,4,3027.96,5,0
2025-03-22,West India,Beauty,6,5847.51,8,0
2025-03-23,West India,Beauty,15,16800.0,21,1
2025-03-24,West India,Beauty,4,3234.74,6,0
2025-03-25,West India,Beauty,6,5169.86,9,0
2025-03-26,West India,Beauty,6,5891.74,10,0
2025-03-27,West India,Beauty,4,3194.15,6,0
2025-03-28,West India,Beauty,8,7005.93,11,0
2025-03-29,West India,Beauty,4,6721.5,6,0
2025-03-30,West India,Beauty,11,7559.09,19,0
2025-03-31,West India,Beauty,7,7068.64,12,0
2025-04-01,West India,Beauty,6,5772.65,9,0
2025-04-02,West India,Beauty,5,3131.69,8,0
2025-04-03,West India,Beauty,2,2729.73,3,0
2025-04-04,West India,Beauty,3,1844.48,5,0
2025-04-05,West India,Beauty,6,7542.7,10,0
2025-04-06,West India,Beauty,8,9982.73,13,0
2025-04-07,West India,Beauty,5,5975.55,9,0
2025-04-08,West India,Beauty,4,2744.32,7,0
2025-04-09,West India,Beauty,8,7918.17,11,0
2025-04-10,West India,Beauty,6,4556.73,9,0
2025-04-11,West India,Beauty,1,1227.24,1,0
2025-04-12,West India,Beauty,11,11000.74,19,0
2025-04-13,West India,Beauty,3,3805.4,5,0
2025-04-14,West India,Beauty,3,2291.8,4,0
2025-04-15,West India,Beauty,4,4412.32,6,0
2025-04-16,West India,Beauty,2,1535.52,2,0
2025-04-17,West India,Beauty,7,10966.97,13,0
2025-04-18,West India,Beauty,6,7634.97,9,0
2025-04-19,West India,Beauty,4,5283.76,6,0
2025-04-20,West India,Beauty,13,6659.42,20,0
2025-04-21,West India,Beauty,5,2928.62,8,0
2025-04-22,West India,Beauty,5,6178.62,8,0
2025-04-23,West India,Beauty,7,4065.88,11,0
2025-04-24,West India,Beauty,4,4541.24,6,0
2025-04-25,West India,Beauty,5,5383.53,8,0
2025-04-26,West India,Beauty,8,11805.37,14,0
2025-04-27,West India,Beauty,1,929.53,1,0
2025-04-28,West India,Beauty,6,5005.03,10,0
2025-04-29,West India,Beauty,10,7331.48,14,0
2025-04-30,West India,Beauty,7,10223.46,11,0
2025-05-01,West India,Beauty,3,3169.84,4,0
2025-05-02,West India,Beauty,1,1006.93,1,0
2025-05-03,West India,Beauty,6,4776.08,9,0
2025-05-04,West India,Beauty,2,2416.81,3,0
2025-05-05,West India,Beauty,2,2110.11,2,0
2025-05-06,West India,Beauty,6,7219.32,10,0
2025-05-07,West India,Beauty,5,8626.75,7,0
2025-05-08,West India,Beauty,8,6220.72,13,0
2025-05-09,West India,Beauty,4,3453.43,7,0
2025-05-10,West India,Beauty,11,15747.48,18,1
2025-05-11,West India,Beauty,7,8488.92,11,0
2025-05-12,West India,Beauty,4,4450.96,5,0
2025-05-13,West India,Beauty,4,3668.08,6,0
2025-05-14,West India,Beauty,6,5820.65,9,0
2025-05-15,West India,Beauty,5,3469.83,8,0
2025-05-16,West India,Beauty,5,9044.38,7,0
2025-05-17,West India,Beauty,6,9522.78,10,0
2025-05-18,West India,Beauty,4,4353.87,7,0
2025-05-19,West India,Beauty,7,8892.27,11,0
2025-05-20,West India,Beauty,6,5640.41,8,0
2025-05-21,West India,Beauty,3,1845.5,5,0
2025-05-22,West India,Beauty,3,2664.56,4,0
2025-05-23,West India,Beauty,3,3493.99,5,0
2025-05-24,West India,Beauty,5,2695.26,8,0
2025-05-25,West India,Beauty,7,4716.61,11,0
2025-05-26,West India,Beauty,3,3106.65,4,0
2025-05-27,West India,Beauty,5,4469.83,8,0
2025-05-28,West India,Beauty,10,8101.7,14,0
2025-05-29,West India,Beauty,8,1598.6,13,0
2025-05-30,West India,Beauty,6,6499.92,11,0
2025-05-31,West India,Beauty,9,7771.43,14,0
2025-06-01,West India,Beauty,3,3074.54,4,0
2025-06-02,West India,Beauty,4,3116.85,5,0
2025-06-03,West India,Beauty,4,2185.6,6,0
2025-06-04,West India,Beauty,4,3927.07,6,0
2025-06-05,West India,Beauty,8,7418.99,13,0
2025-06-06,West India,Beauty,3,2345.11,4,0
2025-06-07,West India,Beauty,6,5772.4,8,0
2025-06-08,West India,Beauty,5,5875.45,7,0
2025-06-09,West India,Beauty,8,7830.6,13,0
2025-06-10,West India,Beauty,3,3261.15,4,0
2025-06-11,West India,Beauty,4,3397.74,6,0
2025-06-12,West India,Beauty,3,2693.83,4,0
2025-06-13,West India,Beauty,2,1645.53,3,0
2025-06-14,West India,Beauty,11,11217.35,18,0
2025-06-15,West India,Beauty,6,2812.32,10,0
2025-06-16,West India,Beauty,1,600.16,1,0
2025-06-17,West India,Beauty,3,2491.71,5,0
2025-06-18,West India,Beauty,7,5007.51,11,0
2025-06-19,West India,Beauty,2,2577.39,3,0
2025-06-20,West India,Beauty,8,16196.89,14,0
2025-06-21,West India,Beauty,8,5562.2,13,0
2025-06-22,West India,Beauty,10,10496.11,18,0
2025-06-23,West India,Beauty,2,2688.48,3,0
2025-06-24,West India,Beauty,5,3615.09,9,0
2025-06-26,West India,Beauty,3,5636.7,4,0
2025-06-27,West India,Beauty,2,1739.53,2,0
2025-06-28,West India,Beauty,9,8033.06,13,0
2025-06-29,West India,Beauty,7,8518.73,10,0
2025-06-30,West India,Beauty,4,4276.72,6,0
2025-07-01,West India,Beauty,7,5125.9,10,0
2025-07-02,West India,Beauty,6,7236.26,8,0
2025-07-03,West India,Beauty,3,2861.28,5,0
2025-07-04,West India,Beauty,3,3832.11,5,0
2025-07-05,West India,Beauty,5,5383.3,7,0
2025-07-06,West India,Beauty,4,5218.26,6,0
2025-07-07,West India,Beauty,5,3189.12,8,0
2025-07-08,West India,Beauty,5,4704.31,7,0
2025-07-09,West India,Beauty,4,4501.08,6,0
2025-07-10,West India,Beauty,2,1055.16,3,0
2025-07-11,West India,Beauty,2,1408.29,3,0
2025-07-12,West India,Beauty,6,7179.21,8,0
2025-07-13,West India,Beauty,11,11968.6,20,0
2025-07-14,West India,Beauty,2,1726.29,3,0
2025-07-15,West India,Beauty,2,1745.55,2,0
2025-07-16,West India,Beauty,3,781.8,4,0
2025-07-17,West India,Beauty,5,6411.71,8,0
2025-07-18,West India,Beauty,6,8381.81,8,0
2025-07-19,West India,Beauty,8,6309.69,14,0
2025-07-20,West India,Beauty,7,2553.3,12,0
2025-07-21,West India,Beauty,7,6681.25,10,0
2025-07-22,West India,Beauty,8,7974.35,15,0
2025-07-23,West India,Beauty,4,3764.97,7,0
2025-07-24,West India,Beauty,4,5398.89,6,0
2025-07-25,West India,Beauty,4,5011.84,6,0
2025-07-26,West India,Beauty,6,6714.55,10,0
2025-07-27,West India,Beauty,3,3540.38,4,0
2025-07-28,West India,Beauty,11,10559.98,19,0
2025-07-29,West India,Beauty,6,5229.37,9,0
2025-07-30,West India,Beauty,5,3811.43,8,0
2025-07-31,West India,Beauty,5,2549.76,9,0
2025-08-01,West India,Beauty,2,1767.74,3,0
2025-08-02,West India,Beauty,5,3760.56,8,0
2025-08-03,West India,Beauty,9,6980.02,16,0
2025-08-05,West India,Beauty,4,4128.62,6,0
2025-08-06,West India,Beauty,6,6863.33,10,0
2025-08-07,West India,Beauty,5,3820.73,8,0
2025-08-08,West India,Beauty,3,3657.46,5,0
2025-08-09,West India,Beauty,7,5711.43,10,0
2025-08-10,West India,Beauty,7,6617.99,12,0
2025-08-11,West India,Beauty,6,4404.97,10,0
2025-08-12,West India,Beauty,3,2563.69,4,0
2025-08-13,West India,Beauty,3,3504.41,4,0
2025-08-14,West India,Beauty,8,11212.56,12,0
2025-08-15,West India,Beauty,5,4105.9,7,0
2025-08-16,West India,Beauty,5,6821.94,7,0
2025-08-17,West India,Beauty,11,2125.51,17,0
2025-08-18,West India,Beauty,4,4118.15,7,0
2025-08-19,West India,Beauty,2,1553.19,2,0
2025-08-20,West India,Beauty,4,3548.13,5,0
2025-08-21,West India,Beauty,8,8657.87,14,0
2025-08-22,West India,Beauty,6,3101.82,9,0
2025-08-23,West India,Beauty,8,3781.0,14,0
2025-08-24,West India,Beauty,8,6553.7,13,0
2025-08-25,West India,Beauty,5,2660.5,7,0
2025-08-26,West India,Beauty,7,3448.77,10,0
2025-08-27,West India,Beauty,5,7877.14,8,0
2025-08-28,West India,Beauty,6,5398.54,10,0
2025-08-29,West India,Beauty,9,10467.68,13,0
2025-08-30,West India,Beauty,9,6198.45,14,0
2025-08-31,West India,Beauty,7,7153.8,11,0
2025-09-01,West India,Beauty,7,7047.22,10,0
2025-09-02,West India,Beauty,4,6749.4,7,0
2025-09-03,West India,Beauty,6,4580.57,9,0
2025-09-04,West India,Beauty,1,930.9,1,0
2025-09-05,West India,Beauty,3,3252.35,4,0
2025-09-06,West India,Beauty,5,3741.79,9,0
2025-09-07,West India,Beauty,8,6167.63,11,0
2025-09-08,West India,Beauty,8,8358.17,13,0
2025-09-09,West India,Beauty,7,5750.18,12,0
2025-09-10,West India,Beauty,3,2873.16,4,0
2025-09-11,West India,Beauty,8,6080.56,13,0
2025-09-12,West India,Beauty,5,4559.83,8,0
2025-09-13,West India,Beauty,3,2701.07,4,0
2025-09-14,West India,Beauty,5,5100.38,8,0
2025-09-15,West India,Beauty,3,4194.89,4,0
2025-09-16,West India,Beauty,2,1784.44,3,0
2025-09-17,West India,Beauty,3,2405.7,4,0
2025-09-18,West India,Beauty,7,6263.07,10,0
2025-09-19,West India,Beauty,7,10405.57,11,0
2025-09-20,West India,Beauty,8,11188.37,15,0
2025-09-21,West India,Beauty,10,8735.84,17,0
2025-09-22,West India,Beauty,6,4678.19,10,0
2025-09-23,West India,Beauty,4,4720.23,6,0
2025-09-24,West India,Beauty,4,2783.26,5,0
2025-09-25,West India,Beauty,6,4317.84,9,0
2025-09-26,West India,Beauty,6,9269.41,9,0
2025-09-27,West India,Beauty,8,7126.28,13,0
2025-09-28,West India,Beauty,13,6510.78,19,0
2025-09-29,West India,Beauty,6,6726.28,8,0
2025-09-30,West India,Beauty,4,4844.21,5,0
2025-10-01,West India,Beauty,6,7248.94,10,0
2025-10-02,West India,Beauty,3,2986.93,4,0
2025-10-03,West India,Beauty,7,9105.64,10,0
2025-10-04,West India,Beauty,12,15296.95,20,0
2025-10-05,West India,Beauty,8,4118.44,12,0
2025-10-06,West India,Beauty,17,15482.74,28,1
2025-10-07,West India,Beauty,7,6754.86,11,0
2025-10-08,West India,Beauty,4,3198.32,6,0
2025-10-09,West India,Beauty,2,1619.01,3,0
2025-10-10,West India,Beauty,10,9191.67,14,0
2025-10-11,West India,Beauty,11,10327.58,19,1
2025-10-12,West India,Beauty,19,17256.24,34,1
2025-10-13,West India,Beauty,10,10853.75,17,0
2025-10-14,West India,Beauty,10,13938.87,14,0
2025-10-15,West India,Beauty,5,5519.36,7,0
2025-10-16,West India,Beauty,5,5209.75,7,0
2025-10-17,West India,Beauty,7,7236.49,13,0
2025-10-18,West India,Beauty,13,11120.74,21,0
2025-10-19,West India,Beauty,12,7735.5,18,1
2025-10-20,West India,Beauty,9,8156.6,15,0
2025-10-21,West India,Beauty,7,5508.77,12,0
2025-10-22,West India,Beauty,6,8478.98,9,0
2025-10-23,West India,Beauty,9,6456.67,16,0
2025-10-24,West India,Beauty,7,7944.45,10,0
2025-10-25,West India,Beauty,10,9776.06,18,0
2025-10-26,West India,Beauty,9,8402.57,15,0
2025-10-27,West India,Beauty,15,21290.34,26,1
2025-10-28,West India,Beauty,4,2954.77,5,0
2025-10-29,West India,Beauty,13,16383.25,18,0
2025-10-30,West India,Beauty,8,6356.6,14,0
2025-10-31,West India,Beauty,7,6846.66,12,0
2025-11-01,West India,Beauty,10,8732.83,14,0
2025-11-02,West India,Beauty,10,8700.78,17,0
2025-11-03,West India,Beauty,8,8298.4,14,0
2025-11-04,West India,Beauty,5,2152.17,9,0
2025-11-05,West India,Beauty,7,8010.13,10,0
2025-11-06,West India,Beauty,6,6020.11,9,0
2025-11-07,West India,Beauty,5,4429.62,8,0
2025-11-08,West India,Beauty,9,7784.87,15,0
2025-11-09,West India,Beauty,11,9763.04,16,0
2025-11-10,West India,Beauty,11,12268.54,20,0
2025-11-11,West India,Beauty,3,3716.66,4,0
2025-11-12,West India,Beauty,4,4132.37,6,0
2025-11-13,West India,Beauty,7,7504.02,12,0
2025-11-14,West India,Beauty,10,10403.52,17,0
2025-11-15,West India,Beauty,9,8634.57,16,0
2025-11-16,West India,Beauty,9,8396.43,13,0
2025-11-17,West India,Beauty,9,14919.35,12,0
2025-11-18,West India,Beauty,12,15858.03,20,0
2025-11-19,West India,Beauty,4,4923.21,6,0
2025-11-20,West India,Beauty,8,6147.22,12,0
2025-11-21,West India,Beauty,9,4625.51,15,0
2025-11-22,West India,Beauty,14,20589.5,23,0
2025-11-23,West India,Beauty,9,9043.38,16,0
2025-11-24,West India,Beauty,16,12573.8,25,1
2025-11-25,West India,Beauty,9,6492.97,13,0
2025-11-26,West India,Beauty,7,6285.97,11,0
2025-11-27,West India,Beauty,7,6797.73,10,0
2025-11-28,West India,Beauty,10,2644.55,14,0
2025-11-29,West India,Beauty,22,25395.98,33,0
2025-11-30,West India,Beauty,20,18591.42,28,1
2025-12-01,West India,Beauty,3,2544.9,4,0
2025-12-02,West India,Beauty,4,3955.42,6,0
2025-12-03,West India,Beauty,2,1833.19,3,0
2025-12-04,West India,Beauty,1,1106.62,1,0
2025-12-05,West India,Beauty,4,5799.56,6,0
2025-12-06,West India,Beauty,2,1500.27,2,0
2025-12-07,West India,Beauty,6,5745.29,9,0
2025-12-08,West India,Beauty,4,3759.11,5,0
2025-12-09,West India,Beauty,1,908.38,1,0
2025-12-10,West India,Beauty,9,7446.43,12,0
2025-12-11,West India,Beauty,7,6098.99,12,0
2025-12-12,West India,Beauty,5,1900.18,7,0
2025-12-13,West India,Beauty,8,10719.12,13,0
2025-12-14,West India,Beauty,2,403.32,2,0
2025-12-15,West India,Beauty,6,8681.21,10,0
2025-12-16,West India,Beauty,4,2994.76,5,0
2025-12-17,West India,Beauty,6,7727.22,8,0
2025-12-18,West India,Beauty,4,3235.83,5,0
2025-12-19,West India,Beauty,4,3268.95,5,0
2025-12-20,West India,Beauty,7,4639.46,11,0
2025-12-21,West India,Beauty,7,7256.52,11,0
2025-12-22,West India,Beauty,2,1796.33,3,0
2025-12-23,West India,Beauty,6,7974.25,8,0
2025-12-24,West India,Beauty,6,4488.25,9,0
2025-12-25,West India,Beauty,2,1876.16,3,0
2025-12-26,West India,Beauty,4,3259.68,5,0
2025-12-27,West India,Beauty,9,8847.16,15,0
2025-12-28,West India,Beauty,12,13903.88,19,0
2025-12-29,West India,Beauty,4,2622.57,6,0
2025-12-30,West India,Beauty,7,5280.45,12,0
2025-12-31,West India,Beauty,5,4454.84,7,0
2024-01-01,West India,Sports,5,8668.45,7,0
2024-01-02,West India,Sports,6,9042.79,11,0
2024-01-03,West India,Sports,3,5764.14,5,0
2024-01-04,West India,Sports,5,7511.04,8,0
2024-01-05,West India,Sports,5,8058.01,9,0
2024-01-06,West India,Sports,4,6542.1,6,0
2024-01-07,West India,Sports,9,16476.69,15,0
2024-01-08,West India,Sports,3,4816.85,4,0
2024-01-09,West India,Sports,1,1748.71,1,0
2024-01-11,West India,Sports,1,1470.27,1,0
2024-01-12,West India,Sports,4,5664.39,6,0
2024-01-13,West India,Sports,2,2591.38,3,0
2024-01-14,West India,Sports,6,9203.79,10,0
2024-01-15,West India,Sports,4,4708.46,5,0
2024-01-16,West India,Sports,4,8752.98,7,0
2024-01-17,West India,Sports,6,11277.77,9,0
2024-01-18,West India,Sports,1,1653.21,1,0
2024-01-19,West India,Sports,4,6416.54,6,0
2024-01-20,West India,Sports,4,7046.44,6,0
2024-01-21,West India,Sports,6,13048.66,11,0
2024-01-23,West India,Sports,2,2959.32,3,0
2024-01-24,West India,Sports,3,4825.44,4,0
2024-01-25,West India,Sports,2,3552.02,2,0
2024-01-26,West India,Sports,1,2304.42,1,0
2024-01-27,West India,Sports,4,6604.16,6,0
2024-01-28,West India,Sports,7,12614.22,11,0
2024-01-29,West India,Sports,4,5425.27,6,0
2024-01-30,West India,Sports,5,9241.68,8,0
2024-01-31,West India,Sports,5,9379.19,7,0
2024-02-01,West India,Sports,6,12637.65,10,0
2024-02-02,West India,Sports,2,2211.71,3,0
2024-02-03,West India,Sports,4,5080.31,5,0
2024-02-04,West India,Sports,3,3426.99,4,0
2024-02-05,West India,Sports,2,3264.11,3,0
2024-02-06,West India,Sports,3,2843.12,5,0
2024-02-07,West India,Sports,2,3437.54,3,0
2024-02-08,West India,Sports,1,1086.94,1,0
2024-02-09,West India,Sports,5,9862.75,7,0
2024-02-10,West India,Sports,2,3350.19,3,0
2024-02-11,West India,Sports,4,3756.06,7,0
2024-02-12,West India,Sports,3,3898.19,5,0
2024-02-13,West India,Sports,2,5072.57,2,0
2024-02-14,West India,Sports,4,6573.79,7,0
2024-02-15,West India,Sports,3,6723.68,5,0
2024-02-16,West India,Sports,4,7607.65,6,0
2024-02-17,West India,Sports,3,4806.98,4,0
2024-02-18,West India,Sports,4,5848.97,7,0
2024-02-19,West India,Sports,4,6227.66,6,0
2024-02-20,West India,Sports,2,3815.55,3,0
2024-02-21,West India,Sports,3,6447.58,4,0
2024-02-22,West India,Sports,4,6088.27,6,0
2024-02-23,West India,Sports,2,3419.34,3,0
2024-02-24,West India,Sports,4,8875.99,6,0
2024-02-25,West India,Sports,3,5053.29,4,0
2024-02-26,West India,Sports,5,6672.0,8,0
2024-02-27,West India,Sports,4,5548.61,7,0
2024-02-28,West India,Sports,1,2300.87,1,0
2024-02-29,West India,Sports,3,3498.41,5,0
2024-03-01,West India,Sports,5,8464.6,9,0
2024-03-02,West India,Sports,5,8416.77,7,0
2024-03-03,West India,Sports,3,5374.92,5,0
2024-03-04,West India,Sports,3,5601.84,5,0
2024-03-05,West India,Sports,2,2381.01,3,0
2024-03-06,West India,Sports,2,4515.83,3,0
2024-03-07,West India,Sports,5,7898.6,8,0
2024-03-08,West India,Sports,2,3755.91,3,0
2024-03-09,West India,Sports,3,5013.56,4,0
2024-03-10,West India,Sports,8,15445.31,14,0
2024-03-11,West India,Sports,2,3426.53,3,0
2024-03-12,West India,Sports,5,8743.63,9,0
2024-03-13,West India,Sports,4,9951.17,7,0
2024-03-14,West India,Sports,1,1811.31,1,0
2024-03-15,West India,Sports,1,1606.15,1,0
2024-03-16,West India,Sports,6,6880.22,9,0
2024-03-17,West India,Sports,5,7482.48,7,0
2024-03-18,West India,Sports,2,3113.49,3,0
2024-03-19,West India,Sports,1,1536.8,1,0
2024-03-20,West India,Sports,2,2698.61,3,0
2024-03-21,West India,Sports,4,7347.43,6,0
2024-03-22,West India,Sports,3,5178.72,4,0
2024-03-23,West India,Sports,4,3778.17,5,0
2024-03-24,West India,Sports,5,9573.74,8,0
2024-03-25,West India,Sports,1,1811.63,1,0
2024-03-26,West India,Sports,5,8734.14,7,0
2024-03-27,West India,Sports,2,4633.67,3,0
2024-03-28,West India,Sports,3,4805.89,4,0
2024-03-29,West India,Sports,1,1341.86,1,0
2024-03-30,West India,Sports,13,23479.5,20,1
2024-03-31,West India,Sports,9,12778.82,12,0
2024-04-01,West India,Sports,4,5051.8,6,0
2024-04-02,West India,Sports,4,9213.31,5,0
2024-04-03,West India,Sports,5,6573.66,7,0
2024-04-04,West India,Sports,1,1447.23,1,0
2024-04-05,West India,Sports,2,2775.14,2,0
2024-04-06,West India,Sports,6,11523.35,9,0
2024-04-07,West India,Sports,7,13868.04,11,0
2024-04-08,West India,Sports,2,4126.62,2,0
2024-04-09,West India,Sports,4,5961.44,5,0
2024-04-10,West India,Sports,5,8776.87,7,0
2024-04-11,West India,Sports,3,4932.03,4,0
2024-04-12,West India,Sports,5,9708.7,9,0
2024-04-13,West India,Sports,5,9132.11,8,0
2024-04-14,West India,Sports,5,11945.37,7,0
2024-04-15,West India,Sports,5,6702.46,9,0
2024-04-16,West India,Sports,1,1627.36,1,0
2024-04-17,West India,Sports,4,7633.22,7,0
2024-04-18,West India,Sports,4,4940.62,7,0
2024-04-19,West India,Sports,3,6427.78,5,0
2024-04-20,West India,Sports,2,2386.96,3,0
2024-04-21,West India,Sports,5,8204.77,9,0
2024-04-22,West India,Sports,4,6230.68,7,0
2024-04-23,West India,Sports,3,4097.65,4,0
2024-04-24,West India,Sports,5,9260.87,8,0
2024-04-25,West India,Sports,4,3833.33,7,0
2024-04-26,West India,Sports,3,5155.76,5,0
2024-04-27,West India,Sports,3,4009.25,4,0
2024-04-28,West India,Sports,2,2540.85,3,0
2024-04-29,West India,Sports,3,6017.77,5,0
2024-04-30,West India,Sports,3,3558.93,4,0
2024-05-01,West India,Sports,5,4410.06,8,0
2024-05-02,West India,Sports,3,4977.62,5,0
2024-05-03,West India,Sports,3,7067.7,4,0
2024-05-04,West India,Sports,1,1320.19,1,0
2024-05-05,West India,Sports,7,9270.3,12,0
2024-05-06,West India,Sports,2,2848.69,3,0
2024-05-07,West India,Sports,7,8137.17,12,0
2024-05-08,West India,Sports,3,5014.26,4,0
2024-05-09,West India,Sports,2,3369.37,3,0
2024-05-11,West India,Sports,3,3281.05,5,0
2024-05-12,West India,Sports,8,14848.95,12,0
2024-05-13,West India,Sports,2,4576.17,3,0
2024-05-14,West India,Sports,3,5423.7,5,0
2024-05-15,West India,Sports,5,7102.13,8,0
2024-05-16,West India,Sports,1,1460.17,1,0
2024-05-17,West India,Sports,4,5742.5,6,0
2024-05-18,West India,Sports,3,3840.73,5,0
2024-05-19,West India,Sports,2,3677.09,2,0
2024-05-20,West India,Sports,1,1257.54,1,0
2024-05-21,West India,Sports,4,6115.53,7,0
2024-05-22,West India,Sports,7,8608.41,11,0
2024-05-23,West India,Sports,2,2668.13,2,0
2024-05-24,West India,Sports,4,8639.66,6,0
2024-05-25,West India,Sports,4,6880.28,6,0
2024-05-26,West India,Sports,3,3236.98,5,0
2024-05-27,West India,Sports,2,3558.45,3,0
2024-05-28,West India,Sports,5,5788.53,8,0
2024-05-29,West India,Sports,3,4505.18,5,0
2024-05-30,West India,Sports,6,10447.3,9,0
2024-05-31,West India,Sports,9,21709.2,12,0
2024-06-01,West India,Sports,3,3756.72,4,0
2024-06-02,West India,Sports,2,3740.51,3,0
2024-06-04,West India,Sports,4,6363.79,7,0
2024-06-05,West India,Sports,3,4525.26,4,0
2024-06-06,West India,Sports,2,2525.76,3,0
2024-06-07,West India,Sports,4,6271.65,5,0
2024-06-08,West India,Sports,8,11740.62,14,0
2024-06-09,West India,Sports,7,14537.53,10,0
2024-06-10,West India,Sports,4,7412.81,7,0
2024-06-11,West India,Sports,8,13713.75,13,0
2024-06-12,West India,Sports,2,4047.57,3,0
2024-06-13,West India,Sports,8,12959.5,12,0
2024-06-14,West India,Sports,3,4009.13,4,0
2024-06-15,West India,Sports,9,22750.09,12,0
2024-06-16,West India,Sports,1,1260.8,1,0
2024-06-17,West India,Sports,5,8368.85,7,0
2024-06-18,West India,Sports,4,4787.48,7,0
2024-06-19,West India,Sports,5,9495.68,7,0
2024-06-20,West India,Sports,1,1462.12,1,0
2024-06-22,West India,Sports,4,7392.02,7,0
2024-06-23,West India,Sports,4,7820.27,6,0
2024-06-24,West India,Sports,3,5393.81,4,0
2024-06-25,West India,Sports,4,6313.11,7,0
2024-06-26,West India,Sports,4,6714.82,5,0
2024-06-27,West India,Sports,2,3039.69,3,0
2024-06-28,West India,Sports,4,6354.07,5,0
2024-06-29,West India,Sports,6,6322.7,8,0
2024-06-30,West India,Sports,9,15415.67,12,0
2024-07-01,West India,Sports,4,5780.79,5,0
2024-07-02,West India,Sports,2,4086.63,2,0
2024-07-03,West India,Sports,2,4013.7,3,0
2024-07-04,West India,Sports,6,8459.55,11,0
2024-07-05,West India,Sports,4,7574.9,6,0
2024-07-06,West India,Sports,5,11435.29,9,0
2024-07-07,West India,Sports,5,8428.73,9,0
2024-07-08,West India,Sports,3,5240.78,4,0
2024-07-09,West India,Sports,3,5759.0,4,0
2024-07-10,West India,Sports,5,5927.62,7,0
2024-07-11,West India,Sports,4,7169.53,5,0
2024-07-12,West India,Sports,1,1336.86,1,0
2024-07-13,West India,Sports,8,12798.36,12,0
2024-07-14,West India,Sports,1,1838.86,1,0
2024-07-15,West India,Sports,4,5476.49,7,0
2024-07-16,West India,Sports,5,8776.81,7,0
2024-07-17,West India,Sports,8,13293.37,12,0
2024-07-18,West India,Sports,3,3774.23,5,0
2024-07-19,West India,Sports,3,4340.27,4,0
2024-07-20,West India,Sports,5,6643.59,8,0
2024-07-21,West India,Sports,6,12442.43,8,0
2024-07-22,West India,Sports,2,2874.25,2,0
2024-07-23,West India,Sports,1,1697.28,1,0
2024-07-24,West India,Sports,4,7002.11,5,0
2024-07-25,West India,Sports,3,4509.85,5,0
2024-07-26,West India,Sports,6,6819.01,8,0
2024-07-27,West India,Sports,5,9860.33,8,0
2024-07-28,West India,Sports,6,12354.2,10,0
2024-07-29,West India,Sports,5,8175.62,9,0
2024-07-30,West India,Sports,3,3517.58,4,0
2024-07-31,West India,Sports,4,6552.07,6,0
2024-08-01,West India,Sports,6,12175.99,9,0
2024-08-02,West India,Sports,4,6779.9,6,0
2024-08-03,West India,Sports,4,7289.1,7,0
2024-08-04,West India,Sports,7,10357.22,10,0
2024-08-05,West India,Sports,1,1982.57,1,0
2024-08-06,West India,Sports,3,2693.8,5,0
2024-08-07,West India,Sports,2,3561.26,2,0
2024-08-08,West India,Sports,1,1134.98,1,0
2024-08-09,West India,Sports,3,1939.34,4,0
2024-08-10,West India,Sports,8,11243.14,13,0
2024-08-11,West India,Sports,3,7400.74,4,0
2024-08-12,West India,Sports,6,8158.12,9,0
2024-08-13,West India,Sports,2,3238.92,2,0
2024-08-14,West India,Sports,1,1565.4,1,0
2024-08-16,West India,Sports,3,4348.76,5,0
2024-08-17,West India,Sports,7,9871.33,10,0
2024-08-18,West India,Sports,3,6060.9,4,0
2024-08-19,West India,Sports,4,5224.16,5,0
2024-08-20,West India,Sports,2,2804.14,3,0
2024-08-21,West India,Sports,5,6567.93,7,0
2024-08-22,West India,Sports,4,8523.37,7,0
2024-08-23,West India,Sports,3,5299.19,5,0
2024-08-24,West India,Sports,4,6896.17,7,0
2024-08-25,West India,Sports,3,4549.53,4,0
2024-08-26,West India,Sports,3,5290.9,5,0
2024-08-27,West India,Sports,3,4579.31,5,0
2024-08-28,West India,Sports,3,3250.71,4,0
2024-08-29,West India,Sports,5,5970.84,9,0
2024-08-30,West India,Sports,6,11456.83,10,0
2024-08-31,West India,Sports,5,8437.6,7,0
2024-09-01,West India,Sports,7,9666.69,12,0
2024-09-02,West India,Sports,2,3848.11,3,0
2024-09-03,West India,Sports,3,5006.67,5,0
2024-09-04,West India,Sports,2,2225.22,2,0
2024-09-05,West India,Sports,7,11905.58,11,0
2024-09-06,West India,Sports,3,4070.94,4,0
2024-09-07,West India,Sports,8,20387.23,14,0
2024-09-08,West India,Sports,7,12654.95,13,0
2024-09-09,West India,Sports,4,6080.8,6,0
2024-09-10,West India,Sports,3,3984.19,4,0
2024-09-11,West India,Sports,5,8581.04,7,0
2024-09-12,West India,Sports,4,5861.44,5,0
2024-09-13,West India,Sports,4,6007.16,6,0
2024-09-14,West India,Sports,3,2938.37,4,0
2024-09-15,West India,Sports,3,3713.14,4,0
2024-09-16,West India,Sports,2,2987.57,2,0
2024-09-17,West India,Sports,2,2710.35,3,0
2024-09-18,West India,Sports,3,4551.7,4,0
2024-09-19,West India,Sports,2,2801.49,3,0
2024-09-21,West India,Sports,9,14448.77,13,0
2024-09-22,West India,Sports,10,19802.75,14,0
2024-09-23,West India,Sports,2,2543.2,3,0
2024-09-24,West India,Sports,3,4548.67,4,0
2024-09-25,West India,Sports,4,6350.23,5,0
2024-09-26,West India,Sports,3,3295.31,4,0
2024-09-27,West India,Sports,6,10281.35,11,0
2024-09-28,West India,Sports,3,5293.78,5,0
2024-09-29,West India,Sports,5,8461.06,7,0
2024-09-30,West India,Sports,8,13022.59,13,0
2024-10-01,West India,Sports,4,6536.64,7,0
2024-10-02,West India,Sports,3,4588.43,4,0
2024-10-03,West India,Sports,5,8015.66,8,0
2024-10-04,West India,Sports,12,17792.12,22,1
2024-10-05,West India,Sports,7,10338.38,12,0
2024-10-06,West India,Sports,4,7144.5,7,0
2024-10-07,West India,Sports,8,11037.49,14,0
2024-10-08,West India,Sports,5,8447.24,9,0
2024-10-09,West India,Sports,3,2880.59,4,0
2024-10-10,West India,Sports,7,10680.85,10,0
2024-10-11,West India,Sports,7,7972.31,12,0
2024-10-12,West India,Sports,9,14277.39,16,0
2024-10-13,West India,Sports,6,9257.87,8,0
2024-10-14,West India,Sports,4,5327.95,7,0
2024-10-15,West India,Sports,5,7620.88,8,0
2024-10-16,West India,Sports,6,7339.99,9,0
2024-10-17,West India,Sports,10,12623.01,14,0
2024-10-18,West India,Sports,7,11651.44,12,0
2024-10-19,West India,Sports,11,15364.61,18,0
2024-10-20,West India,Sports,5,9279.34,8,0
2024-10-21,West India,Sports,7,11844.05,12,0
2024-10-22,West India,Sports,4,5039.25,6,0
2024-10-23,West India,Sports,4,2367.95,6,0
2024-10-24,West India,Sports,8,16127.73,12,0
2024-10-25,West India,Sports,8,12911.68,15,0
2024-10-26,West India,Sports,10,18170.53,14,0
2024-10-27,West India,Sports,13,12845.41,21,0
2024-10-28,West India,Sports,12,21852.13,19,0
2024-10-29,West India,Sports,6,14619.36,9,0
2024-10-30,West India,Sports,7,11298.45,11,0
2024-10-31,West India,Sports,8,12290.06,12,0
2024-11-01,West India,Sports,2,2755.5,3,0
2024-11-02,West India,Sports,5,9644.59,8,0
2024-11-03,West India,Sports,13,24961.66,24,1
2024-11-04,West India,Sports,5,8153.75,8,0
2024-11-05,West India,Sports,8,6994.95,13,0
2024-11-06,West India,Sports,4,5225.2,7,0
2024-11-07,West India,Sports,6,9364.86,9,0
2024-11-08,West India,Sports,3,4517.56,4,0
2024-11-09,West India,Sports,8,13826.19,13,0
2024-11-10,West India,Sports,8,11186.54,14,0
2024-11-11,West India,Sports,3,3972.15,4,0
2024-11-12,West India,Sports,7,10398.64,12,0
2024-11-13,West India,Sports,6,9681.0,9,0
2024-11-14,West India,Sports,7,9888.04,13,0
2024-11-15,West India,Sports,3,4664.58,5,0
2024-11-16,West India,Sports,9,13541.1,17,0
2024-11-17,West India,Sports,10,16852.35,14,0
2024-11-18,West India,Sports,7,13004.69,12,0
2024-11-19,West India,Sports,9,10722.67,16,0
2024-11-20,West India,Sports,7,15903.61,10,0
2024-11-21,West India,Sports,10,22919.05,18,0
2024-11-22,West India,Sports,7,9871.17,9,0
2024-11-23,West India,Sports,10,10459.4,14,0
2024-11-24,West India,Sports,14,22107.54,21,0
2024-11-25,West India,Sports,5,4723.04,9,0
2024-11-26,West India,Sports,7,10345.19,12,0
2024-11-27,West India,Sports,8,8473.99,15,0
2024-11-28,West India,Sports,10,20052.66,18,1
2024-11-29,West India,Sports,11,12117.84,18,0
2024-11-30,West India,Sports,11,19725.31,15,0
2024-12-01,West India,Sports,7,18488.3,11,0
2024-12-02,West India,Sports,3,3112.99,5,0
2024-12-03,West India,Sports,6,8193.19,10,0
2024-12-04,West India,Sports,5,10615.51,8,0
2024-12-05,West India,Sports,2,3000.3,3,0
2024-12-06,West India,Sports,6,7211.97,8,0
2024-12-07,West India,Sports,7,9565.96,13,0
2024-12-08,West India,Sports,6,11926.38,10,0
2024-12-09,West India,Sports,2,2642.79,3,0
2024-12-10,West India,Sports,1,1527.88,1,0
2024-12-11,West India,Sports,2,3009.21,3,0
2024-12-12,West India,Sports,4,3422.82,6,0
2024-12-13,West India,Sports,6,7544.22,10,0
2024-12-14,West India,Sports,6,8664.18,9,0
2024-12-15,West India,Sports,3,4268.77,4,0
2024-12-16,West India,Sports,1,1666.68,1,0
2024-12-17,West India,Sports,7,14416.36,11,0
2024-12-18,West India,Sports,3,5021.4,4,0
2024-12-19,West India,Sports,1,1542.61,1,0
2024-12-20,West India,Sports,4,6278.74,5,0
2024-12-21,West India,Sports,6,11366.15,10,0
2024-12-22,West India,Sports,7,11568.87,12,0
2024-12-23,West India,Sports,1,2071.66,1,0
2024-12-24,West India,Sports,3,5683.78,4,0
2024-12-25,West India,Sports,4,8222.64,7,0
2024-12-26,West India,Sports,7,11246.96,12,0
2024-12-27,West India,Sports,2,3743.08,3,0
2024-12-28,West India,Sports,11,20530.75,20,0
2024-12-29,West India,Sports,4,6309.31,6,0
2024-12-30,West India,Sports,7,10576.67,9,0
2024-12-31,West India,Sports,7,6520.91,12,0
2025-01-01,West India,Sports,8,14043.47,13,0
2025-01-02,West India,Sports,5,9506.54,7,0
2025-01-03,West India,Sports,3,4296.18,5,0
2025-01-04,West India,Sports,10,13480.56,17,0
2025-01-05,West India,Sports,5,8027.89,8,0
2025-01-06,West India,Sports,5,7605.64,7,0
2025-01-07,West India,Sports,3,4372.79,5,0
2025-01-08,West India,Sports,5,9517.27,7,0
2025-01-09,West India,Sports,5,8640.15,7,0
2025-01-10,West India,Sports,6,10133.49,8,0
2025-01-11,West India,Sports,3,6205.15,5,0
2025-01-12,West India,Sports,7,9824.88,12,0
2025-01-13,West India,Sports,6,10624.53,9,0
2025-01-14,West India,Sports,7,9924.16,11,0
2025-01-15,West India,Sports,2,3830.61,3,0
2025-01-16,West India,Sports,2,2996.29,2,0
2025-01-17,West India,Sports,5,4159.46,7,0
2025-01-18,West India,Sports,3,4217.98,5,0
2025-01-19,West India,Sports,4,6274.38,6,0
2025-01-20,West India,Sports,3,4385.36,4,0
2025-01-21,West India,Sports,5,8244.61,7,0
2025-01-22,West India,Sports,4,9608.76,5,0
2025-01-23,West India,Sports,6,9785.6,10,0
2025-01-24,West India,Sports,7,9692.51,11,0
2025-01-25,West India,Sports,5,7799.08,7,0
2025-01-26,West India,Sports,4,8915.07,6,0
2025-01-27,West India,Sports,2,2563.51,3,0
2025-01-28,West India,Sports,14,18659.75,22,0
2025-01-29,West India,Sports,4,4483.21,7,0
2025-01-30,West India,Sports,2,1978.34,3,0
2025-01-31,West India,Sports,5,7972.97,8,0
2025-02-01,West India,Sports,3,4548.23,4,0
2025-02-02,West India,Sports,7,8325.8,10,0
2025-02-03,West India,Sports,5,9915.32,7,0
2025-02-04,West India,Sports,2,3616.93,3,0
2025-02-05,West India,Sports,5,7456.13,9,0
2025-02-06,West India,Sports,3,5991.83,4,0
2025-02-07,West India,Sports,3,4251.76,5,0
2025-02-08,West India,Sports,6,9031.47,11,0
2025-02-09,West India,Sports,4,5475.83,7,0
2025-02-10,West India,Sports,2,4545.49,3,0
2025-02-11,West India,Sports,6,9569.56,10,0
2025-02-12,West India,Sports,2,2648.68,3,0
2025-02-13,West India,Sports,2,3330.33,3,0
2025-02-14,West India,Sports,3,4026.34,5,0
2025-02-15,West India,Sports,3,4003.72,4,0
2025-02-16,West India,Sports,10,20112.34,17,0
2025-02-17,West India,Sports,9,13138.68,12,0
2025-02-18,West India,Sports,2,3441.36,3,0
2025-02-19,West India,Sports,4,6925.91,7,0
2025-02-20,West India,Sports,3,3298.08,5,0
2025-02-21,West India,Sports,1,1418.56,1,0
2025-02-22,West India,Sports,4,4922.01,6,0
2025-02-23,West India,Sports,6,9130.95,10,0
2025-02-24,West India,Sports,5,6409.11,8,0
2025-02-25,West India,Sports,2,2434.62,3,0
2025-02-26,West India,Sports,1,1825.07,1,0
2025-02-27,West India,Sports,7,12679.26,12,0
2025-02-28,West India,Sports,4,4516.92,6,0
2025-03-01,West India,Sports,2,3108.31,3,0
2025-03-02,West India,Sports,9,12212.81,13,0
2025-03-03,West India,Sports,1,2031.8,1,0
2025-03-04,West India,Sports,4,7807.88,7,0
2025-03-05,West India,Sports,3,3871.04,5,0
2025-03-06,West India,Sports,4,7731.69,7,0
2025-03-07,West India,Sports,3,4767.36,5,0
2025-03-08,West India,Sports,5,5775.18,9,0
2025-03-09,West India,Sports,7,10480.76,10,0
2025-03-10,West India,Sports,1,1638.34,1,0
2025-03-11,West India,Sports,3,5794.11,5,0
2025-03-12,West India,Sports,3,4078.46,5,0
2025-03-13,West India,Sports,2,2694.36,3,0
2025-03-14,West India,Sports,6,11734.29,8,0
2025-03-15,West India,Sports,3,5382.95,5,0
2025-03-16,West India,Sports,6,10280.35,9,0
2025-03-17,West India,Sports,2,2907.02,3,0
2025-03-18,West India,Sports,2,3728.46,3,0
2025-03-19,West India,Sports,3,4394.56,4,0
2025-03-20,West India,Sports,3,5004.63,5,0
2025-03-21,West India,Sports,5,10172.46,7,0
2025-03-22,West India,Sports,7,8170.26,12,0
2025-03-23,West India,Sports,3,3714.12,5,0
2025-03-24,West India,Sports,3,6892.22,4,0
2025-03-25,West India,Sports,2,2696.79,3,0
2025-03-26,West India,Sports,4,6296.03,6,0
2025-03-27,West India,Sports,3,3367.17,5,0
2025-03-29,West India,Sports,7,11873.33,12,0
2025-03-30,West India,Sports,7,13782.55,11,0
2025-03-31,West India,Sports,4,6407.85,6,0
2025-04-01,West India,Sports,2,2311.2,3,0
2025-04-02,West India,Sports,3,3966.84,4,0
2025-04-03,West India,Sports,2,2718.95,3,0
2025-04-04,West India,Sports,4,6585.19,7,0
2025-04-05,West India,Sports,5,8676.01,9,0
2025-04-06,West India,Sports,7,11989.89,12,0
2025-04-08,West India,Sports,5,6284.95,9,0
2025-04-09,West India,Sports,3,6090.79,4,0
2025-04-10,West India,Sports,3,3425.61,4,0
2025-04-11,West India,Sports,3,5605.2,5,0
2025-04-12,West India,Sports,5,7913.36,8,0
2025-04-13,West India,Sports,6,9549.56,11,0
2025-04-14,West India,Sports,1,1448.94,1,0
2025-04-15,West India,Sports,6,9735.33,8,0
2025-04-16,West India,Sports,4,7144.79,6,0
2025-04-17,West India,Sports,3,4825.01,4,0
2025-04-18,West India,Sports,2,2634.57,2,0
2025-04-19,West India,Sports,4,6108.39,7,0
2025-04-20,West India,Sports,8,15729.9,11,0
2025-04-21,West India,Sports,3,7395.01,5,0
2025-04-22,West India,Sports,3,5292.48,5,0
2025-04-23,West India,Sports,3,4783.14,4,0
2025-04-24,West India,Sports,8,11845.37,14,0
2025-04-25,West India,Sports,3,4746.73,5,0
2025-04-26,West India,Sports,7,10632.55,10,0
2025-04-27,West India,Sports,3,3816.42,5,0
2025-04-28,West India,Sports,12,18243.57,21,0
2025-04-29,West India,Sports,5,9310.38,7,0
2025-04-30,West India,Sports,7,9920.98,10,0
2025-05-01,West India,Sports,3,5087.84,5,0
2025-05-02,West India,Sports,4,4808.83,6,0
2025-05-03,West India,Sports,7,12221.37,12,0
2025-05-04,West India,Sports,1,1175.93,1,0
2025-05-05,West India,Sports,5,7993.22,7,0
2025-05-06,West India,Sports,2,3288.12,3,0
2025-05-07,West India,Sports,6,9802.44,9,0
2025-05-08,West India,Sports,7,10096.69,12,0
2025-05-10,West India,Sports,8,13252.06,13,0
2025-05-11,West India,Sports,2,3144.56,2,0
2025-05-12,West India,Sports,5,8302.55,8,0
2025-05-13,West India,Sports,3,6213.14,5,0
2025-05-14,West India,Sports,3,5123.29,4,0
2025-05-15,West India,Sports,1,1432.58,1,0
2025-05-16,West India,Sports,10,12323.15,18,0
2025-05-17,West India,Sports,4,5948.1,7,0
2025-05-18,West India,Sports,5,8191.13,7,0
2025-05-19,West India,Sports,2,3413.7,3,0
2025-05-20,West India,Sports,2,2723.34,2,0
2025-05-21,West India,Sports,2,3552.81,2,0
2025-05-22,West India,Sports,1,1308.72,1,0
2025-05-23,West India,Sports,3,6355.57,4,0
2025-05-24,West India,Sports,8,9071.06,13,0
2025-05-25,West India,Sports,7,11008.12,11,0
2025-05-26,West India,Sports,7,8108.73,10,0
2025-05-27,West India,Sports,1,1536.44,1,0
2025-05-28,West India,Sports,5,6627.25,9,0
2025-05-29,West India,Sports,5,8110.63,9,0
2025-05-30,West India,Sports,7,6691.74,11,0
2025-05-31,West India,Sports,7,8937.97,10,0
2025-06-01,West India,Sports,4,8033.09,6,0
2025-06-02,West India,Sports,2,3325.56,3,0
2025-06-03,West India,Sports,1,2111.49,1,0
2025-06-04,West India,Sports,3,4121.34,4,0
2025-06-05,West India,Sports,6,5568.97,10,0
2025-06-06,West India,Sports,5,10124.62,8,0
2025-06-07,West India,Sports,6,9179.66,10,0
2025-06-08,West India,Sports,4,8083.87,6,0
2025-06-09,West India,Sports,6,9179.79,8,0
2025-06-10,West India,Sports,2,3628.54,3,0
2025-06-11,West India,Sports,6,8896.31,9,0
2025-06-12,West India,Sports,5,5801.39,7,0
2025-06-13,West India,Sports,3,4525.02,5,0
2025-06-14,West India,Sports,5,8506.5,7,0
2025-06-15,West India,Sports,5,7528.15,8,0
2025-06-16,West India,Sports,3,3200.82,5,0
2025-06-17,West India,Sports,6,12153.87,9,0
2025-06-18,West India,Sports,5,6089.04,7,0
2025-06-19,West India,Sports,7,13166.85,10,0
2025-06-20,West India,Sports,6,7080.7,11,0
2025-06-21,West India,Sports,5,8955.01,7,0
2025-06-22,West India,Sports,5,7832.8,8,0
2025-06-23,West India,Sports,1,1456.63,1,0
2025-06-25,West India,Sports,3,5403.57,4,0
2025-06-26,West India,Sports,4,7694.78,7,0
2025-06-27,West India,Sports,4,7785.28,7,0
2025-06-28,West India,Sports,7,9824.24,11,0
2025-06-29,West India,Sports,9,13584.97,14,0
2025-06-30,West India,Sports,1,1509.44,1,0
2025-07-01,West India,Sports,2,3412.84,2,0
2025-07-02,West India,Sports,6,9131.73,9,0
2025-07-03,West India,Sports,7,8889.3,12,0
2025-07-04,West India,Sports,8,16602.23,13,0
2025-07-05,West India,Sports,5,8607.82,7,0
2025-07-06,West India,Sports,8,10518.65,13,0
2025-07-08,West India,Sports,4,5303.18,6,0
2025-07-09,West India,Sports,7,9851.27,13,0
2025-07-10,West India,Sports,3,5517.45,4,0
2025-07-11,West India,Sports,2,2800.76,3,0
2025-07-12,West India,Sports,4,5950.17,5,0
2025-07-13,West India,Sports,4,6644.33,6,0
2025-07-14,West India,Sports,3,4295.1,5,0
2025-07-15,West India,Sports,4,6185.81,7,0
2025-07-16,West India,Sports,6,9611.15,10,0
2025-07-17,West India,Sports,6,11271.98,9,0
2025-07-18,West India,Sports,1,1876.81,1,0
2025-07-19,West India,Sports,6,9903.91,8,0
2025-07-20,West India,Sports,2,2759.38,2,0
2025-07-21,West India,Sports,4,5768.51,7,0
2025-07-22,West India,Sports,5,6605.27,7,0
2025-07-23,West India,Sports,6,7743.3,9,0
2025-07-24,West India,Sports,7,10348.6,11,0
2025-07-25,West India,Sports,5,7162.9,8,0
2025-07-26,West India,Sports,8,15752.27,15,0
2025-07-27,West India,Sports,7,12122.21,10,0
2025-07-28,West India,Sports,8,13281.12,12,0
2025-07-29,West India,Sports,3,4390.33,4,0
2025-07-30,West India,Sports,6,9040.3,10,0
2025-07-31,West India,Sports,6,6945.06,8,0
2025-08-01,West India,Sports,5,9680.45,8,0
2025-08-02,West India,Sports,7,10407.75,10,0
2025-08-03,West India,Sports,6,10405.09,10,0
2025-08-04,West India,Sports,1,1575.29,1,0
2025-08-05,West India,Sports,4,5345.96,6,0
2025-08-06,West India,Sports,7,12693.48,10,0
2025-08-07,West India,Sports,4,6052.86,7,0
2025-08-08,West India,Sports,5,7768.26,8,0
2025-08-09,West India,Sports,5,6730.29,7,0
2025-08-10,West India,Sports,8,9401.66,13,0
2025-08-11,West India,Sports,2,3430.92,3,0
2025-08-12,West India,Sports,2,2931.78,3,0
2025-08-13,West India,Sports,3,5489.8,5,0
2025-08-14,West India,Sports,5,8331.44,7,0
2025-08-15,West India,Sports,5,7277.92,9,0
2025-08-16,West India,Sports,9,9682.71,14,0
2025-08-17,West India,Sports,9,12203.22,14,0
2025-08-18,West India,Sports,4,8038.25,6,0
2025-08-19,West India,Sports,7,15041.54,11,0
2025-08-20,West India,Sports,4,6384.71,6,0
2025-08-21,West India,Sports,3,3762.74,5,0
2025-08-22,West India,Sports,1,1215.41,1,0
2025-08-23,West India,Sports,8,12926.52,12,0
2025-08-24,West India,Sports,12,12688.03,17,0
2025-08-25,West India,Sports,4,5140.79,5,0
2025-08-26,West India,Sports,5,6844.84,7,0
2025-08-27,West India,Sports,3,4493.52,4,0
2025-08-28,West India,Sports,3,4811.34,4,0
2025-08-29,West India,Sports,2,2488.5,3,0
2025-08-30,West India,Sports,6,10085.21,10,0
2025-08-31,West India,Sports,7,13362.57,12,0
2025-09-01,West India,Sports,5,7251.48,8,0
2025-09-02,West India,Sports,5,8175.6,8,0
2025-09-03,West India,Sports,3,4552.06,5,0
2025-09-04,West India,Sports,5,8132.3,7,0
2025-09-05,West India,Sports,1,1453.3,1,0
2025-09-06,West India,Sports,3,4241.29,4,0
2025-09-07,West India,Sports,4,7358.08,7,0
2025-09-08,West India,Sports,6,8994.69,10,0
2025-09-09,West India,Sports,5,8603.54,9,0
2025-09-10,West India,Sports,3,2830.56,5,0
2025-09-11,West India,Sports,2,3083.11,3,0
2025-09-12,West India,Sports,6,11136.88,10,0
2025-09-13,West India,Sports,3,5663.02,5,0
2025-09-14,West India,Sports,5,9003.61,8,0
2025-09-15,West India,Sports,4,5633.55,6,0
2025-09-16,West India,Sports,8,10610.43,11,0
2025-09-17,West India,Sports,7,12123.23,11,0
2025-09-18,West India,Sports,4,4762.0,6,0
2025-09-19,West India,Sports,4,9265.91,6,0
2025-09-20,West India,Sports,3,3839.1,4,0
2025-09-21,West India,Sports,2,2610.33,2,0
2025-09-22,West India,Sports,8,10371.59,11,0
2025-09-23,West India,Sports,2,3210.5,3,0
2025-09-24,West India,Sports,1,1602.29,1,0
2025-09-25,West India,Sports,7,14441.58,12,0
2025-09-26,West India,Sports,3,4559.82,4,0
2025-09-27,West India,Sports,4,7541.07,7,0
2025-09-28,West India,Sports,6,7999.21,10,0
2025-09-29,West India,Sports,3,4020.86,5,0
2025-09-30,West India,Sports,6,9024.28,9,0
2025-10-01,West India,Sports,7,6133.56,12,0
2025-10-02,West India,Sports,8,17271.44,13,0
2025-10-03,West India,Sports,4,6665.58,6,0
2025-10-04,West India,Sports,10,19133.83,17,0
2025-10-05,West India,Sports,12,17662.68,22,1
2025-10-06,West India,Sports,5,7860.83,7,0
2025-10-07,West India,Sports,6,10593.59,9,0
2025-10-08,West India,Sports,8,12201.15,14,0
2025-10-09,West India,Sports,1,2303.48,1,0
2025-10-10,West India,Sports,10,17318.85,15,0
2025-10-11,West India,Sports,13,14848.44,24,0
2025-10-12,West India,Sports,8,19683.6,12,0
2025-10-13,West India,Sports,9,9224.34,15,0
2025-10-14,West India,Sports,8,9638.38,14,0
2025-10-15,West India,Sports,2,4019.35,3,0
2025-10-16,West India,Sports,8,15974.38,14,0
2025-10-17,West India,Sports,6,11663.51,8,0
2025-10-18,West India,Sports,15,22838.64,22,0
2025-10-19,West India,Sports,14,20963.18,26,0
2025-10-20,West India,Sports,3,5389.12,4,0
2025-10-21,West India,Sports,5,10532.78,7,0
2025-10-22,West India,Sports,8,14054.53,15,0
2025-10-23,West India,Sports,9,21863.47,14,0
2025-10-24,West India,Sports,8,12835.97,13,0
2025-10-25,West India,Sports,9,15038.03,15,0
2025-10-26,West India,Sports,7,11783.8,12,0
2025-10-27,West India,Sports,7,14092.4,12,0
2025-10-28,West India,Sports,8,13752.58,13,0
2025-10-29,West India,Sports,22,36793.54,31,0
2025-10-30,West India,Sports,11,14639.74,17,0
2025-10-31,West India,Sports,8,7464.42,13,0
2025-11-01,West India,Sports,9,15462.69,13,0
2025-11-02,West India,Sports,7,10799.8,10,0
2025-11-03,West India,Sports,4,3622.46,6,0
2025-11-04,West India,Sports,6,6425.92,9,0
2025-11-05,West India,Sports,9,14351.45,13,0
2025-11-06,West India,Sports,7,13337.89,11,0
2025-11-07,West India,Sports,7,11735.09,9,0
2025-11-08,West India,Sports,13,26182.19,23,0
2025-11-09,West India,Sports,12,16755.1,21,0
2025-11-10,West India,Sports,7,10222.12,11,0
2025-11-11,West India,Sports,8,12904.83,14,0
2025-11-12,West India,Sports,10,16270.83,18,0
2025-11-13,West India,Sports,1,1184.97,1,0
2025-11-14,West India,Sports,10,20122.83,15,0
2025-11-15,West India,Sports,15,28166.59,26,1
2025-11-16,West India,Sports,10,13769.46,14,0
2025-11-17,West India,Sports,6,7708.31,9,0
2025-11-18,West India,Sports,7,11298.13,10,0
2025-11-19,West India,Sports,10,19197.5,14,0
2025-11-20,West India,Sports,4,7647.23,6,0
2025-11-21,West India,Sports,11,17201.47,16,0
2025-11-22,West India,Sports,13,19638.5,24,0
2025-11-23,West India,Sports,9,18676.8,13,0
2025-11-24,West India,Sports,9,19237.54,13,0
2025-11-25,West India,Sports,8,11121.54,13,0
2025-11-26,West India,Sports,5,7829.79,7,0
2025-11-27,West India,Sports,7,9220.0,10,0
2025-11-28,West India,Sports,10,12790.05,17,0
2025-11-29,West India,Sports,11,16937.62,19,0
2025-11-30,West India,Sports,13,26668.17,23,0
2025-12-01,West India,Sports,6,6777.11,10,0
2025-12-02,West India,Sports,3,6417.29,4,0
2025-12-03,West India,Sports,3,4763.61,4,0
2025-12-04,West India,Sports,8,12351.63,14,0
2025-12-05,West India,Sports,1,1977.48,1,0
2025-12-06,West India,Sports,4,7101.04,6,0
2025-12-07,West India,Sports,1,2733.34,1,0
2025-12-08,West India,Sports,4,6872.5,6,0
2025-12-09,West India,Sports,4,5905.48,6,0
2025-12-10,West India,Sports,6,10480.2,9,0
2025-12-11,West India,Sports,8,11145.25,11,0
2025-12-12,West India,Sports,4,5808.44,5,0
2025-12-13,West India,Sports,5,7674.14,7,0
2025-12-14,West India,Sports,4,3538.63,6,0
2025-12-15,West India,Sports,2,3405.66,3,0
2025-12-16,West India,Sports,4,6820.3,7,0
2025-12-17,West India,Sports,4,5930.72,7,0
2025-12-18,West India,Sports,4,3916.97,6,0
2025-12-19,West India,Sports,2,2676.25,3,0
2025-12-20,West India,Sports,5,5297.94,7,0
2025-12-21,West India,Sports,7,11133.36,12,0
2025-12-22,West India,Sports,5,7885.78,9,0
2025-12-23,West India,Sports,5,6821.67,9,0
2025-12-24,West India,Sports,4,7893.12,5,0
2025-12-25,West India,Sports,3,5899.94,4,0
2025-12-26,West India,Sports,4,6762.66,6,0
2025-12-27,West India,Sports,1,1350.07,1,0
2025-12-28,West India,Sports,9,17711.21,13,0
2025-12-29,West India,Sports,5,10271.37,9,0
2025-12-30,West India,Sports,6,6542.28,9,0
2025-12-31,West India,Sports,6,8324.11,10,0
